-2E-05,0
-2E-05,1
-2.1E-05,2
-2.1E-05,3
-2.1E-05,4
-2.1E-05,5
-2.1E-05,6
-2.1E-05,7
-2.1E-05,8
-2.1E-05,9
-2.1E-05,10
-2.1E-05,11
-2.1E-05,12
-2.1E-05,13
-2.1E-05,14
-2.1E-05,15
-2.1E-05,16
-2.1E-05,17
-2.1E-05,18
-2.1E-05,19
-2.1E-05,20
-2.1E-05,21
-2.1E-05,22
-2.1E-05,23
-2.1E-05,24
-2.1E-05,25
-2.2E-05,26
-2.1E-05,27
-2.1E-05,28
-2.1E-05,29
-2.1E-05,30
-2.1E-05,31
-2E-05,32
-2.1E-05,33
-2.1E-05,34
-2E-05,35
-2E-05,36
-2E-05,37
-2E-05,38
-2.1E-05,39
-2.1E-05,40
-2.1E-05,41
-2.1E-05,42
-2.1E-05,43
-2E-05,44
-2E-05,45
-2E-05,46
-2E-05,47
-2E-05,48
-2E-05,49
-2.1E-05,50
-2.1E-05,51
-2.1E-05,52
-2.1E-05,53
-2E-05,54
-1.9E-05,55
-1.9E-05,56
-1.8E-05,57
-2.2E-05,58
-2.2E-05,59
-2.2E-05,60
-2.1E-05,61
-2.1E-05,62
-2E-05,63
-1.8E-05,64
-1.7E-05,65
-1.7E-05,66
-1.9E-05,67
-2E-05,68
-2.1E-05,69
-2.1E-05,70
-1.8E-05,71
-1.8E-05,72
-1.5E-05,73
-1.5E-05,74
-1.8E-05,75
-1.9E-05,76
-2.4E-05,77
-2.1E-05,78
-1.9E-05,79
-1.3E-05,80
-1.3E-05,81
-1.5E-05,82
-1.5E-05,83
-1.7E-05,84
-1.7E-05,85
-2.2E-05,86
-2.2E-05,87
-1.9E-05,88
-1.5E-05,89
-1E-05,90
-1.1E-05,91
-1.5E-05,92
-1.6E-05,93
-1.8E-05,94
-2E-05,95
-2E-05,96
-1.8E-05,97
-1.5E-05,98
-1.2E-05,99
-1.3E-05,100
-1.4E-05,101
-1.8E-05,102
-1.9E-05,103
-2E-05,104
-1.7E-05,105
-1.7E-05,106
-1.3E-05,107
-1.3E-05,108
-1.4E-05,109
-1.5E-05,110
-1.8E-05,111
-1.7E-05,112
-1.4E-05,113
-1.4E-05,114
-1.4E-05,115
-1.3E-05,116
-1.7E-05,117
-1.8E-05,118
-1.8E-05,119
-1.3E-05,120
-1.3E-05,121
-1.4E-05,122
-1.4E-05,123
-1.5E-05,124
-1.7E-05,125
-1.9E-05,126
-1.7E-05,127
-1.7E-05,128
-1.5E-05,129
-1.5E-05,130
-1.6E-05,131
-1.6E-05,132
-1.7E-05,133
-1.8E-05,134
-1.7E-05,135
-1.6E-05,136
-1.6E-05,137
-1.6E-05,138
-1.6E-05,139
-1.5E-05,140
-1.7E-05,141
-1.7E-05,142
-1.6E-05,143
-1.5E-05,144
-1.6E-05,145
-1.5E-05,146
-1.5E-05,147
-1.5E-05,148
-1.5E-05,149
-1.5E-05,150
-1.5E-05,151
-1.4E-05,152
-1.5E-05,153
-1.5E-05,154
-1.3E-05,155
-1.3E-05,156
-1.4E-05,157
-1.3E-05,158
-1.2E-05,159
-1.3E-05,160
-1.3E-05,161
-1.3E-05,162
-1.2E-05,163
-1E-05,164
-1E-05,165
-1.1E-05,166
-1E-05,167
-1.1E-05,168
-1.1E-05,169
-1E-05,170
-9E-06,171
-9E-06,172
-8E-06,173
-8E-06,174
-8E-06,175
-8E-06,176
-5E-06,177
-5E-06,178
-5E-06,179
-5E-06,180
-5E-06,181
-6E-06,182
-4E-06,183
-4E-06,184
-4E-06,185
-4E-06,186
-2E-06,187
-2E-06,188
-2E-06,189
-2E-06,190
-2E-06,191
2E-06,192
2E-06,193
2E-06,194
2E-06,195
2E-06,196
2E-06,197
2E-06,198
1E-06,199
3E-06,200
3E-06,201
2E-06,202
2E-06,203
-1E-06,204
-1E-06,205
3E-06,206
4E-06,207
1E-06,208
1E-06,209
2E-06,210
3E-06,211
3E-06,212
6E-06,213
1E-06,214
1E-06,215
2E-06,216
4E-06,217
-1E-06,218
2E-06,219
2E-06,220
4E-06,221
7E-06,222
1E-06,223
1E-06,224
2E-06,225
4E-06,226
6E-06,227
1E-06,228
1E-06,229
2E-06,230
3E-06,231
-1E-06,232
-1E-06,233
1E-06,234
2E-06,235
2E-06,236
2E-06,237
2E-06,238
2E-06,239
1E-06,240
1E-06,241
1E-06,242
1E-06,243
-1E-06,244
-1E-06,245
1E-06,246
1E-06,247
1E-06,248
1E-06,249
2E-06,250
-6E-05,251
-6E-05,252
-6.2E-05,253
-6.2E-05,254
-6.2E-05,255
-6.1E-05,256
-6E-05,257
-6.1E-05,258
-6.1E-05,259
-6E-05,260
-6E-05,261
-6E-05,262
-6.3E-05,263
-6.2E-05,264
-6.2E-05,265
-6E-05,266
-5.9E-05,267
-6.1E-05,268
-6.1E-05,269
-6.1E-05,270
-6.1E-05,271
-6.4E-05,272
-6.3E-05,273
-6.1E-05,274
-6E-05,275
-6E-05,276
-6.2E-05,277
-6.2E-05,278
-6.2E-05,279
-6.2E-05,280
-6.4E-05,281
-6.2E-05,282
-6.3E-05,283
-6.3E-05,284
-6.1E-05,285
-6.1E-05,286
-6.3E-05,287
-6.3E-05,288
-6.2E-05,289
-6.2E-05,290
-6.2E-05,291
-6.3E-05,292
-6.3E-05,293
-6.3E-05,294
-6.3E-05,295
-6.4E-05,296
-6.3E-05,297
-6.1E-05,298
-6.4E-05,299
-6.4E-05,300
-6.1E-05,301
-6.2E-05,302
-6.4E-05,303
-6.4E-05,304
-6.4E-05,305
-6.2E-05,306
-6.2E-05,307
-6.4E-05,308
-6.4E-05,309
-6.3E-05,310
-6.3E-05,311
-0.000123,312
-0.000587,313
-0.001634,314
-0.003192,315
-0.005078,316
-0.00712,317
-0.009292,318
-0.011909,319
-0.015341,320
-0.023133,321
-0.023133,322
-0.027631,323
-0.032492,324
-0.037751,325
-0.043322,326
-0.049227,327
-0.055479,328
-0.062026,329
-0.068876,330
-0.076025,331
-0.083518,332
-0.091325,333
-0.099421,334
-0.107798,335
-0.116458,336
-0.125353,337
-0.134506,338
-0.143928,339
-0.15363,340
-0.163524,341
-0.17363,342
-0.183956,343
-0.194507,344
-0.205325,345
-0.226636,346
-0.226636,347
-0.236936,348
-0.247021,349
-0.256898,350
-0.266577,351
-0.275968,352
-0.28509,353
-0.293972,354
-0.302461,355
-0.310652,356
-0.318538,357
-0.326063,358
-0.333186,359
-0.340016,360
-0.340016,361
-0.346536,362
-0.35861,363
-0.364074,364
-0.369157,365
-0.373852,366
-0.378242,367
-0.382151,368
-0.385845,369
-0.389048,370
-0.391425,371
-0.393462,372
-0.395304,373
-0.395304,374
-0.39831,375
-0.399292,376
-0.399829,377
-0.399943,378
-0.399945,379
-0.399944,380
-0.399945,381
-0.399944,382
-0.399943,383
-0.399944,384
-0.399944,385
-0.399944,386
-0.399942,387
-0.399942,388
-0.399946,389
-0.399947,390
-0.399947,391
-0.399948,392
-0.399946,393
-0.399943,394
-0.39994,395
-0.39994,396
-0.399941,397
-0.399941,398
-0.399939,399
-0.399941,400
-0.399941,401
-0.399942,402
-0.399942,403
-0.39994,404
-0.399941,405
-0.399942,406
-0.399942,407
-0.399939,408
-0.39994,409
-0.39994,410
-0.39994,411
-0.399942,412
-0.399943,413
-0.399942,414
-0.399944,415
-0.399942,416
-0.399939,417
-0.399937,418
-0.399936,419
-0.399938,420
-0.399941,421
-0.399944,422
-0.399945,423
-0.399945,424
-0.399943,425
-0.399939,426
-0.399937,427
-0.399937,428
-0.39994,429
-0.399944,430
-0.399945,431
-0.399944,432
-0.399944,433
-0.399941,434
-0.399938,435
-0.399938,436
-0.399942,437
-0.399943,438
-0.399943,439
-0.399943,440
-0.399945,441
-0.399943,442
-0.399941,443
-0.399939,444
-0.399937,445
-0.399939,446
-0.39994,447
-0.399943,448
-0.399942,449
-0.399942,450
-0.399942,451
-0.399939,452
-0.39994,453
-0.39994,454
-0.39994,455
-0.399941,456
-0.399946,457
-0.399946,458
-0.399946,459
-0.399946,460
-0.399944,461
-0.399942,462
-0.399941,463
-0.399944,464
-0.399944,465
-0.399945,466
-0.399946,467
-0.399945,468
-0.399944,469
-0.399942,470
-0.39994,471
-0.399941,472
-0.399941,473
-0.399941,474
-0.399941,475
-0.399941,476
-0.399942,477
-0.399942,478
-0.399941,479
-0.399941,480
-0.39994,481
-0.399942,482
-0.399944,483
-0.399944,484
-0.399941,485
-0.399941,486
-0.399942,487
-0.399939,488
-0.39994,489
-0.399943,490
-0.399946,491
-0.399948,492
-0.399947,493
-0.399942,494
-0.399939,495
-0.399937,496
-0.399939,497
-0.399942,498
-0.399945,499
-0.399945,500
-0.399943,501
-0.399943,502
-0.399942,503
-0.399942,504
-0.399941,505
-0.39994,506
-0.399942,507
-0.399942,508
-0.399941,509
-0.399941,510
-0.399942,511
-0.39994,512
-0.399938,513
-0.399938,514
-0.399936,515
-0.399939,516
-0.399943,517
-0.399943,518
-0.39994,519
-0.39994,520
-0.399938,521
-0.399937,522
-0.399937,523
-0.399938,524
-0.399942,525
-0.399944,526
-0.399944,527
-0.39994,528
-0.399939,529
-0.399937,530
-0.399939,531
-0.399942,532
-0.39994,533
-0.39994,534
-0.39994,535
-0.399939,536
-0.399939,537
-0.399938,538
-0.399938,539
-0.399939,540
-0.39994,541
-0.399941,542
-0.39994,543
-0.399939,544
-0.399938,545
-0.399938,546
-0.399939,547
-0.399939,548
-0.399938,549
-0.39994,550
-0.399942,551
-0.39994,552
-0.39994,553
-0.399938,554
-0.399937,555
-0.399937,556
-0.399937,557
-0.399938,558
-0.399942,559
-0.399942,560
-0.39994,561
-0.399938,562
-0.399938,563
-0.399937,564
-0.399936,565
-0.399936,566
-0.399939,567
-0.399942,568
-0.399943,569
-0.399943,570
-0.399942,571
-0.399939,572
-0.399936,573
-0.399934,574
-0.399935,575
-0.399937,576
-0.399937,577
-0.399939,578
-0.399941,579
-0.399942,580
-0.39994,581
-0.399938,582
-0.399939,583
-0.399939,584
-0.39994,585
-0.39994,586
-0.39994,587
-0.39994,588
-0.399941,589
-0.399941,590
-0.39994,591
-0.399939,592
-0.399939,593
-0.399939,594
-0.399941,595
-0.399942,596
-0.399942,597
-0.399943,598
-0.399946,599
-0.399945,600
-0.399941,601
-0.39994,602
-0.39994,603
-0.39994,604
-0.39994,605
-0.399941,606
-0.399944,607
-0.399944,608
-0.399943,609
-0.399943,610
-0.399944,611
-0.399944,612
-0.399941,613
-0.399942,614
-0.399943,615
-0.399943,616
-0.399943,617
-0.399942,618
-0.399945,619
-0.399945,620
-0.399944,621
-0.399943,622
-0.399942,623
-0.399944,624
-0.399944,625
-0.399945,626
-0.399946,627
-0.399945,628
-0.399944,629
-0.399943,630
-0.399942,631
-0.399942,632
-0.399941,633
-0.399945,634
-0.399945,635
-0.399944,636
-0.399944,637
-0.399944,638
-0.399944,639
-0.399943,640
-0.399942,641
-0.399944,642
-0.399944,643
-0.399944,644
-0.399944,645
-0.399944,646
-0.399944,647
-0.399943,648
-0.399942,649
-0.399943,650
-0.399943,651
-0.399943,652
-0.399944,653
-0.399945,654
-0.399945,655
-0.399944,656
-0.399943,657
-0.399943,658
-0.399943,659
-0.399943,660
-0.399944,661
-0.399945,662
-0.399945,663
-0.399944,664
-0.399944,665
-0.399942,666
-0.39994,667
-0.39994,668
-0.39994,669
-0.399943,670
-0.399943,671
-0.399943,672
-0.399944,673
-0.399943,674
-0.399942,675
-0.399943,676
-0.399943,677
-0.399942,678
-0.399942,679
-0.399942,680
-0.399943,681
-0.399942,682
-0.399941,683
-0.399941,684
-0.399941,685
-0.399942,686
-0.399942,687
-0.399943,688
-0.399944,689
-0.399944,690
-0.399944,691
-0.399943,692
-0.399942,693
-0.399942,694
-0.399941,695
-0.399943,696
-0.399943,697
-0.399943,698
-0.399943,699
-0.399943,700
-0.399942,701
-0.399941,702
-0.399939,703
-0.399939,704
-0.399939,705
-0.399939,706
-0.399941,707
-0.399943,708
-0.399943,709
-0.399943,710
-0.399941,711
-0.399941,712
-0.399941,713
-0.399941,714
-0.399943,715
-0.399944,716
-0.399945,717
-0.399945,718
-0.399944,719
-0.399944,720
-0.399942,721
-0.399941,722
-0.399942,723
-0.399943,724
-0.399944,725
-0.399944,726
-0.399943,727
-0.399942,728
-0.399941,729
-0.399942,730
-0.399945,731
-0.399945,732
-0.399942,733
-0.399942,734
-0.39994,735
-0.39994,736
-0.39994,737
-0.399941,738
-0.399943,739
-0.399945,740
-0.399944,741
-0.399943,742
-0.399942,743
-0.399941,744
-0.399941,745
-0.399942,746
-0.399942,747
-0.399943,748
-0.399944,749
-0.399944,750
-0.399943,751
-0.399941,752
-0.39994,753
-0.39994,754
-0.39994,755
-0.399941,756
-0.399943,757
-0.399945,758
-0.399945,759
-0.399944,760
-0.399943,761
-0.399942,762
-0.399942,763
-0.399943,764
-0.399944,765
-0.399944,766
-0.399942,767
-0.399942,768
-0.399941,769
-0.399941,770
-0.399941,771
-0.399943,772
-0.399944,773
-0.399944,774
-0.399943,775
-0.399943,776
-0.39994,777
-0.39994,778
-0.39994,779
-0.399943,780
-0.399943,781
-0.399943,782
-0.399943,783
-0.399943,784
-0.399943,785
-0.399941,786
-0.39994,787
-0.399941,788
-0.399942,789
-0.399871,790
-0.39938,791
-0.398306,792
-0.396727,793
-0.394828,794
-0.392777,795
-0.390595,796
-0.38448,797
-0.38448,798
-0.380742,799
-0.376656,800
-0.372141,801
-0.361981,802
-0.361981,803
-0.356391,804
-0.350469,805
-0.344203,806
-0.337641,807
-0.330778,808
-0.323612,809
-0.308275,810
-0.308275,811
-0.308275,812
-0.2831,813
-0.2831,814
-0.274193,815
-0.26503,816
-0.235972,817
-0.235972,818
-0.235972,819
-0.225855,820
-0.215519,821
-0.194121,822
-0.194121,823
-0.183355,824
-0.162552,825
-0.162552,826
-0.152479,827
-0.142613,828
-0.132948,829
-0.12357,830
-0.114459,831
-0.105594,832
-0.097128,833
-0.08895,834
-0.08895,835
-0.073576,836
-0.066473,837
-0.053154,838
-0.053154,839
-0.046972,840
-0.041116,841
-0.030613,842
-0.030613,843
-0.025936,844
-0.021568,845
-0.013994,846
-0.013994,847
-0.010839,848
-0.00849,849
-0.006464,850
-0.004632,851
-0.003005,852
-0.001662,853
-0.000699,854
-0.000185,855
-8.8E-05,856
-8.7E-05,857
-8.7E-05,858
-8.7E-05,859
-8.8E-05,860
-8.8E-05,861
-8.9E-05,862
-9E-05,863
-8.9E-05,864
-8.9E-05,865
-8.8E-05,866
-8.8E-05,867
-8.9E-05,868
-8.9E-05,869
-8.9E-05,870
-9E-05,871
-9E-05,872
-9E-05,873
-8.9E-05,874
-8.9E-05,875
-8.8E-05,876
-8.8E-05,877
-8.9E-05,878
-8.9E-05,879
-9E-05,880
-9E-05,881
-9E-05,882
-9E-05,883
-8.9E-05,884
-8.9E-05,885
-8.9E-05,886
-8.9E-05,887
-9.1E-05,888
-9.1E-05,889
-9.1E-05,890
-9.1E-05,891
-9.1E-05,892
-9.1E-05,893
-9.1E-05,894
-9.1E-05,895
-9.1E-05,896
-9.1E-05,897
-9.2E-05,898
-9.3E-05,899
-9.3E-05,900
-9.2E-05,901
-9.2E-05,902
-9.3E-05,903
-9.4E-05,904
-9.4E-05,905
-9.4E-05,906
-9.5E-05,907
-9.7E-05,908
-9.7E-05,909
-9.6E-05,910
-9.7E-05,911
-9.9E-05,912
-9.9E-05,913
-9.7E-05,914
-9.7E-05,915
-9.7E-05,916
-9.9E-05,917
-9.8E-05,918
-9.6E-05,919
-0.000101,920
-0.000101,921
-0.000101,922
-1E-04,923
-1E-04,924
-0.000103,925
-0.000103,926
-0.000101,927
-0.000104,928
-0.000104,929
-0.000103,930
-0.000102,931
-0.000103,932
-0.000105,933
-0.000105,934
-0.000104,935
-0.000104,936
-0.000106,937
-0.000107,938
-0.000107,939
-0.000107,940
-0.000107,941
-0.000107,942
-0.000106,943
-0.000109,944
-0.000109,945
-0.000109,946
-0.000107,947
-0.000106,948
-0.000106,949
-0.000108,950
-0.000109,951
-0.000109,952
-0.00011,953
-0.00011,954
-0.000109,955
-0.000107,956
-0.000108,957
-0.000108,958
-0.000109,959
-0.000109,960
-0.000111,961
-0.000109,962
-0.000108,963
-0.000108,964
-0.000109,965
-0.000109,966
-0.000111,967
-0.000111,968
-0.000109,969
-0.000109,970
-0.00011,971
-0.00011,972
-0.000111,973
-0.00011,974
-0.000108,975
-0.000109,976
-0.000108,977
-0.000111,978
-0.000109,979
-0.000109,980
-0.000108,981
-0.000107,982
-0.000108,983
-0.000109,984
-0.000111,985
-0.000109,986
-0.000109,987
-0.000111,988
-0.000109,989
-0.000112,990
-0.000112,991
-0.000113,992
-0.000111,993
-0.000109,994
-0.000109,995
-0.000106,996
-0.000106,997
-0.000108,998
-0.000107,999
-0.00011,1000
-0.000109,1001
-0.000109,1002
-0.00011,1003
-0.00011,1004
-0.000109,1005
-0.000107,1006
-0.000108,1007
-0.000105,1008
-0.000108,1009
-0.000108,1010
-0.000109,1011
-0.000109,1012
-0.000112,1013
-0.00011,1014
-0.00011,1015
-0.000112,1016
-0.000107,1017
-0.000107,1018
-0.000107,1019
-0.000107,1020
-0.000108,1021
-0.000108,1022
-0.00011,1023
-0.000111,1024
-0.000111,1025
-0.00011,1026
-0.00011,1027
-0.000111,1028
-0.000107,1029
-0.000107,1030
-0.000107,1031
-0.00011,1032
-0.000112,1033
-0.000111,1034
-0.000109,1035
-0.000108,1036
-0.000109,1037
-0.000111,1038
-0.00011,1039
-0.000113,1040
-0.000109,1041
-0.000109,1042
-0.00011,1043
-0.000109,1044
-0.000111,1045
-0.000112,1046
-0.000112,1047
-0.00011,1048
-0.00011,1049
-0.00011,1050
-0.00011,1051
-0.000112,1052
-0.000112,1053
-0.00011,1054
-0.00011,1055
-0.000108,1056
-0.000108,1057
-0.000112,1058
-0.000111,1059
-0.000111,1060
-0.000109,1061
-0.000111,1062
-0.000111,1063
-0.000111,1064
-0.000111,1065
-0.000111,1066
-0.00011,1067
-0.000111,1068
-0.000111,1069
-0.000111,1070
-0.000112,1071
-0.000113,1072
-0.000112,1073
-0.000112,1074
-0.00011,1075
-0.000109,1076
-0.00011,1077
-0.000109,1078
-0.000111,1079
-0.000112,1080
-0.000112,1081
-0.000112,1082
-0.000111,1083
-0.000111,1084
-0.000111,1085
-0.000109,1086
-0.000109,1087
-0.00011,1088
-0.000111,1089
-0.000111,1090
-0.000111,1091
-0.000111,1092
-0.000109,1093
-0.00011,1094
-0.000108,1095
-0.000109,1096
-0.000109,1097
-0.000111,1098
-0.000111,1099
-0.000111,1100
-0.000111,1101
-0.000111,1102
-0.00011,1103
-0.000108,1104
-0.000109,1105
-0.00011,1106
-0.00011,1107
-0.000111,1108
-0.00011,1109
-0.000109,1110
-0.000109,1111
-0.000109,1112
-0.000109,1113
-0.000108,1114
-0.000108,1115
-0.00011,1116
-0.00011,1117
-0.000111,1118
-0.000112,1119
-0.00011,1120
-0.00011,1121
-0.000108,1122
-0.000108,1123
-0.000109,1124
-0.000108,1125
-0.00011,1126
-0.000108,1127
-0.000111,1128
-0.000111,1129
-0.000111,1130
-0.00011,1131
-0.00011,1132
-0.00011,1133
-0.00011,1134
-0.000108,1135
-0.00011,1136
-0.00011,1137
-0.00011,1138
-0.00011,1139
-0.00011,1140
-0.00011,1141
-0.000109,1142
-0.00011,1143
-0.00011,1144
-0.000109,1145
-0.000109,1146
-0.000109,1147
-0.00011,1148
-0.00011,1149
-0.00011,1150
-0.000109,1151
-0.000109,1152
-0.00011,1153
-0.000109,1154
-0.000109,1155
-0.000109,1156
-0.00011,1157
-0.00011,1158
-0.00011,1159
-0.00011,1160
-0.000109,1161
-0.000109,1162
-0.000109,1163
-0.00011,1164
-0.00011,1165
-0.000109,1166
-0.000108,1167
-0.000109,1168
-0.000109,1169
-0.000108,1170
-0.00011,1171
-0.000108,1172
-0.000108,1173
-0.000109,1174
-0.000109,1175
-0.00011,1176
-0.000109,1177
-0.000109,1178
-0.000109,1179
-0.000108,1180
-0.000109,1181
-0.000109,1182
-0.000109,1183
-0.000109,1184
-0.000108,1185
-0.000108,1186
-0.000109,1187
-0.000109,1188
-0.000108,1189
-0.000108,1190
-0.000107,1191
-0.000107,1192
-0.000109,1193
-0.000108,1194
-0.000108,1195
-0.000107,1196
-0.000109,1197
-0.000109,1198
-0.000108,1199
-0.000108,1200
-0.000107,1201
-0.000111,1202
-0.00011,1203
-0.000108,1204
-0.000107,1205
-0.000108,1206
-0.000108,1207
-0.000108,1208
-0.000108,1209
-0.000107,1210
-0.000108,1211
-0.000108,1212
-0.000107,1213
-0.000108,1214
-0.000108,1215
-0.000108,1216
-0.000107,1217
-0.000108,1218
-0.000107,1219
-0.000107,1220
-0.000108,1221
-0.000107,1222
-0.000107,1223
-0.000107,1224
-0.000109,1225
-0.000108,1226
-0.000108,1227
-0.000107,1228
-0.000107,1229
-0.000109,1230
-0.000107,1231
-0.000107,1232
-0.000105,1233
-0.000107,1234
-0.000111,1235
-0.000108,1236
-0.000106,1237
-0.000107,1238
-0.000106,1239
-0.00011,1240
-0.000107,1241
-0.000106,1242
-0.000106,1243
-0.000106,1244
-0.000108,1245
-0.000111,1246
-0.000109,1247
-0.000107,1248
-0.000106,1249
-0.000104,1250
-0.000109,1251
-0.000108,1252
-0.000109,1253
-0.000109,1254
-0.000109,1255
-0.000108,1256
-0.000107,1257
-0.000106,1258
-0.000109,1259
-0.000108,1260
-0.000108,1261
-0.000108,1262
-0.000106,1263
-0.000106,1264
-0.000103,1265
-0.000108,1266
-0.000106,1267
-0.000111,1268
-0.000111,1269
-0.000108,1270
-0.00011,1271
-0.000108,1272
-0.000106,1273
-0.000104,1274
-0.000108,1275
-0.000112,1276
-0.00011,1277
-0.000107,1278
-0.000107,1279
-0.000108,1280
-0.000108,1281
-0.000109,1282
-0.000107,1283
-0.000111,1284
-0.000109,1285
-0.000111,1286
-0.000111,1287
-0.000107,1288
-0.000107,1289
-0.00011,1290
-0.00011,1291
-0.000109,1292
-0.00011,1293
-0.000113,1294
-0.000109,1295
-0.000109,1296
-0.000113,1297
-0.000109,1298
-0.000107,1299
-0.00011,1300
-0.00011,1301
-0.000112,1302
-0.000114,1303
-0.000111,1304
-0.00011,1305
-0.000111,1306
-0.000107,1307
-0.000107,1308
-0.000109,1309
-0.000113,1310
-0.000114,1311
-0.00011,1312
-0.000109,1313
-0.00011,1314
-0.00011,1315
-0.00011,1316
-0.000109,1317
-0.000109,1318
-0.000109,1319
-0.000109,1320
-0.000109,1321
-0.00011,1322
-0.000111,1323
-0.000112,1324
-0.000112,1325
-0.000113,1326
-0.00011,1327
-0.000111,1328
-0.00011,1329
-0.000114,1330
-0.000111,1331
-0.000111,1332
-0.000111,1333
-0.000113,1334
-0.000112,1335
-0.000111,1336
-0.000111,1337
-0.000109,1338
-0.000111,1339
-0.000111,1340
-0.000111,1341
-0.000111,1342
-0.00011,1343
-0.00011,1344
-0.000111,1345
-0.00011,1346
-0.000108,1347
-0.000108,1348
-0.00011,1349
-0.000111,1350
-0.00011,1351
-0.000111,1352
-0.000114,1353
-0.000109,1354
-0.000109,1355
-0.000112,1356
-0.000112,1357
-0.000113,1358
-0.000111,1359
-0.00011,1360
-0.000111,1361
-0.00011,1362
-0.00011,1363
-0.000111,1364
-0.000112,1365
-0.000114,1366
-0.00011,1367
-0.000111,1368
-0.000111,1369
-0.000112,1370
-0.000112,1371
-0.000114,1372
-0.000111,1373
-0.000108,1374
-0.000108,1375
-0.00011,1376
-0.000111,1377
-0.000111,1378
-0.000114,1379
-0.000114,1380
-0.000114,1381
-0.000111,1382
-0.00011,1383
-0.000111,1384
-0.00011,1385
-0.00011,1386
-0.00011,1387
-0.000111,1388
-0.000112,1389
-0.000114,1390
-0.000111,1391
-0.000111,1392
-0.000112,1393
-0.000109,1394
-0.000108,1395
-0.000108,1396
-0.00011,1397
-0.000113,1398
-0.000112,1399
-0.000112,1400
-0.00011,1401
-0.000111,1402
-0.000111,1403
-0.000114,1404
-0.000113,1405
-0.000113,1406
-0.00011,1407
-0.000111,1408
-0.000109,1409
-0.000109,1410
-0.00011,1411
-0.000111,1412
-0.00011,1413
-0.000111,1414
-0.000111,1415
-0.000111,1416
-0.00011,1417
-0.00011,1418
-0.000111,1419
-0.000114,1420
-0.000114,1421
-0.000116,1422
-0.000112,1423
-0.000112,1424
-0.000109,1425
-0.000112,1426
-0.000113,1427
-0.000111,1428
-0.00011,1429
-0.00011,1430
-0.000114,1431
-0.000114,1432
-0.000111,1433
-0.000108,1434
-0.000108,1435
-0.000111,1436
-0.000111,1437
-0.000114,1438
-0.000114,1439
-0.000111,1440
-0.00011,1441
-0.000112,1442
-0.000108,1443
-0.000108,1444
-0.000108,1445
-0.000109,1446
-0.000111,1447
-0.000112,1448
-0.000114,1449
-0.000108,1450
-0.000108,1451
-0.000111,1452
-0.000109,1453
-0.000111,1454
-0.000108,1455
-0.00011,1456
-0.00011,1457
-0.00011,1458
-0.00011,1459
-0.000108,1460
-0.00011,1461
-0.00011,1462
-0.00011,1463
-0.000108,1464
-0.000108,1465
-0.000109,1466
-0.00011,1467
-0.000107,1468
-0.000107,1469
-0.000109,1470
-0.00011,1471
-0.000109,1472
-0.00011,1473
-0.00011,1474
-0.000111,1475
-0.000111,1476
-0.000106,1477
-0.000106,1478
-0.00011,1479
-0.00011,1480
-0.000109,1481
-0.000108,1482
-0.000109,1483
-0.000109,1484
-0.000105,1485
-0.000105,1486
-0.000111,1487
-0.00011,1488
-0.00011,1489
-0.000112,1490
-0.000111,1491
-0.000107,1492
-0.000108,1493
-0.000111,1494
-0.000109,1495
-0.000111,1496
-0.000112,1497
-0.000112,1498
-0.00011,1499
-0.000108,1500
-0.000108,1501
-0.000108,1502
-0.000109,1503
-0.000109,1504
-0.00011,1505
-0.000111,1506
-0.000109,1507
-0.000107,1508
-0.00011,1509
-0.00011,1510
-0.000109,1511
-0.000106,1512
-0.00011,1513
-0.000111,1514
-0.000107,1515
-0.000109,1516
-0.000111,1517
-0.000111,1518
-0.000109,1519
-0.000111,1520
-0.000112,1521
-0.000111,1522
-0.000108,1523
-0.00011,1524
-0.000112,1525
-0.000112,1526
-0.000109,1527
-0.000111,1528
-0.000114,1529
-0.000111,1530
-0.000109,1531
-0.000111,1532
-0.000111,1533
-0.000112,1534
-0.000111,1535
-0.000111,1536
-0.000111,1537
-0.000111,1538
-0.00011,1539
-0.00011,1540
-0.00011,1541
-0.000111,1542
-0.00011,1543
-0.000109,1544
-0.000111,1545
-0.000111,1546
-0.00011,1547
-0.000109,1548
-0.00011,1549
-0.000111,1550
-0.00011,1551
-0.00011,1552
-0.00011,1553
-0.000111,1554
-0.000111,1555
-0.000111,1556
-0.00011,1557
-0.000111,1558
-0.000111,1559
-0.000113,1560
-0.000114,1561
-0.000114,1562
-0.000113,1563
-0.00011,1564
-0.000108,1565
-0.000108,1566
-0.000107,1567
-0.000109,1568
-0.000109,1569
-0.000109,1570
-0.000108,1571
-0.000109,1572
-0.000109,1573
-0.000109,1574
-0.000111,1575
-0.000111,1576
-0.000112,1577
-0.000113,1578
-0.000108,1579
-0.000108,1580
-0.000108,1581
-0.000108,1582
-0.000108,1583
-0.000105,1584
-0.000105,1585
-0.000108,1586
-0.000108,1587
-0.000107,1588
-0.000108,1589
-0.00011,1590
-0.000112,1591
-0.000112,1592
-0.00011,1593
-0.00011,1594
-0.000109,1595
-0.000107,1596
-0.000109,1597
-0.000109,1598
-0.00011,1599
-0.00011,1600
-0.000111,1601
-0.00011,1602
-0.00011,1603
-0.00011,1604
-0.00011,1605
-0.00011,1606
-0.00011,1607
-0.000111,1608
-0.00011,1609
-0.00011,1610
-0.000107,1611
-0.00011,1612
-0.00011,1613
-0.00011,1614
-0.000107,1615
-0.000106,1616
-0.00011,1617
-0.000108,1618
-0.000106,1619
-0.00011,1620
-0.000108,1621
-0.000107,1622
-0.000109,1623
-0.000111,1624
-0.000109,1625
-0.000107,1626
-0.00011,1627
-0.000107,1628
-0.00011,1629
-0.000111,1630
-0.000112,1631
-0.000112,1632
-0.00011,1633
-0.000111,1634
-0.00011,1635
-0.00011,1636
-0.00011,1637
-0.00011,1638
-0.00011,1639
-0.000111,1640
-0.000111,1641
-0.000109,1642
-0.000109,1643
-0.000109,1644
-0.000109,1645
-0.00011,1646
-0.00011,1647
-0.00011,1648
-0.000109,1649
-0.000109,1650
-0.000109,1651
-0.000108,1652
-0.000108,1653
-0.00011,1654
-0.000107,1655
-0.000108,1656
-0.000106,1657
-0.000106,1658
-0.000106,1659
-0.000106,1660
-0.000107,1661
-0.000106,1662
-0.000106,1663
-0.000106,1664
-0.000105,1665
-0.000105,1666
-0.000104,1667
-0.000103,1668
-0.000103,1669
-0.000104,1670
-0.000102,1671
-0.000102,1672
-0.000101,1673
-0.000101,1674
-1E-04,1675
-1E-04,1676
-9.9E-05,1677
-9.8E-05,1678
-9.7E-05,1679
-9.9E-05,1680
-9.8E-05,1681
-9.7E-05,1682
-9.6E-05,1683
-9.6E-05,1684
-9.6E-05,1685
-9.5E-05,1686
-9.5E-05,1687
-9.4E-05,1688
-9.4E-05,1689
-9.2E-05,1690
-9.3E-05,1691
-9.2E-05,1692
-9.3E-05,1693
-9.1E-05,1694
-9.2E-05,1695
-9.1E-05,1696
-9.1E-05,1697
-9.1E-05,1698
-9.3E-05,1699
-9.1E-05,1700
-9.2E-05,1701
-9E-05,1702
-9.1E-05,1703
-9E-05,1704
-9E-05,1705
-9E-05,1706
-9E-05,1707
-8.9E-05,1708
-8.9E-05,1709
-8.8E-05,1710
-8.9E-05,1711
-8.8E-05,1712
-9E-05,1713
-8.9E-05,1714
-8.8E-05,1715
-8.9E-05,1716
-9E-05,1717
-8.7E-05,1718
-1E-04,1719
-0.000101,1720
-0.000101,1721
-0.000101,1722
-9.9E-05,1723
-9.9E-05,1724
-9.9E-05,1725
-9.6E-05,1726
-9.7E-05,1727
-9.7E-05,1728
-9.8E-05,1729
-0.000101,1730
-0.000101,1731
-0.000101,1732
-1E-04,1733
-9.6E-05,1734
-9.5E-05,1735
-9.4E-05,1736
-9.7E-05,1737
-0.000101,1738
-0.000103,1739
-1E-04,1740
-0.000101,1741
-9.9E-05,1742
-9.6E-05,1743
-9.5E-05,1744
-9.6E-05,1745
-1E-04,1746
-0.000103,1747
-0.000102,1748
-0.000103,1749
-0.000102,1750
-1E-04,1751
-9.9E-05,1752
-9.8E-05,1753
-9.7E-05,1754
-9.8E-05,1755
-0.000104,1756
-0.000103,1757
-0.000105,1758
-0.000102,1759
-9.7E-05,1760
-9.7E-05,1761
-9.7E-05,1762
-9.9E-05,1763
-0.000104,1764
-0.000105,1765
-0.000105,1766
-0.000105,1767
-9.8E-05,1768
-9.8E-05,1769
-9.7E-05,1770
-9.8E-05,1771
-0.000102,1772
-0.000103,1773
-0.000103,1774
-0.000102,1775
-1E-04,1776
-9.6E-05,1777
-0.000169,1778
-0.000659,1779
-0.001735,1780
-0.003317,1781
-0.005217,1782
-0.007266,1783
-0.009448,1784
-0.0121,1785
-0.015559,1786
-0.019297,1787
-0.023385,1788
-0.027903,1789
-0.032786,1790
-0.038062,1791
-0.043652,1792
-0.049574,1793
-0.055839,1794
-0.062401,1795
-0.069265,1796
-0.076431,1797
-0.083943,1798
-0.09177,1799
-0.099879,1800
-0.108272,1801
-0.116944,1802
-0.125851,1803
-0.135014,1804
-0.144453,1805
-0.164075,1806
-0.164075,1807
-0.174194,1808
-0.18453,1809
-0.195094,1810
-0.205925,1811
-0.216692,1812
-0.227206,1813
-0.237496,1814
-0.24757,1815
-0.257433,1816
-0.267099,1817
-0.276477,1818
-0.285584,1819
-0.294447,1820
-0.302914,1821
-0.311094,1822
-0.318963,1823
-0.326466,1824
-0.333566,1825
-0.340381,1826
-0.346882,1827
-0.353061,1828
-0.358916,1829
-0.364358,1830
-0.374097,1831
-0.374097,1832
-0.378463,1833
-0.38235,1834
-0.386033,1835
-0.389183,1836
-0.39153,1837
-0.39153,1838
-0.393555,1839
-0.395388,1840
-0.398358,1841
-0.398358,1842
-0.399318,1843
-0.399828,1844
-0.399922,1845
-0.399923,1846
-0.399924,1847
-0.399924,1848
-0.399924,1849
-0.399924,1850
-0.399923,1851
-0.399923,1852
-0.399924,1853
-0.399923,1854
-0.399925,1855
-0.399926,1856
-0.399924,1857
-0.399926,1858
-0.399926,1859
-0.399926,1860
-0.399928,1861
-0.399924,1862
-0.399924,1863
-0.39992,1864
-0.399921,1865
-0.399922,1866
-0.399926,1867
-0.399925,1868
-0.399921,1869
-0.399923,1870
-0.39992,1871
-0.399921,1872
-0.399919,1873
-0.399919,1874
-0.39992,1875
-0.39992,1876
-0.399919,1877
-0.399921,1878
-0.399921,1879
-0.399921,1880
-0.399921,1881
-0.39992,1882
-0.399919,1883
-0.399918,1884
-0.399917,1885
-0.399919,1886
-0.39992,1887
-0.399921,1888
-0.399923,1889
-0.399923,1890
-0.399923,1891
-0.399921,1892
-0.399918,1893
-0.399919,1894
-0.399917,1895
-0.399917,1896
-0.399919,1897
-0.399923,1898
-0.399928,1899
-0.399928,1900
-0.399925,1901
-0.399922,1902
-0.399915,1903
-0.399916,1904
-0.399914,1905
-0.399918,1906
-0.39992,1907
-0.399924,1908
-0.399922,1909
-0.399924,1910
-0.39992,1911
-0.399918,1912
-0.399917,1913
-0.399917,1914
-0.399919,1915
-0.399921,1916
-0.399924,1917
-0.399923,1918
-0.399923,1919
-0.399921,1920
-0.399917,1921
-0.399918,1922
-0.399917,1923
-0.399919,1924
-0.399923,1925
-0.399923,1926
-0.399923,1927
-0.399924,1928
-0.399924,1929
-0.399923,1930
-0.399925,1931
-0.399925,1932
-0.399923,1933
-0.399923,1934
-0.399923,1935
-0.399922,1936
-0.399921,1937
-0.399922,1938
-0.399923,1939
-0.399923,1940
-0.399924,1941
-0.399924,1942
-0.399925,1943
-0.399926,1944
-0.399927,1945
-0.399925,1946
-0.399922,1947
-0.399919,1948
-0.399919,1949
-0.39992,1950
-0.399923,1951
-0.399923,1952
-0.399923,1953
-0.399923,1954
-0.399922,1955
-0.399922,1956
-0.399922,1957
-0.399922,1958
-0.399922,1959
-0.399923,1960
-0.399923,1961
-0.399922,1962
-0.399921,1963
-0.399921,1964
-0.39992,1965
-0.399922,1966
-0.399924,1967
-0.399925,1968
-0.399925,1969
-0.399922,1970
-0.399922,1971
-0.39992,1972
-0.399918,1973
-0.399919,1974
-0.399921,1975
-0.399922,1976
-0.399924,1977
-0.399923,1978
-0.399923,1979
-0.399923,1980
-0.399922,1981
-0.399921,1982
-0.39992,1983
-0.39992,1984
-0.39992,1985
-0.399921,1986
-0.39992,1987
-0.399919,1988
-0.399919,1989
-0.399918,1990
-0.399917,1991
-0.39992,1992
-0.399921,1993
-0.39992,1994
-0.39992,1995
-0.39992,1996
-0.39992,1997
-0.39992,1998
-0.39992,1999
-0.399921,2000
-0.39992,2001
-0.399921,2002
-0.399921,2003
-0.39992,2004
-0.399919,2005
-0.399918,2006
-0.399919,2007
-0.399919,2008
-0.399919,2009
-0.399918,2010
-0.399918,2011
-0.399918,2012
-0.399918,2013
-0.399918,2014
-0.399918,2015
-0.39992,2016
-0.399921,2017
-0.39992,2018
-0.39992,2019
-0.399919,2020
-0.39992,2021
-0.399921,2022
-0.399919,2023
-0.399919,2024
-0.399917,2025
-0.399916,2026
-0.399917,2027
-0.399919,2028
-0.399919,2029
-0.399919,2030
-0.399919,2031
-0.399919,2032
-0.399919,2033
-0.39992,2034
-0.399921,2035
-0.399922,2036
-0.399921,2037
-0.399921,2038
-0.39992,2039
-0.39992,2040
-0.39992,2041
-0.39992,2042
-0.39992,2043
-0.399918,2044
-0.399917,2045
-0.399917,2046
-0.399916,2047
-0.399915,2048
-0.399916,2049
-0.399916,2050
-0.399918,2051
-0.399918,2052
-0.399917,2053
-0.399918,2054
-0.399919,2055
-0.399919,2056
-0.399918,2057
-0.399919,2058
-0.39992,2059
-0.39992,2060
-0.399919,2061
-0.399919,2062
-0.399919,2063
-0.399918,2064
-0.399916,2065
-0.399916,2066
-0.39992,2067
-0.399922,2068
-0.399918,2069
-0.399917,2070
-0.39992,2071
-0.399921,2072
-0.399918,2073
-0.399918,2074
-0.399922,2075
-0.399924,2076
-0.399922,2077
-0.399919,2078
-0.399921,2079
-0.399922,2080
-0.399919,2081
-0.399921,2082
-0.399921,2083
-0.399922,2084
-0.399922,2085
-0.399922,2086
-0.399922,2087
-0.399924,2088
-0.399923,2089
-0.399923,2090
-0.399925,2091
-0.399923,2092
-0.399923,2093
-0.399923,2094
-0.399924,2095
-0.399925,2096
-0.399924,2097
-0.399925,2098
-0.399926,2099
-0.399925,2100
-0.399922,2101
-0.399922,2102
-0.399924,2103
-0.399923,2104
-0.399922,2105
-0.399922,2106
-0.399924,2107
-0.399921,2108
-0.399921,2109
-0.399921,2110
-0.399923,2111
-0.399922,2112
-0.399921,2113
-0.399921,2114
-0.399923,2115
-0.399923,2116
-0.399922,2117
-0.399922,2118
-0.399923,2119
-0.399923,2120
-0.399922,2121
-0.399923,2122
-0.399923,2123
-0.399923,2124
-0.399924,2125
-0.399925,2126
-0.399926,2127
-0.399925,2128
-0.399925,2129
-0.399925,2130
-0.399923,2131
-0.399922,2132
-0.399923,2133
-0.399924,2134
-0.399923,2135
-0.399922,2136
-0.399922,2137
-0.399922,2138
-0.399921,2139
-0.39992,2140
-0.399922,2141
-0.399922,2142
-0.399921,2143
-0.39992,2144
-0.39992,2145
-0.399921,2146
-0.399921,2147
-0.399921,2148
-0.39992,2149
-0.399922,2150
-0.399922,2151
-0.399923,2152
-0.399923,2153
-0.399924,2154
-0.399924,2155
-0.399923,2156
-0.399923,2157
-0.399923,2158
-0.399923,2159
-0.399923,2160
-0.399923,2161
-0.399923,2162
-0.399923,2163
-0.399924,2164
-0.399924,2165
-0.399925,2166
-0.399924,2167
-0.399924,2168
-0.399924,2169
-0.399923,2170
-0.399923,2171
-0.39992,2172
-0.39992,2173
-0.39992,2174
-0.39992,2175
-0.399921,2176
-0.399921,2177
-0.399922,2178
-0.399923,2179
-0.399924,2180
-0.399924,2181
-0.399925,2182
-0.399925,2183
-0.399925,2184
-0.399925,2185
-0.399924,2186
-0.399924,2187
-0.399925,2188
-0.399924,2189
-0.399924,2190
-0.399924,2191
-0.399924,2192
-0.399924,2193
-0.399923,2194
-0.399923,2195
-0.399923,2196
-0.399922,2197
-0.399922,2198
-0.399922,2199
-0.399924,2200
-0.399925,2201
-0.399925,2202
-0.399925,2203
-0.399925,2204
-0.399924,2205
-0.399924,2206
-0.399925,2207
-0.399924,2208
-0.399922,2209
-0.399923,2210
-0.399924,2211
-0.399923,2212
-0.399922,2213
-0.399922,2214
-0.399922,2215
-0.399921,2216
-0.39992,2217
-0.39992,2218
-0.39992,2219
-0.39992,2220
-0.39992,2221
-0.39992,2222
-0.39992,2223
-0.39992,2224
-0.399921,2225
-0.399921,2226
-0.399921,2227
-0.399921,2228
-0.399923,2229
-0.399923,2230
-0.399923,2231
-0.399922,2232
-0.399923,2233
-0.399923,2234
-0.399923,2235
-0.399923,2236
-0.399923,2237
-0.399924,2238
-0.399923,2239
-0.399923,2240
-0.399922,2241
-0.399922,2242
-0.399921,2243
-0.39992,2244
-0.39992,2245
-0.39992,2246
-0.399922,2247
-0.399922,2248
-0.399922,2249
-0.399922,2250
-0.39992,2251
-0.39992,2252
-0.399921,2253
-0.399921,2254
-0.399922,2255
-0.399921,2256
-0.399358,2257
-0.399358,2258
-0.398284,2259
-0.396705,2260
-0.394807,2261
-0.392758,2262
-0.387921,2263
-0.387921,2264
-0.38446,2265
-0.380722,2266
-0.376636,2267
-0.372121,2268
-0.367238,2269
-0.361964,2270
-0.356375,2271
-0.344185,2272
-0.344185,2273
-0.337621,2274
-0.330757,2275
-0.31608,2276
-0.31608,2277
-0.308254,2278
-0.300146,2279
-0.291754,2280
-0.274171,2281
-0.274171,2282
-0.265006,2283
-0.25557,2284
-0.245857,2285
-0.23595,2286
-0.215496,2287
-0.215496,2288
-0.204932,2289
-0.1941,2290
-0.183333,2291
-0.162527,2292
-0.162527,2293
-0.162527,2294
-0.142589,2295
-0.142589,2296
-0.132926,2297
-0.123548,2298
-0.114439,2299
-0.097109,2300
-0.097109,2301
-0.08893,2302
-0.081059,2303
-0.073558,2304
-0.066456,2305
-0.053139,2306
-0.046957,2307
-0.041102,2308
-0.041102,2309
-0.03566,2310
-0.030598,2311
-0.02592,2312
-0.021553,2313
-0.017666,2314
-0.013982,2315
-0.010828,2316
-0.00848,2317
-0.006455,2318
-0.004623,2319
-0.002995,2320
-0.00069,2321
-0.00069,2322
-0.000176,2323
-8.1E-05,2324
-8E-05,2325
-8E-05,2326
-7.8E-05,2327
-7.8E-05,2328
-7.9E-05,2329
-8E-05,2330
-8E-05,2331
-8.1E-05,2332
-8.1E-05,2333
-8.1E-05,2334
-8E-05,2335
-8E-05,2336
-8E-05,2337
-8E-05,2338
-8.1E-05,2339
-8.1E-05,2340
-8.2E-05,2341
-8.3E-05,2342
-8.3E-05,2343
-8.3E-05,2344
-8.3E-05,2345
-8.3E-05,2346
-8.3E-05,2347
-8.3E-05,2348
-8.3E-05,2349
-8.2E-05,2350
-8.2E-05,2351
-8.2E-05,2352
-8.3E-05,2353
-8.4E-05,2354
-8.4E-05,2355
-8.4E-05,2356
-8.5E-05,2357
-8.5E-05,2358
-8.5E-05,2359
-8.5E-05,2360
-8.5E-05,2361
-8.4E-05,2362
-8.4E-05,2363
-8.4E-05,2364
-8.5E-05,2365
-8.5E-05,2366
-8.5E-05,2367
-8.5E-05,2368
-8.6E-05,2369
-8.6E-05,2370
-8.6E-05,2371
-8.8E-05,2372
-8.8E-05,2373
-8.7E-05,2374
-8.7E-05,2375
-8.7E-05,2376
-8.8E-05,2377
-8.8E-05,2378
-8.9E-05,2379
-8.9E-05,2380
-9E-05,2381
-9E-05,2382
-9E-05,2383
-9E-05,2384
-9E-05,2385
-9E-05,2386
-9E-05,2387
-9E-05,2388
-9E-05,2389
-9E-05,2390
-9.1E-05,2391
-9.1E-05,2392
-9.1E-05,2393
-9.2E-05,2394
-9.4E-05,2395
-9.5E-05,2396
-9.7E-05,2397
-9.7E-05,2398
-9.7E-05,2399
-9.7E-05,2400
-9.5E-05,2401
-9.5E-05,2402
-9.4E-05,2403
-9.4E-05,2404
-9.3E-05,2405
-9.4E-05,2406
-9.7E-05,2407
-9.9E-05,2408
-9.9E-05,2409
-9.9E-05,2410
-9.8E-05,2411
-9.9E-05,2412
-9.9E-05,2413
-9.7E-05,2414
-9.9E-05,2415
-1E-04,2416
-0.000101,2417
-1E-04,2418
-9.9E-05,2419
-9.8E-05,2420
-9.9E-05,2421
-1E-04,2422
-0.000101,2423
-0.000101,2424
-0.000101,2425
-0.000101,2426
-9.9E-05,2427
-9.9E-05,2428
-9.9E-05,2429
-9.9E-05,2430
-0.000103,2431
-0.000103,2432
-0.000103,2433
-0.000102,2434
-0.000101,2435
-0.000101,2436
-1E-04,2437
-9.9E-05,2438
-1E-04,2439
-0.000101,2440
-0.000101,2441
-0.000101,2442
-0.000101,2443
-1E-04,2444
-9.9E-05,2445
-9.8E-05,2446
-9.8E-05,2447
-9.8E-05,2448
-0.000101,2449
-0.000101,2450
-1E-04,2451
-1E-04,2452
-0.000102,2453
-0.000102,2454
-0.000101,2455
-0.000101,2456
-0.000101,2457
-0.000101,2458
-0.000101,2459
-1E-04,2460
-1E-04,2461
-1E-04,2462
-9.8E-05,2463
-9.8E-05,2464
-1E-04,2465
-0.000102,2466
-0.000102,2467
-0.000104,2468
-0.000104,2469
-0.000102,2470
-9.8E-05,2471
-9.7E-05,2472
-9.9E-05,2473
-1E-04,2474
-1E-04,2475
-0.000101,2476
-0.000101,2477
-0.000103,2478
-9.8E-05,2479
-9.8E-05,2480
-9.9E-05,2481
-1E-04,2482
-9.9E-05,2483
-9.9E-05,2484
-1E-04,2485
-0.000102,2486
-0.000101,2487
-1E-04,2488
-9.9E-05,2489
-9.8E-05,2490
-1E-04,2491
-1E-04,2492
-0.000102,2493
-0.000102,2494
-1E-04,2495
-9.9E-05,2496
-9.9E-05,2497
-0.000101,2498
-0.000101,2499
-0.000103,2500
-0.000102,2501
-0.000102,2502
-0.000102,2503
-0.000102,2504
-0.000101,2505
-0.000102,2506
-1E-04,2507
-1E-04,2508
-0.000101,2509
-0.000102,2510
-0.000102,2511
-0.000101,2512
-0.000101,2513
-0.000101,2514
-0.000101,2515
-0.000101,2516
-0.000101,2517
-0.000101,2518
-0.000102,2519
-0.000101,2520
-0.000102,2521
-0.000102,2522
-0.000102,2523
-0.000101,2524
-0.000102,2525
-0.000101,2526
-0.000101,2527
-0.000101,2528
-0.000101,2529
-0.000102,2530
-0.000102,2531
-0.000102,2532
-0.000101,2533
-0.000102,2534
-0.000102,2535
-0.000104,2536
-0.000104,2537
-0.000103,2538
-0.000103,2539
-0.000101,2540
-9.9E-05,2541
-9.9E-05,2542
-1E-04,2543
-0.000101,2544
-0.000102,2545
-0.000104,2546
-0.000104,2547
-0.000103,2548
-0.000102,2549
-0.000102,2550
-0.000101,2551
-0.000101,2552
-0.000102,2553
-0.000102,2554
-0.000103,2555
-0.000102,2556
-0.000101,2557
-0.000101,2558
-1E-04,2559
-9.9E-05,2560
-1E-04,2561
-0.000101,2562
-0.000101,2563
-0.000102,2564
-0.000102,2565
-0.000103,2566
-0.000101,2567
-9.9E-05,2568
-0.000101,2569
-1E-04,2570
-1E-04,2571
-0.000101,2572
-0.000101,2573
-0.000101,2574
-0.000101,2575
-0.000102,2576
-1E-04,2577
-1E-04,2578
-1E-04,2579
-1E-04,2580
-0.000101,2581
-0.000101,2582
-0.000102,2583
-0.000102,2584
-0.000101,2585
-0.000102,2586
-1E-04,2587
-1E-04,2588
-1E-04,2589
-1E-04,2590
-0.000101,2591
-0.000101,2592
-0.000101,2593
-0.000101,2594
-0.000101,2595
-1E-04,2596
-0.000101,2597
-0.000101,2598
-0.000101,2599
-1E-04,2600
-0.000102,2601
-0.000102,2602
-0.000101,2603
-0.000102,2604
-0.000101,2605
-0.000101,2606
-0.000101,2607
-0.000101,2608
-0.000101,2609
-0.000101,2610
-0.000101,2611
-1E-04,2612
-1E-04,2613
-1E-04,2614
-1E-04,2615
-1E-04,2616
-1E-04,2617
-0.000101,2618
-1E-04,2619
-0.000101,2620
-0.000101,2621
-1E-04,2622
-1E-04,2623
-1E-04,2624
-0.000101,2625
-1E-04,2626
-1E-04,2627
-0.000101,2628
-1E-04,2629
-1E-04,2630
-1E-04,2631
-1E-04,2632
-1E-04,2633
-1E-04,2634
-1E-04,2635
-0.000101,2636
-0.000101,2637
-1E-04,2638
-1E-04,2639
-1E-04,2640
-0.000101,2641
-1E-04,2642
-1E-04,2643
-9.9E-05,2644
-1E-04,2645
-1E-04,2646
-9.9E-05,2647
-9.9E-05,2648
-1E-04,2649
-1E-04,2650
-9.9E-05,2651
-1E-04,2652
-1E-04,2653
-1E-04,2654
-1E-04,2655
-9.8E-05,2656
-9.8E-05,2657
-9.9E-05,2658
-9.9E-05,2659
-1E-04,2660
-9.9E-05,2661
-9.9E-05,2662
-9.9E-05,2663
-9.9E-05,2664
-9.9E-05,2665
-9.9E-05,2666
-9.9E-05,2667
-9.8E-05,2668
-1E-04,2669
-9.9E-05,2670
-9.8E-05,2671
-1E-04,2672
-9.9E-05,2673
-9.9E-05,2674
-1E-04,2675
-9.9E-05,2676
-9.7E-05,2677
-9.9E-05,2678
-9.8E-05,2679
-1E-04,2680
-1E-04,2681
-1E-04,2682
-9.8E-05,2683
-9.9E-05,2684
-9.9E-05,2685
-9.9E-05,2686
-9.8E-05,2687
-9.9E-05,2688
-9.8E-05,2689
-9.8E-05,2690
-9.9E-05,2691
-9.9E-05,2692
-9.8E-05,2693
-9.9E-05,2694
-9.9E-05,2695
-9.8E-05,2696
-9.9E-05,2697
-9.8E-05,2698
-9.9E-05,2699
-9.9E-05,2700
-9.8E-05,2701
-9.9E-05,2702
-9.9E-05,2703
-1E-04,2704
-9.8E-05,2705
-9.8E-05,2706
-9.9E-05,2707
-9.8E-05,2708
-9.8E-05,2709
-9.8E-05,2710
-9.8E-05,2711
-1E-04,2712
-1E-04,2713
-9.9E-05,2714
-9.8E-05,2715
-9.8E-05,2716
-9.8E-05,2717
-9.9E-05,2718
-9.9E-05,2719
-9.8E-05,2720
-9.8E-05,2721
-9.7E-05,2722
-1E-04,2723
-1E-04,2724
-9.8E-05,2725
-9.7E-05,2726
-9.7E-05,2727
-9.8E-05,2728
-9.9E-05,2729
-0.000102,2730
-0.000102,2731
-0.000102,2732
-0.000102,2733
-9.7E-05,2734
-9.6E-05,2735
-9.9E-05,2736
-1E-04,2737
-9.9E-05,2738
-0.000101,2739
-1E-04,2740
-0.000101,2741
-1E-04,2742
-1E-04,2743
-0.000101,2744
-1E-04,2745
-1E-04,2746
-9.9E-05,2747
-0.000102,2748
-0.000101,2749
-1E-04,2750
-0.000102,2751
-0.000102,2752
-0.000102,2753
-0.000101,2754
-0.000102,2755
-0.000101,2756
-0.000104,2757
-9.9E-05,2758
-9.9E-05,2759
-0.000102,2760
-0.000102,2761
-9.9E-05,2762
-1E-04,2763
-0.000103,2764
-0.000102,2765
-0.000102,2766
-0.000102,2767
-0.000102,2768
-1E-04,2769
-1E-04,2770
-0.000103,2771
-0.000103,2772
-1E-04,2773
-0.000102,2774
-0.000102,2775
-0.000103,2776
-1E-04,2777
-1E-04,2778
-0.000101,2779
-0.000103,2780
-0.000102,2781
-0.000102,2782
-1E-04,2783
-0.000101,2784
-0.000101,2785
-1E-04,2786
-0.000102,2787
-0.000102,2788
-0.000101,2789
-0.000101,2790
-0.000103,2791
-0.000101,2792
-1E-04,2793
-0.000101,2794
-0.000102,2795
-0.000101,2796
-0.000102,2797
-0.000101,2798
-0.000101,2799
-0.000102,2800
-0.000101,2801
-0.000101,2802
-0.000101,2803
-0.000101,2804
-1E-04,2805
-0.000102,2806
-0.000103,2807
-0.000102,2808
-0.000102,2809
-0.000101,2810
-0.000102,2811
-0.000101,2812
-0.000101,2813
-0.000102,2814
-0.000101,2815
-0.000101,2816
-0.000101,2817
-0.000101,2818
-0.000102,2819
-0.000101,2820
-0.000101,2821
-1E-04,2822
-0.000101,2823
-0.000102,2824
-0.000102,2825
-0.000102,2826
-0.000101,2827
-0.000101,2828
-0.000102,2829
-0.000102,2830
-0.000102,2831
-0.000101,2832
-0.000101,2833
-0.000103,2834
-0.000102,2835
-0.000103,2836
-1E-04,2837
-1E-04,2838
-1E-04,2839
-0.000102,2840
-0.000101,2841
-0.000102,2842
-0.000101,2843
-0.000103,2844
-0.000102,2845
-0.000101,2846
-0.000102,2847
-0.000102,2848
-0.000101,2849
-0.000102,2850
-0.000101,2851
-0.000102,2852
-0.000102,2853
-0.000101,2854
-1E-04,2855
-0.000102,2856
-0.000101,2857
-0.000101,2858
-0.000101,2859
-0.000103,2860
-0.000101,2861
-0.000101,2862
-0.000102,2863
-0.000102,2864
-0.000102,2865
-0.000103,2866
-0.000102,2867
-0.000103,2868
-0.000102,2869
-0.000102,2870
-0.000101,2871
-0.000102,2872
-0.000102,2873
-0.000102,2874
-0.000102,2875
-0.000101,2876
-0.000103,2877
-0.000103,2878
-0.000102,2879
-0.000101,2880
-0.000102,2881
-0.000101,2882
-0.000103,2883
-0.000101,2884
-0.000101,2885
-0.000103,2886
-0.000105,2887
-0.000102,2888
-0.000102,2889
-0.000102,2890
-0.000103,2891
-0.000103,2892
-0.000104,2893
-0.000103,2894
-0.000101,2895
-0.000101,2896
-0.000101,2897
-0.000103,2898
-0.000101,2899
-0.000103,2900
-0.000102,2901
-0.000102,2902
-0.000103,2903
-0.000103,2904
-0.000103,2905
-0.000102,2906
-0.000102,2907
-0.000102,2908
-0.000102,2909
-0.000102,2910
-0.000102,2911
-0.000101,2912
-0.000101,2913
-0.000103,2914
-0.000102,2915
-0.000101,2916
-0.000101,2917
-0.000104,2918
-0.000102,2919
-0.000101,2920
-0.000102,2921
-0.000102,2922
-0.000102,2923
-0.000104,2924
-0.000105,2925
-0.000101,2926
-9.9E-05,2927
-9.8E-05,2928
-9.9E-05,2929
-0.000102,2930
-0.000102,2931
-1E-04,2932
-0.000101,2933
-0.000101,2934
-0.000101,2935
-9.9E-05,2936
-9.8E-05,2937
-0.000101,2938
-0.000101,2939
-1E-04,2940
-9.9E-05,2941
-1E-04,2942
-0.000103,2943
-0.000102,2944
-9.9E-05,2945
-1E-04,2946
-0.000101,2947
-1E-04,2948
-1E-04,2949
-0.000101,2950
-1E-04,2951
-1E-04,2952
-9.9E-05,2953
-1E-04,2954
-0.000101,2955
-0.000101,2956
-0.000102,2957
-0.000101,2958
-9.8E-05,2959
-9.8E-05,2960
-9.7E-05,2961
-1E-04,2962
-1E-04,2963
-1E-04,2964
-1E-04,2965
-0.000104,2966
-0.000101,2967
-9.9E-05,2968
-9.8E-05,2969
-9.9E-05,2970
-9.9E-05,2971
-0.000101,2972
-0.000101,2973
-0.000102,2974
-1E-04,2975
-1E-04,2976
-9.9E-05,2977
-9.8E-05,2978
-9.9E-05,2979
-1E-04,2980
-1E-04,2981
-0.000101,2982
-0.000102,2983
-0.000101,2984
-1E-04,2985
-1E-04,2986
-0.000101,2987
-0.000102,2988
-0.000102,2989
-0.000102,2990
-0.000101,2991
-1E-04,2992
-1E-04,2993
-1E-04,2994
-0.000103,2995
-0.000103,2996
-0.000102,2997
-0.000101,2998
-0.000101,2999
-0.000102,3000
-0.000103,3001
-0.000102,3002
-0.000101,3003
-0.000102,3004
-0.000102,3005
-0.000102,3006
-0.000102,3007
-0.000102,3008
-0.000102,3009
-0.000102,3010
-0.000102,3011
-0.000102,3012
-0.000101,3013
-0.000101,3014
-0.000102,3015
-0.000101,3016
-0.000101,3017
-0.000101,3018
-0.000101,3019
-0.000101,3020
-0.000101,3021
-0.000101,3022
-1E-04,3023
-1E-04,3024
-0.000101,3025
-0.000101,3026
-0.000101,3027
-0.000101,3028
-1E-04,3029
-0.000103,3030
-0.000103,3031
-0.000103,3032
-0.000101,3033
-0.000101,3034
-0.000103,3035
-0.000105,3036
-0.000105,3037
-0.000103,3038
-0.000102,3039
-0.000101,3040
-9.9E-05,3041
-1E-04,3042
-1E-04,3043
-1E-04,3044
-0.000101,3045
-1E-04,3046
-1E-04,3047
-1E-04,3048
-1E-04,3049
-0.000101,3050
-0.000101,3051
-0.000104,3052
-0.000104,3053
-0.000103,3054
-9.9E-05,3055
-9.9E-05,3056
-9.7E-05,3057
-9.7E-05,3058
-9.9E-05,3059
-9.9E-05,3060
-9.8E-05,3061
-1E-04,3062
-9.8E-05,3063
-9.9E-05,3064
-9.9E-05,3065
-0.000101,3066
-0.000101,3067
-0.000101,3068
-1E-04,3069
-1E-04,3070
-9.9E-05,3071
-9.9E-05,3072
-1E-04,3073
-1E-04,3074
-1E-04,3075
-0.000102,3076
-0.000102,3077
-1E-04,3078
-1E-04,3079
-9.9E-05,3080
-1E-04,3081
-1E-04,3082
-1E-04,3083
-0.000101,3084
-0.000101,3085
-0.000101,3086
-1E-04,3087
-1E-04,3088
-9.9E-05,3089
-9.9E-05,3090
-0.000101,3091
-1E-04,3092
-1E-04,3093
-1E-04,3094
-1E-04,3095
-1E-04,3096
-9.9E-05,3097
-9.9E-05,3098
-9.9E-05,3099
-0.000101,3100
-1E-04,3101
-1E-04,3102
-1E-04,3103
-1E-04,3104
-1E-04,3105
-1E-04,3106
-0.000101,3107
-0.000102,3108
-0.000101,3109
-0.000101,3110
-0.000101,3111
-1E-04,3112
-0.000101,3113
-0.000103,3114
-0.000103,3115
-0.000103,3116
-0.000102,3117
-1E-04,3118
-1E-04,3119
-0.000101,3120
-0.000102,3121
-0.000102,3122
-0.000102,3123
-0.000101,3124
-9.9E-05,3125
-1E-04,3126
-9.9E-05,3127
-1E-04,3128
-1E-04,3129
-9.9E-05,3130
-9.7E-05,3131
-9.7E-05,3132
-9.9E-05,3133
-9.7E-05,3134
-9.7E-05,3135
-9.7E-05,3136
-9.8E-05,3137
-9.6E-05,3138
-9.6E-05,3139
-9.7E-05,3140
-9.8E-05,3141
-9.8E-05,3142
-9.7E-05,3143
-9.6E-05,3144
-9.5E-05,3145
-9.3E-05,3146
-9.1E-05,3147
-8.9E-05,3148
-8.9E-05,3149
-8.8E-05,3150
-8.8E-05,3151
-8.8E-05,3152
-8.8E-05,3153
-8.7E-05,3154
-8.7E-05,3155
-8.7E-05,3156
-8.7E-05,3157
-8.6E-05,3158
-8.5E-05,3159
-8.5E-05,3160
-8.4E-05,3161
-8.3E-05,3162
-8.3E-05,3163
-8.4E-05,3164
-8.4E-05,3165
-8.3E-05,3166
-8.1E-05,3167
-8.1E-05,3168
-8.2E-05,3169
-8.2E-05,3170
-8.1E-05,3171
-8.1E-05,3172
-8E-05,3173
-8E-05,3174
-8E-05,3175
-7.9E-05,3176
-8E-05,3177
-8E-05,3178
-7.9E-05,3179
-8E-05,3180
-7.8E-05,3181
-7.9E-05,3182
-7.9E-05,3183
-7.8E-05,3184
-7.9E-05,3185
-7.9E-05,3186
-8E-05,3187
-8.2E-05,3188
-8.2E-05,3189
-8.2E-05,3190
-8.2E-05,3191
-8.2E-05,3192
-8.4E-05,3193
-8.3E-05,3194
-8.1E-05,3195
-7.9E-05,3196
-8E-05,3197
-8E-05,3198
-8.1E-05,3199
-8.3E-05,3200
-8.3E-05,3201
-8.4E-05,3202
-8.2E-05,3203
-7.5E-05,3204
-7.5E-05,3205
-7.5E-05,3206
-7.7E-05,3207
-8.7E-05,3208
-8.7E-05,3209
-8.7E-05,3210
-8.5E-05,3211
-8.5E-05,3212
-8E-05,3213
-8E-05,3214
-7.8E-05,3215
-8E-05,3216
-8E-05,3217
-8.3E-05,3218
-8.4E-05,3219
-8.3E-05,3220
-8.8E-05,3221
-8.6E-05,3222
-8.4E-05,3223
-8.2E-05,3224
-7.8E-05,3225
-8.1E-05,3226
-8.2E-05,3227
-8.2E-05,3228
-8.5E-05,3229
-8.9E-05,3230
-8.6E-05,3231
-8.5E-05,3232
-8.3E-05,3233
-7.8E-05,3234
-8E-05,3235
-8.3E-05,3236
-8.4E-05,3237
-8.7E-05,3238
-8.4E-05,3239
-8.4E-05,3240
-8.2E-05,3241
-8.1E-05,3242
-8.2E-05,3243
-8.3E-05,3244
-8.5E-05,3245
-8.5E-05,3246
-8.3E-05,3247
-8.3E-05,3248
-8.2E-05,3249
-8.1E-05,3250
-0.000151,3251
-0.000643,3252
-0.00172,3253
-0.003301,3254
-0.005197,3255
-0.007246,3256
-0.009426,3257
-0.01208,3258
-0.019471,3259
-0.019471,3260
-0.023367,3261
-0.027885,3262
-0.032768,3263
-0.038042,3264
-0.049555,3265
-0.049555,3266
-0.055817,3267
-0.062381,3268
-0.069246,3269
-0.076413,3270
-0.083924,3271
-0.099858,3272
-0.099858,3273
-0.108253,3274
-0.12583,3275
-0.134996,3276
-0.134996,3277
-0.144434,3278
-0.154148,3279
-0.164056,3280
-0.174173,3281
-0.195072,3282
-0.227187,3283
-0.247549,3284
-0.247549,3285
-0.257415,3286
-0.267078,3287
-0.276455,3288
-0.276455,3289
-0.294427,3290
-0.311073,3291
-0.311073,3292
-0.311073,3293
-0.326446,3294
-0.326446,3295
-0.340362,3296
-0.340362,3297
-0.346862,3298
-0.353044,3299
-0.358901,3300
-0.369401,3301
-0.369401,3302
-0.378446,3303
-0.382331,3304
-0.386015,3305
-0.386015,3306
-0.391516,3307
-0.393542,3308
-0.395374,3309
-0.395374,3310
-0.397,3311
-0.399303,3312
-0.399303,3313
-0.399815,3314
-0.399911,3315
-0.399911,3316
-0.399911,3317
-0.399912,3318
-0.399912,3319
-0.399912,3320
-0.399911,3321
-0.39991,3322
-0.399909,3323
-0.399909,3324
-0.399909,3325
-0.399909,3326
-0.39991,3327
-0.39991,3328
-0.399909,3329
-0.399909,3330
-0.399909,3331
-0.399909,3332
-0.39991,3333
-0.39991,3334
-0.39991,3335
-0.39991,3336
-0.399908,3337
-0.399906,3338
-0.399907,3339
-0.399906,3340
-0.399904,3341
-0.399904,3342
-0.399906,3343
-0.399914,3344
-0.399914,3345
-0.399913,3346
-0.39991,3347
-0.399904,3348
-0.399904,3349
-0.399903,3350
-0.399903,3351
-0.399905,3352
-0.399907,3353
-0.399911,3354
-0.399912,3355
-0.399911,3356
-0.399911,3357
-0.399904,3358
-0.399904,3359
-0.399905,3360
-0.399906,3361
-0.399906,3362
-0.399911,3363
-0.399912,3364
-0.399912,3365
-0.399908,3366
-0.399906,3367
-0.399906,3368
-0.399907,3369
-0.399907,3370
-0.399907,3371
-0.399907,3372
-0.399908,3373
-0.399908,3374
-0.399908,3375
-0.399908,3376
-0.399906,3377
-0.399906,3378
-0.399906,3379
-0.399908,3380
-0.399913,3381
-0.399913,3382
-0.399913,3383
-0.399915,3384
-0.399911,3385
-0.399909,3386
-0.399909,3387
-0.399904,3388
-0.399907,3389
-0.399906,3390
-0.399909,3391
-0.399914,3392
-0.399915,3393
-0.399915,3394
-0.399912,3395
-0.399911,3396
-0.399912,3397
-0.399907,3398
-0.39991,3399
-0.39991,3400
-0.399911,3401
-0.399913,3402
-0.399913,3403
-0.399912,3404
-0.39991,3405
-0.399906,3406
-0.399909,3407
-0.399909,3408
-0.399911,3409
-0.399911,3410
-0.399911,3411
-0.399911,3412
-0.399912,3413
-0.399912,3414
-0.399911,3415
-0.39991,3416
-0.39991,3417
-0.399907,3418
-0.399903,3419
-0.399904,3420
-0.399904,3421
-0.399908,3422
-0.399912,3423
-0.399914,3424
-0.399913,3425
-0.399913,3426
-0.399911,3427
-0.399912,3428
-0.399908,3429
-0.399908,3430
-0.399908,3431
-0.399907,3432
-0.39991,3433
-0.399909,3434
-0.399909,3435
-0.399909,3436
-0.39991,3437
-0.39991,3438
-0.39991,3439
-0.399908,3440
-0.399908,3441
-0.399907,3442
-0.39991,3443
-0.399909,3444
-0.399909,3445
-0.399909,3446
-0.399909,3447
-0.399908,3448
-0.399906,3449
-0.399906,3450
-0.399906,3451
-0.399905,3452
-0.399905,3453
-0.399905,3454
-0.399903,3455
-0.399903,3456
-0.399903,3457
-0.399905,3458
-0.399905,3459
-0.399906,3460
-0.399907,3461
-0.399907,3462
-0.399908,3463
-0.399906,3464
-0.399906,3465
-0.399906,3466
-0.399906,3467
-0.399901,3468
-0.399901,3469
-0.399901,3470
-0.399901,3471
-0.399903,3472
-0.399907,3473
-0.399907,3474
-0.399903,3475
-0.399903,3476
-0.399904,3477
-0.399905,3478
-0.399905,3479
-0.399905,3480
-0.399905,3481
-0.399907,3482
-0.399907,3483
-0.399907,3484
-0.399908,3485
-0.399907,3486
-0.399905,3487
-0.399907,3488
-0.399907,3489
-0.399908,3490
-0.399908,3491
-0.399908,3492
-0.399908,3493
-0.399906,3494
-0.399906,3495
-0.399908,3496
-0.399908,3497
-0.399908,3498
-0.399907,3499
-0.399915,3500
-0.399913,3501
-0.39991,3502
-0.399914,3503
-0.399915,3504
-0.399912,3505
-0.399912,3506
-0.399912,3507
-0.399916,3508
-0.399915,3509
-0.399908,3510
-0.399908,3511
-0.399911,3512
-0.399911,3513
-0.399912,3514
-0.399916,3515
-0.399916,3516
-0.39991,3517
-0.399914,3518
-0.399914,3519
-0.399915,3520
-0.399908,3521
-0.399908,3522
-0.399908,3523
-0.399913,3524
-0.399908,3525
-0.399908,3526
-0.399908,3527
-0.399913,3528
-0.39991,3529
-0.39991,3530
-0.399913,3531
-0.399913,3532
-0.399913,3533
-0.39991,3534
-0.399918,3535
-0.399918,3536
-0.399917,3537
-0.399916,3538
-0.399917,3539
-0.399916,3540
-0.399914,3541
-0.399914,3542
-0.399916,3543
-0.399912,3544
-0.399912,3545
-0.399912,3546
-0.399912,3547
-0.39991,3548
-0.39991,3549
-0.399911,3550
-0.399911,3551
-0.39991,3552
-0.399911,3553
-0.399912,3554
-0.399912,3555
-0.399912,3556
-0.399912,3557
-0.399911,3558
-0.399911,3559
-0.399912,3560
-0.399913,3561
-0.399912,3562
-0.399912,3563
-0.399912,3564
-0.399912,3565
-0.399911,3566
-0.399911,3567
-0.399911,3568
-0.39991,3569
-0.399909,3570
-0.39991,3571
-0.399911,3572
-0.399912,3573
-0.399912,3574
-0.399913,3575
-0.399912,3576
-0.399912,3577
-0.399912,3578
-0.399912,3579
-0.399912,3580
-0.399912,3581
-0.399913,3582
-0.399914,3583
-0.399914,3584
-0.399914,3585
-0.399913,3586
-0.399913,3587
-0.39991,3588
-0.39991,3589
-0.399912,3590
-0.399912,3591
-0.399912,3592
-0.399913,3593
-0.399913,3594
-0.399914,3595
-0.399913,3596
-0.399913,3597
-0.399912,3598
-0.399912,3599
-0.399912,3600
-0.399912,3601
-0.399911,3602
-0.39991,3603
-0.39991,3604
-0.39991,3605
-0.399913,3606
-0.399914,3607
-0.399914,3608
-0.399914,3609
-0.399914,3610
-0.399914,3611
-0.399915,3612
-0.399915,3613
-0.399914,3614
-0.399914,3615
-0.399915,3616
-0.399914,3617
-0.399913,3618
-0.399912,3619
-0.399912,3620
-0.399912,3621
-0.399912,3622
-0.399913,3623
-0.399913,3624
-0.399911,3625
-0.399911,3626
-0.39991,3627
-0.399909,3628
-0.399909,3629
-0.399909,3630
-0.39991,3631
-0.39991,3632
-0.399908,3633
-0.399907,3634
-0.399906,3635
-0.399905,3636
-0.399905,3637
-0.399905,3638
-0.399905,3639
-0.399907,3640
-0.399908,3641
-0.399909,3642
-0.399909,3643
-0.399909,3644
-0.399909,3645
-0.399909,3646
-0.399909,3647
-0.399909,3648
-0.39991,3649
-0.399912,3650
-0.399913,3651
-0.399913,3652
-0.399912,3653
-0.399913,3654
-0.399913,3655
-0.399913,3656
-0.399913,3657
-0.399912,3658
-0.399914,3659
-0.399914,3660
-0.399913,3661
-0.399914,3662
-0.399914,3663
-0.399912,3664
-0.399912,3665
-0.399912,3666
-0.399912,3667
-0.399911,3668
-0.399912,3669
-0.399912,3670
-0.399912,3671
-0.39991,3672
-0.39991,3673
-0.39991,3674
-0.39991,3675
-0.39991,3676
-0.39991,3677
-0.39991,3678
-0.39991,3679
-0.399849,3680
-0.399385,3681
-0.398339,3682
-0.396781,3683
-0.394894,3684
-0.388065,3685
-0.388065,3686
-0.384634,3687
-0.384634,3688
-0.376841,3689
-0.372341,3690
-0.372341,3691
-0.362218,3692
-0.356647,3693
-0.356647,3694
-0.350742,3695
-0.344492,3696
-0.323945,3697
-0.323945,3698
-0.323945,3699
-0.308641,3700
-0.308641,3701
-0.300546,3702
-0.283505,3703
-0.283505,3704
-0.265457,3705
-0.265457,3706
-0.256035,3707
-0.236436,3708
-0.22633,3709
-0.22633,3710
-0.216006,3711
-0.194633,3712
-0.194633,3713
-0.173323,3714
-0.163022,3715
-0.163022,3716
-0.143064,3717
-0.143064,3718
-0.123997,3719
-0.114874,3720
-0.105996,3721
-0.097512,3722
-0.097512,3723
-0.089321,3724
-0.073912,3725
-0.073912,3726
-0.066795,3727
-0.059967,3728
-0.047253,3729
-0.047253,3730
-0.041382,3731
-0.03592,3732
-0.03084,3733
-0.026147,3734
-0.021761,3735
-0.017854,3736
-0.014161,3737
-0.010968,3738
-0.008594,3739
-0.004718,3740
-0.003079,3741
-0.003079,3742
-0.003079,3743
-0.00172,3744
-0.000202,3745
-0.000202,3746
-9.1E-05,3747
-9.4E-05,3748
-9.3E-05,3749
-9.3E-05,3750
-9.4E-05,3751
-9.4E-05,3752
-9.3E-05,3753
-9.3E-05,3754
-9.4E-05,3755
-9.4E-05,3756
-9.4E-05,3757
-9.5E-05,3758
-9.5E-05,3759
-9.3E-05,3760
-9.3E-05,3761
-9.4E-05,3762
-9.4E-05,3763
-9.4E-05,3764
-9.4E-05,3765
-9.4E-05,3766
-9.6E-05,3767
-9.6E-05,3768
-9.7E-05,3769
-9.7E-05,3770
-9.7E-05,3771
-9.8E-05,3772
-9.8E-05,3773
-9.8E-05,3774
-9.8E-05,3775
-9.8E-05,3776
-1E-04,3777
-0.000101,3778
-0.000101,3779
-0.000101,3780
-0.000101,3781
-0.000101,3782
-0.000103,3783
-0.000104,3784
-0.000103,3785
-0.000103,3786
-0.000105,3787
-0.000107,3788
-0.000107,3789
-0.000107,3790
-0.000107,3791
-0.000105,3792
-0.000106,3793
-0.000105,3794
-1E-04,3795
-1E-04,3796
-0.000101,3797
-0.000101,3798
-0.000102,3799
-0.000103,3800
-0.000105,3801
-0.000108,3802
-0.000108,3803
-0.00011,3804
-0.00011,3805
-0.000108,3806
-0.000108,3807
-0.000108,3808
-0.000109,3809
-0.000109,3810
-0.00011,3811
-0.000111,3812
-0.000111,3813
-0.000111,3814
-0.00011,3815
-0.000112,3816
-0.000112,3817
-0.000112,3818
-0.000115,3819
-0.000114,3820
-0.000114,3821
-0.000113,3822
-0.000112,3823
-0.000114,3824
-0.000114,3825
-0.000113,3826
-0.000114,3827
-0.000115,3828
-0.000115,3829
-0.000115,3830
-0.000115,3831
-0.000114,3832
-0.000113,3833
-0.000115,3834
-0.000115,3835
-0.000115,3836
-0.000115,3837
-0.000116,3838
-0.000114,3839
-0.000114,3840
-0.000114,3841
-0.000115,3842
-0.000114,3843
-0.000114,3844
-0.000114,3845
-0.000114,3846
-0.000114,3847
-0.000115,3848
-0.000115,3849
-0.000115,3850
-0.000114,3851
-0.00011,3852
-0.00011,3853
-0.000114,3854
-0.000115,3855
-0.000118,3856
-0.000118,3857
-0.000118,3858
-0.000117,3859
-0.000114,3860
-0.000113,3861
-0.000113,3862
-0.000112,3863
-0.000113,3864
-0.000112,3865
-0.000112,3866
-0.000114,3867
-0.000114,3868
-0.000114,3869
-0.000112,3870
-0.000112,3871
-0.000115,3872
-0.000115,3873
-0.000113,3874
-0.000113,3875
-0.000113,3876
-0.000112,3877
-0.000113,3878
-0.000114,3879
-0.000115,3880
-0.000115,3881
-0.000115,3882
-0.000114,3883
-0.000113,3884
-0.000111,3885
-0.00011,3886
-0.000113,3887
-0.000114,3888
-0.000114,3889
-0.000114,3890
-0.000114,3891
-0.000114,3892
-0.000115,3893
-0.000115,3894
-0.000114,3895
-0.000114,3896
-0.000114,3897
-0.000114,3898
-0.000114,3899
-0.000114,3900
-0.000112,3901
-0.000112,3902
-0.000112,3903
-0.000114,3904
-0.000116,3905
-0.000116,3906
-0.000112,3907
-0.000115,3908
-0.000115,3909
-0.000115,3910
-0.000114,3911
-0.000114,3912
-0.000114,3913
-0.000114,3914
-0.000114,3915
-0.000114,3916
-0.000115,3917
-0.000114,3918
-0.000114,3919
-0.000115,3920
-0.000115,3921
-0.000115,3922
-0.000114,3923
-0.000115,3924
-0.000114,3925
-0.000115,3926
-0.000115,3927
-0.000115,3928
-0.000115,3929
-0.000115,3930
-0.000115,3931
-0.000115,3932
-0.000114,3933
-0.000115,3934
-0.000115,3935
-0.000115,3936
-0.000115,3937
-0.000114,3938
-0.000115,3939
-0.000116,3940
-0.000116,3941
-0.000116,3942
-0.000117,3943
-0.000117,3944
-0.000116,3945
-0.000115,3946
-0.000112,3947
-0.000112,3948
-0.000113,3949
-0.000118,3950
-0.000118,3951
-0.000117,3952
-0.000116,3953
-0.000115,3954
-0.000115,3955
-0.000114,3956
-0.000115,3957
-0.000114,3958
-0.000114,3959
-0.000115,3960
-0.000115,3961
-0.000115,3962
-0.000114,3963
-0.000114,3964
-0.000113,3965
-0.000113,3966
-0.000114,3967
-0.000114,3968
-0.000115,3969
-0.000115,3970
-0.000115,3971
-0.000116,3972
-0.000115,3973
-0.000114,3974
-0.000114,3975
-0.000113,3976
-0.000115,3977
-0.000115,3978
-0.000114,3979
-0.000115,3980
-0.000115,3981
-0.000113,3982
-0.000113,3983
-0.000114,3984
-0.000114,3985
-0.000114,3986
-0.000115,3987
-0.000115,3988
-0.000115,3989
-0.000115,3990
-0.000114,3991
-0.000114,3992
-0.000113,3993
-0.000114,3994
-0.000114,3995
-0.000115,3996
-0.000115,3997
-0.000114,3998
-0.000115,3999
-0.000115,4000
-0.000113,4001
-0.000113,4002
-0.000113,4003
-0.000113,4004
-0.000114,4005
-0.000115,4006
-0.000116,4007
-0.000113,4008
-0.000114,4009
-0.000114,4010
-0.000114,4011
-0.000114,4012
-0.000115,4013
-0.000115,4014
-0.000115,4015
-0.000113,4016
-0.000114,4017
-0.000113,4018
-0.000113,4019
-0.000113,4020
-0.000113,4021
-0.000114,4022
-0.000114,4023
-0.000114,4024
-0.000114,4025
-0.000114,4026
-0.000114,4027
-0.000114,4028
-0.000114,4029
-0.000114,4030
-0.000114,4031
-0.000114,4032
-0.000114,4033
-0.000113,4034
-0.000113,4035
-0.000113,4036
-0.000114,4037
-0.000114,4038
-0.000113,4039
-0.000113,4040
-0.000113,4041
-0.000113,4042
-0.000113,4043
-0.000113,4044
-0.000112,4045
-0.000113,4046
-0.000113,4047
-0.000113,4048
-0.000113,4049
-0.000112,4050
-0.000113,4051
-0.000113,4052
-0.000113,4053
-0.000113,4054
-0.000113,4055
-0.000113,4056
-0.000113,4057
-0.000113,4058
-0.000113,4059
-0.000113,4060
-0.000113,4061
-0.000112,4062
-0.000112,4063
-0.000112,4064
-0.000112,4065
-0.000113,4066
-0.000113,4067
-0.000113,4068
-0.000113,4069
-0.000112,4070
-0.000112,4071
-0.000112,4072
-0.000112,4073
-0.000112,4074
-0.000112,4075
-0.000112,4076
-0.000112,4077
-0.000112,4078
-0.000111,4079
-0.000113,4080
-0.000112,4081
-0.000112,4082
-0.000113,4083
-0.000113,4084
-0.000112,4085
-0.000112,4086
-0.000112,4087
-0.000112,4088
-0.000113,4089
-0.000112,4090
-0.000112,4091
-0.000112,4092
-0.000112,4093
-0.000112,4094
-0.000112,4095
-0.000112,4096
-0.000112,4097
-0.000112,4098
-0.000112,4099
-0.000112,4100
-0.000112,4101
-0.000112,4102
-0.000112,4103
-0.000112,4104
-0.000112,4105
-0.000112,4106
-0.000112,4107
-0.000112,4108
-0.000112,4109
-0.000112,4110
-0.000111,4111
-0.000111,4112
-0.000112,4113
-0.000113,4114
-0.000113,4115
-0.000113,4116
-0.000113,4117
-0.000113,4118
-0.000111,4119
-0.00011,4120
-0.00011,4121
-0.000115,4122
-0.000115,4123
-0.000115,4124
-0.000115,4125
-0.000116,4126
-0.00011,4127
-0.00011,4128
-0.000114,4129
-0.000114,4130
-0.000112,4131
-0.000114,4132
-0.000114,4133
-0.000114,4134
-0.000114,4135
-0.000114,4136
-0.000114,4137
-0.000114,4138
-0.000112,4139
-0.000112,4140
-0.000112,4141
-0.000112,4142
-0.000113,4143
-0.000113,4144
-0.000116,4145
-0.000115,4146
-0.000114,4147
-0.000116,4148
-0.000116,4149
-0.000111,4150
-0.000114,4151
-0.000114,4152
-0.000116,4153
-0.000114,4154
-0.000114,4155
-0.000115,4156
-0.000117,4157
-0.000117,4158
-0.000113,4159
-0.000113,4160
-0.000116,4161
-0.000113,4162
-0.000115,4163
-0.000115,4164
-0.000114,4165
-0.000114,4166
-0.000113,4167
-0.000115,4168
-0.000115,4169
-0.000114,4170
-0.000114,4171
-0.000116,4172
-0.000114,4173
-0.000114,4174
-0.000114,4175
-0.000114,4176
-0.000115,4177
-0.000115,4178
-0.000114,4179
-0.000114,4180
-0.000116,4181
-0.000115,4182
-0.000115,4183
-0.000115,4184
-0.000114,4185
-0.000114,4186
-0.000115,4187
-0.000115,4188
-0.000114,4189
-0.000114,4190
-0.000114,4191
-0.000115,4192
-0.000115,4193
-0.000115,4194
-0.000114,4195
-0.000117,4196
-0.000115,4197
-0.000115,4198
-0.000115,4199
-0.000115,4200
-0.000116,4201
-0.000115,4202
-0.000115,4203
-0.000115,4204
-0.000115,4205
-0.000114,4206
-0.000115,4207
-0.000115,4208
-0.000115,4209
-0.000115,4210
-0.000115,4211
-0.000115,4212
-0.000115,4213
-0.000115,4214
-0.000115,4215
-0.000115,4216
-0.000115,4217
-0.000116,4218
-0.000115,4219
-0.000115,4220
-0.000115,4221
-0.000115,4222
-0.000115,4223
-0.000115,4224
-0.000115,4225
-0.000115,4226
-0.000114,4227
-0.000114,4228
-0.000114,4229
-0.000114,4230
-0.000114,4231
-0.000116,4232
-0.000115,4233
-0.000116,4234
-0.000116,4235
-0.000116,4236
-0.000116,4237
-0.000116,4238
-0.000116,4239
-0.000115,4240
-0.000115,4241
-0.000115,4242
-0.000115,4243
-0.000115,4244
-0.000114,4245
-0.000115,4246
-0.000114,4247
-0.000114,4248
-0.000115,4249
-0.000114,4250
-0.000115,4251
-0.000114,4252
-0.000114,4253
-0.000114,4254
-0.000115,4255
-0.000115,4256
-0.000115,4257
-0.000115,4258
-0.000114,4259
-0.000117,4260
-0.000117,4261
-0.000117,4262
-0.000117,4263
-0.000117,4264
-0.000117,4265
-0.000119,4266
-0.000117,4267
-0.000117,4268
-0.000117,4269
-0.000117,4270
-0.000117,4271
-0.000115,4272
-0.000115,4273
-0.000115,4274
-0.000116,4275
-0.000117,4276
-0.000118,4277
-0.000119,4278
-0.000119,4279
-0.000121,4280
-0.000118,4281
-0.000118,4282
-0.000118,4283
-0.000118,4284
-0.000118,4285
-0.000118,4286
-0.000118,4287
-0.000118,4288
-0.000112,4289
-0.000112,4290
-0.000121,4291
-0.000121,4292
-0.000115,4293
-0.000117,4294
-0.000117,4295
-0.000114,4296
-0.000114,4297
-0.000119,4298
-0.00012,4299
-0.00012,4300
-0.000114,4301
-0.000118,4302
-0.000118,4303
-0.000121,4304
-0.00012,4305
-0.00012,4306
-0.00012,4307
-0.000123,4308
-0.00012,4309
-0.00012,4310
-0.000121,4311
-0.000121,4312
-0.000119,4313
-0.000117,4314
-0.000119,4315
-0.000122,4316
-0.000119,4317
-0.000119,4318
-0.00012,4319
-0.000122,4320
-0.000123,4321
-0.000122,4322
-0.000121,4323
-0.000121,4324
-0.00012,4325
-0.000118,4326
-0.000119,4327
-0.000121,4328
-0.000121,4329
-0.000122,4330
-0.000123,4331
-0.000123,4332
-0.000124,4333
-0.000124,4334
-0.000121,4335
-0.000121,4336
-0.00012,4337
-0.00012,4338
-0.00012,4339
-0.000117,4340
-0.00012,4341
-0.00012,4342
-0.000121,4343
-0.000122,4344
-0.000122,4345
-0.000122,4346
-0.000119,4347
-0.000121,4348
-0.000121,4349
-0.000121,4350
-0.000117,4351
-0.000118,4352
-0.000118,4353
-0.00012,4354
-0.00012,4355
-0.00012,4356
-0.000119,4357
-0.000119,4358
-0.000119,4359
-0.000119,4360
-0.000119,4361
-0.000119,4362
-0.000119,4363
-0.00012,4364
-0.000118,4365
-0.00012,4366
-0.000121,4367
-0.000121,4368
-0.00012,4369
-0.000119,4370
-0.000119,4371
-0.000121,4372
-0.00012,4373
-0.000121,4374
-0.000121,4375
-0.000117,4376
-0.000117,4377
-0.000118,4378
-0.000118,4379
-0.000118,4380
-0.00012,4381
-0.00012,4382
-0.000119,4383
-0.000119,4384
-0.000118,4385
-0.000119,4386
-0.000121,4387
-0.000121,4388
-0.00012,4389
-0.000119,4390
-0.000119,4391
-0.000119,4392
-0.000119,4393
-0.00012,4394
-0.000119,4395
-0.000119,4396
-0.000119,4397
-0.00012,4398
-0.00012,4399
-0.000119,4400
-0.00012,4401
-0.000121,4402
-0.00012,4403
-0.00012,4404
-0.00012,4405
-0.000118,4406
-0.000118,4407
-0.000119,4408
-0.000119,4409
-0.00012,4410
-0.000121,4411
-0.000121,4412
-0.000121,4413
-0.000121,4414
-0.000119,4415
-0.00012,4416
-0.00012,4417
-0.000121,4418
-0.000119,4419
-0.000119,4420
-0.000119,4421
-0.000119,4422
-0.00012,4423
-0.00012,4424
-0.000117,4425
-0.00012,4426
-0.000123,4427
-0.000122,4428
-0.000118,4429
-0.000119,4430
-0.000119,4431
-0.000122,4432
-0.000122,4433
-0.000118,4434
-0.000123,4435
-0.000121,4436
-0.000118,4437
-0.000116,4438
-0.000116,4439
-0.000121,4440
-0.000114,4441
-0.000115,4442
-0.000115,4443
-0.000121,4444
-0.000121,4445
-0.000116,4446
-0.000116,4447
-0.000117,4448
-0.000117,4449
-0.000114,4450
-0.000118,4451
-0.000118,4452
-0.000118,4453
-0.000118,4454
-0.000119,4455
-0.000119,4456
-0.00012,4457
-0.000116,4458
-0.000113,4459
-0.000114,4460
-0.000116,4461
-0.000116,4462
-0.000116,4463
-0.000115,4464
-0.000116,4465
-0.000111,4466
-0.000111,4467
-0.000116,4468
-0.000118,4469
-0.000118,4470
-0.000113,4471
-0.000113,4472
-0.000118,4473
-0.000118,4474
-0.000112,4475
-0.000116,4476
-0.000119,4477
-0.000115,4478
-0.000113,4479
-0.000113,4480
-0.000116,4481
-0.000113,4482
-0.000113,4483
-0.000114,4484
-0.000114,4485
-0.00011,4486
-0.00011,4487
-0.000112,4488
-0.000116,4489
-0.000115,4490
-0.000111,4491
-0.000111,4492
-0.000114,4493
-0.000114,4494
-0.000114,4495
-0.000111,4496
-0.000116,4497
-0.000116,4498
-0.000116,4499
-0.000118,4500
-0.000118,4501
-0.000118,4502
-0.000115,4503
-0.000116,4504
-0.000118,4505
-0.000118,4506
-0.000114,4507
-0.000116,4508
-0.000116,4509
-0.000119,4510
-0.000117,4511
-0.000117,4512
-0.000121,4513
-0.000121,4514
-0.000117,4515
-0.000117,4516
-0.000116,4517
-0.000116,4518
-0.00012,4519
-0.000117,4520
-0.000117,4521
-0.000119,4522
-0.000115,4523
-0.000118,4524
-0.000118,4525
-0.000118,4526
-0.000119,4527
-0.000118,4528
-0.000118,4529
-0.000118,4530
-0.000117,4531
-0.000117,4532
-0.00012,4533
-0.00012,4534
-0.000118,4535
-0.000117,4536
-0.000117,4537
-0.000121,4538
-0.000118,4539
-0.000118,4540
-0.000121,4541
-0.00012,4542
-0.000116,4543
-0.000116,4544
-0.000119,4545
-0.000119,4546
-0.000117,4547
-0.000119,4548
-0.000119,4549
-0.000119,4550
-0.000119,4551
