-3.2E-05,-0.00023
-3.2E-05,-0.00023
-3.2E-05,-0.000229
-3.2E-05,-0.000229
-3.3E-05,-0.000228
-3.2E-05,-0.000227
-3.3E-05,-0.000228
-3.3E-05,-0.000228
-3.2E-05,-0.000224
-3.3E-05,-0.000231
-3.3E-05,-0.00023
-3.3E-05,-0.000224
-3.2E-05,-0.000212
-3.2E-05,-0.000183
-3.2E-05,-0.000183
-3.2E-05,-0.000185
-3.2E-05,-0.000196
-3.2E-05,-0.000212
-3.2E-05,-0.000222
-3.2E-05,-0.000228
-3.2E-05,-0.00024
-3.2E-05,-0.000261
-3.2E-05,-0.000312
-3.2E-05,-0.000312
-3.2E-05,-0.000346
-3.2E-05,-0.000346
-3.1E-05,-0.000362
-3.2E-05,-0.000379
-3.2E-05,-0.000398
-3.2E-05,-0.000416
-3.2E-05,-0.000416
-3.2E-05,-0.000415
-3.3E-05,-0.000415
-3.2E-05,-0.000401
-3.2E-05,-0.000401
-3.2E-05,-0.000386
-3.2E-05,-0.000372
-3.1E-05,-0.000314
-3.1E-05,-0.000314
-3.1E-05,-0.00024
-3.1E-05,-0.00024
-3E-05,-0.000218
-3E-05,-0.000249
-3E-05,-0.000249
-3.1E-05,-0.000275
-3.1E-05,-0.000275
-3.3E-05,-0.000265
-3.2E-05,-0.000218
-3.2E-05,-0.000218
-3.2E-05,-0.000186
-3E-05,-0.000164
-3E-05,-0.000132
-3E-05,-0.000123
-3E-05,-0.00012
-3E-05,-0.000125
-3.1E-05,-9.5E-05
-3.1E-05,-9.5E-05
-3.2E-05,-5.6E-05
-2.9E-05,4.6E-05
-2.9E-05,4.6E-05
-2.9E-05,4.6E-05
-2.7E-05,4.5E-05
-2.8E-05,1.8E-05
-3.1E-05,-3E-05
-3.1E-05,-3.3E-05
-3.2E-05,3.1E-05
-3.3E-05,0.000138
-3.2E-05,0.000235
-2.7E-05,0.000234
-2.6E-05,7.4E-05
-2.6E-05,7.4E-05
-2.9E-05,5.7E-05
-3E-05,0.000155
-3.6E-05,0.000398
-3.6E-05,0.000398
-3.2E-05,0.00039
-3.1E-05,0.000311
-2.4E-05,0.000235
-2.6E-05,0.000234
-2.9E-05,0.000302
-3.5E-05,0.000388
-3.5E-05,0.000388
-3.4E-05,0.000415
-3.1E-05,0.00042
-3.1E-05,0.000427
-3.1E-05,0.000427
-2.6E-05,0.000431
-2.5E-05,0.000414
-2.7E-05,0.000378
-3E-05,0.000365
-3.5E-05,0.000395
-3.5E-05,0.000458
-3.5E-05,0.000501
-3.1E-05,0.000506
-2.7E-05,0.00049
-2.5E-05,0.000522
-2.5E-05,0.000522
-2.7E-05,0.000543
-2.9E-05,0.000561
-3.2E-05,0.000569
-3.2E-05,0.000579
-3E-05,0.00058
-2.9E-05,0.000572
-2.8E-05,0.000539
-2.6E-05,0.000534
-2.7E-05,0.000543
-2.8E-05,0.000572
-3.1E-05,0.000603
-3.2E-05,0.000629
-2.9E-05,0.00063
-2.8E-05,0.000616
-2.7E-05,0.000599
-2.8E-05,0.00061
-3E-05,0.000636
-3.1E-05,0.000654
-3E-05,0.000659
-3.1E-05,0.000652
-2.8E-05,0.000623
-2.8E-05,0.000609
-2.8E-05,0.000609
-2.9E-05,0.000624
-2.9E-05,0.000624
-2.8E-05,0.000668
-2.8E-05,0.000668
-2.9E-05,0.000659
-2.8E-05,0.000628
-2.7E-05,0.000615
-2.8E-05,0.00064
-2.8E-05,0.00064
-2.8E-05,0.000666
-2.9E-05,0.000685
-2.7E-05,0.000704
-2.7E-05,0.000704
-2.8E-05,0.000701
-2.7E-05,0.000702
-2.8E-05,0.000702
-2.8E-05,0.000721
-2.9E-05,0.000718
-2.9E-05,0.000718
-2.8E-05,0.000709
-2.8E-05,0.000714
-2.7E-05,0.000758
-2.7E-05,0.000758
-2.7E-05,0.000765
-2.8E-05,0.000778
-2.9E-05,0.000806
-2.9E-05,0.00084
-2.8E-05,0.000877
-2.8E-05,0.000894
-2.8E-05,0.000904
-2.8E-05,0.00092
-2.7E-05,0.000946
-2.8E-05,0.000971
-2.8E-05,0.000984
-2.8E-05,0.000995
-2.7E-05,0.001004
-2.7E-05,0.001023
-2.8E-05,0.001045
-2.8E-05,0.001073
-2.8E-05,0.001094
-2.7E-05,0.001122
-2.9E-05,0.001156
-2.8E-05,0.001212
-2.7E-05,0.001279
-2.8E-05,0.001333
-3E-05,0.001349
-2.8E-05,0.001349
-2.8E-05,0.001358
-2.7E-05,0.001378
-2.8E-05,0.001408
-2.7E-05,0.001437
-2.8E-05,0.001452
-2.7E-05,0.001476
-2.8E-05,0.001526
-2.7E-05,0.001672
-2.7E-05,0.001672
-2.7E-05,0.001756
-2.8E-05,0.001823
-2.8E-05,0.001798
-2.8E-05,0.001798
-2.8E-05,0.001753
-2.7E-05,0.001744
-2.8E-05,0.001787
-2.7E-05,0.001841
-2.7E-05,0.001901
-2.7E-05,0.001936
-2.7E-05,0.001936
-2.8E-05,0.002149
-3E-05,0.002153
-2.6E-05,0.00218
-2.6E-05,0.00218
-2.6E-05,0.00218
-2.9E-05,0.002246
-2.9E-05,0.002246
-2.8E-05,0.002252
-2.8E-05,0.002232
-2.6E-05,0.002219
-2.9E-05,0.002257
-2.7E-05,0.002323
-2.8E-05,0.00239
-2.6E-05,0.002412
-2.8E-05,0.002396
-3E-05,0.002392
-2.9E-05,0.002413
-2.6E-05,0.002485
-2.6E-05,0.002485
-2.7E-05,0.002487
-2.9E-05,0.002463
-2.7E-05,0.002428
-2.9E-05,0.002429
-2.8E-05,0.00244
-2.8E-05,0.002462
-2.8E-05,0.002462
-2.7E-05,0.00244
-2.7E-05,0.002417
-2.9E-05,0.002416
-2.9E-05,0.002437
-2.7E-05,0.002458
-2.7E-05,0.00249
-2.7E-05,0.002516
-2.7E-05,0.002516
-2.8E-05,0.002507
-2.9E-05,0.00247
-2.9E-05,0.002448
-2.8E-05,0.002465
-2.9E-05,0.002505
-2.7E-05,0.002531
-2.8E-05,0.00254
-2.8E-05,0.002538
-2.8E-05,0.002547
-2.8E-05,0.002577
-2.7E-05,0.002602
-2.7E-05,0.002603
-2.7E-05,0.002603
-3.1E-05,0.002615
-2.6E-05,0.002632
-2.6E-05,0.002632
-2.7E-05,0.002655
-2.9E-05,0.002672
-3E-05,0.002672
-2.6E-05,0.002669
-2.7E-05,0.002663
-2.8E-05,0.002664
-2.8E-05,0.002674
-3E-05,0.002662
-2.6E-05,0.002604
-2.7E-05,0.002511
-2.7E-05,0.002511
-2.7E-05,0.002511
-2.7E-05,0.002511
-2.8E-05,0.002541
-2.8E-05,0.002638
-2.8E-05,0.002638
-2.6E-05,0.0026
-2.8E-05,0.002559
-2.8E-05,0.002544
-2.7E-05,0.002711
-2.8E-05,0.00325
-2.7E-05,0.00422
-2.7E-05,0.005579
-3.1E-05,0.009065
-3.1E-05,0.009065
-2.8E-05,0.010806
-2.6E-05,0.012435
-2.8E-05,0.013952
-2.7E-05,0.015463
-2.9E-05,0.017182
-2.8E-05,0.019385
-2.9E-05,0.024827
-2.9E-05,0.024827
-2.8E-05,0.027635
-2.8E-05,0.030632
-2.9E-05,0.033784
-2.7E-05,0.036986
-2.5E-05,0.040466
-3E-05,0.044321
-2.8E-05,0.048325
-2.9E-05,0.056933
-2.9E-05,0.056933
-3.1E-05,0.061162
-3E-05,0.065913
-2.7E-05,0.07085
-2.8E-05,0.075569
-2.9E-05,0.080152
-2.7E-05,0.084579
-2.7E-05,0.092707
-2.7E-05,0.092707
-2.9E-05,0.096692
-2.8E-05,0.100438
-2.6E-05,0.103981
-3.2E-05,0.107545
-3.2E-05,0.107545
-2.9E-05,0.114554
-2.7E-05,0.11793
-2.6E-05,0.121038
-2.8E-05,0.124058
-2.7E-05,0.126945
-2.6E-05,0.129254
-2.8E-05,0.131108
-3.3E-05,0.134736
-3.3E-05,0.134736
-2.5E-05,0.13624
-2.6E-05,0.137717
-3.2E-05,0.13915
-2.4E-05,0.141554
-2.4E-05,0.141554
-3.1E-05,0.142374
-3.1E-05,0.142837
-2.6E-05,0.143106
-2.7E-05,0.143175
-3E-05,0.143052
-3.4E-05,0.143035
-3.2E-05,0.143081
-2.3E-05,0.143031
-2.4E-05,0.142973
-3.3E-05,0.142983
-2.8E-05,0.142958
-2.5E-05,0.142924
-2.9E-05,0.142922
-3.1E-05,0.14292
-2.9E-05,0.142975
-2.8E-05,0.142999
-2.8E-05,0.142999
-2.9E-05,0.142992
-2.8E-05,0.143061
-2.8E-05,0.143065
-3.1E-05,0.14304
-3.2E-05,0.143069
-2.7E-05,0.143082
-2.4E-05,0.143057
-3E-05,0.143012
-3.2E-05,0.142994
-3E-05,0.143002
-2.6E-05,0.14299
-2.8E-05,0.142947
-3E-05,0.142927
-2.9E-05,0.142944
-2.6E-05,0.142962
-2.7E-05,0.142963
-3E-05,0.142997
-2.8E-05,0.143041
-2.9E-05,0.143058
-3E-05,0.143055
-2.8E-05,0.143065
-2.7E-05,0.143094
-2.5E-05,0.143096
-3.3E-05,0.143069
-3.3E-05,0.143069
-2.7E-05,0.143068
-2.7E-05,0.143049
-3E-05,0.143014
-3E-05,0.142987
-3E-05,0.142983
-2.7E-05,0.142978
-2.6E-05,0.142954
-2.7E-05,0.142949
-3E-05,0.142959
-3E-05,0.142955
-3E-05,0.142973
-2.8E-05,0.143006
-2.9E-05,0.143037
-2.9E-05,0.143037
-3E-05,0.143046
-2.8E-05,0.143051
-2.7E-05,0.143063
-2.6E-05,0.143049
-3E-05,0.143035
-3E-05,0.143024
-2.9E-05,0.143024
-2.7E-05,0.143001
-2.9E-05,0.142975
-3E-05,0.142972
-2.8E-05,0.142987
-2.6E-05,0.142986
-2.6E-05,0.142986
-2.9E-05,0.142989
-2.9E-05,0.143002
-3E-05,0.143021
-2.8E-05,0.143035
-2.8E-05,0.14306
-2.9E-05,0.143077
-2.9E-05,0.143075
-3.2E-05,0.143068
-2.7E-05,0.143064
-2.4E-05,0.143054
-2.7E-05,0.143045
-3E-05,0.143015
-3.2E-05,0.142993
-2.9E-05,0.142892
-2.5E-05,0.142533
-2.8E-05,0.141733
-2.9E-05,0.140389
-2.7E-05,0.138477
-2.6E-05,0.136196
-3.1E-05,0.133723
-3.1E-05,0.131184
-3.1E-05,0.131184
-3E-05,0.126108
-3E-05,0.123628
-3.1E-05,0.121342
-2.9E-05,0.11937
-2.9E-05,0.117794
-2.9E-05,0.116562
-2.9E-05,0.116562
-3.1E-05,0.115562
-2.8E-05,0.114612
-3E-05,0.112885
-3E-05,0.112885
-3.1E-05,0.112417
-3E-05,0.112337
-2.9E-05,0.112488
-3E-05,0.112642
-3E-05,0.112604
-2.9E-05,0.112289
-2.9E-05,0.111805
-2.8E-05,0.111269
-2.8E-05,0.110738
-3E-05,0.110199
-3.1E-05,0.109531
-3.2E-05,0.108735
-3E-05,0.107833
-2.8E-05,0.106913
-2.8E-05,0.10606
-2.8E-05,0.104386
-2.8E-05,0.104386
-2.9E-05,0.1034
-3.2E-05,0.102243
-3.3E-05,0.099853
-3.3E-05,0.099853
-2.8E-05,0.098785
-2.8E-05,0.097723
-3E-05,0.096606
-2.6E-05,0.093975
-2.6E-05,0.093975
-2.7E-05,0.092539
-3E-05,0.091187
-2.8E-05,0.089835
-2.8E-05,0.087062
-3.1E-05,0.085509
-3.1E-05,0.085509
-3.1E-05,0.083913
-2.9E-05,0.082337
-2.6E-05,0.080722
-2.9E-05,0.079139
-3.1E-05,0.077438
-3.1E-05,0.075726
-2.8E-05,0.073947
-2.8E-05,0.072158
-2.9E-05,0.070365
-2.9E-05,0.068581
-2.7E-05,0.064937
-2.7E-05,0.064937
-3E-05,0.06112
-2.9E-05,0.059143
-3.2E-05,0.057259
-3.2E-05,0.057259
-3E-05,0.055416
-2.5E-05,0.053639
-2.4E-05,0.051913
-2.5E-05,0.050158
-2.4E-05,0.048327
-2.7E-05,0.046534
-2.8E-05,0.044793
-2.6E-05,0.043112
-2.7E-05,0.039984
-2.7E-05,0.039984
-2.7E-05,0.038466
-2.8E-05,0.036935
-2.7E-05,0.035391
-2.8E-05,0.033832
-2.8E-05,0.032328
-3E-05,0.030917
-2.9E-05,0.029518
-2.9E-05,0.028169
-2.8E-05,0.025559
-2.8E-05,0.025559
-2.8E-05,0.024296
-2.7E-05,0.023013
-2.8E-05,0.021781
-2.7E-05,0.020616
-2.6E-05,0.019514
-2.8E-05,0.018445
-2.8E-05,0.017466
-2.6E-05,0.01645
-2.8E-05,0.015528
-2.8E-05,0.013732
-2.8E-05,0.013732
-2.7E-05,0.012858
-2.8E-05,0.010627
-2.6E-05,0.009948
-2.5E-05,0.009319
-2.2E-05,0.008719
-2.6E-05,0.008216
-2.6E-05,0.007766
-2.6E-05,0.007389
-2.7E-05,0.006957
-2.9E-05,0.0065
-3.1E-05,0.006045
-3E-05,0.005552
-2.8E-05,0.00518
-2.8E-05,0.004839
-2.7E-05,0.004588
-2.6E-05,0.00431
-2.6E-05,0.003989
-2.7E-05,0.003662
-2.9E-05,0.00334
-2.9E-05,0.003199
-2.6E-05,0.003245
-2.6E-05,0.003245
-2.3E-05,0.003275
-2.5E-05,0.003294
-2.6E-05,0.00317
-2.8E-05,0.003073
-2.8E-05,0.003022
-2.9E-05,0.003023
-0.000115,0.003097
-0.000113,0.00321
-0.000111,0.00325
-0.000111,0.00325
-0.00011,0.003169
-0.00011,0.003169
-0.000112,0.003201
-0.000115,0.003292
-0.000115,0.003292
-0.000115,0.003383
-0.000113,0.003439
-0.00011,0.003439
-0.000109,0.003398
-0.000111,0.003382
-0.000113,0.003422
-0.000115,0.003497
-0.000115,0.003588
-0.000114,0.003716
-0.000114,0.003885
-0.000115,0.0041
-0.000114,0.004315
-0.000114,0.004523
-0.000113,0.004754
-0.000112,0.005269
-0.000112,0.005269
-0.000111,0.005511
-0.000112,0.005789
-0.000113,0.005994
-0.000112,0.006119
-0.000114,0.006224
-0.000114,0.00626
-0.000112,0.00628
-0.000109,0.006341
-0.000109,0.006341
-0.000111,0.006398
-0.000112,0.006456
-0.000112,0.006445
-0.000114,0.006449
-0.000114,0.006449
-0.000113,0.006451
-0.000112,0.006442
-0.000111,0.006451
-0.00011,0.006488
-0.00011,0.006577
-0.000111,0.006611
-0.000112,0.006633
-0.000113,0.006657
-0.000111,0.006636
-0.000111,0.006636
-0.000109,0.006628
-0.000108,0.006666
-0.000107,0.006709
-0.000109,0.006767
-0.000109,0.00676
-0.000108,0.006719
-0.000109,0.006668
-0.00011,0.006612
-0.00011,0.006603
-0.00011,0.006607
-0.000108,0.006615
-0.000107,0.006618
-0.000106,0.006572
-0.000106,0.006572
-0.000106,0.006565
-0.000105,0.006549
-0.000104,0.006541
-0.000106,0.00654
-0.000106,0.00654
-0.000105,0.00651
-0.000105,0.006508
-0.000103,0.006585
-0.000103,0.006585
-0.000102,0.006675
-0.000102,0.006675
-0.000101,0.006652
-0.000101,0.006646
-0.000101,0.006665
-0.000101,0.006695
-0.000101,0.006732
-0.000101,0.006782
-9.9E-05,0.006819
-9.7E-05,0.006791
-9.8E-05,0.00681
-9.8E-05,0.006812
-9.6E-05,0.006806
-9.6E-05,0.006794
-9.8E-05,0.006778
-9.8E-05,0.006766
-9.6E-05,0.006766
-9.7E-05,0.006779
-9.6E-05,0.006747
-9.6E-05,0.006697
-9.5E-05,0.006642
-9.5E-05,0.006642
-9.6E-05,0.006648
-9.6E-05,0.006648
-9.4E-05,0.006571
-9.4E-05,0.006571
-9.4E-05,0.006548
-9.3E-05,0.006509
-9.5E-05,0.006476
-9.5E-05,0.006476
-9.4E-05,0.006491
-9.3E-05,0.006505
-9.3E-05,0.006501
-9.3E-05,0.006501
-9.2E-05,0.006462
-9.2E-05,0.006452
-9.3E-05,0.006486
-9.3E-05,0.006564
-9.3E-05,0.006564
-9.3E-05,0.006596
-9.3E-05,0.00658
-9.2E-05,0.006585
-9.2E-05,0.006582
-9.1E-05,0.006589
-9.2E-05,0.006605
-9.3E-05,0.006606
-9.3E-05,0.006599
-9.3E-05,0.006622
-9.3E-05,0.006622
-9.2E-05,0.006681
-9.1E-05,0.00669
-9.1E-05,0.006535
-9.1E-05,0.006535
-9.1E-05,0.006472
-9.2E-05,0.006447
-9.4E-05,0.006476
-9.4E-05,0.006476
-9.3E-05,0.006484
-9.3E-05,0.006487
-9.1E-05,0.006421
-9.1E-05,0.006354
-9.1E-05,0.006323
-9.1E-05,0.006326
-9.2E-05,0.006364
-9.2E-05,0.006364
-9.2E-05,0.006346
-9.1E-05,0.006322
-9.1E-05,0.006322
-9.1E-05,0.006316
-9.1E-05,0.006318
-9.1E-05,0.00633
-9.2E-05,0.006358
-9.2E-05,0.006351
-9.2E-05,0.006369
-9.3E-05,0.006393
-9.3E-05,0.006431
-9.2E-05,0.006468
-9.2E-05,0.006464
-9.2E-05,0.006461
-9.1E-05,0.006504
-9E-05,0.006523
-9.1E-05,0.006523
-9.1E-05,0.006523
-9E-05,0.006512
-9E-05,0.006512
-9E-05,0.006522
-8.9E-05,0.006517
-8.9E-05,0.006529
-8.9E-05,0.00648
-8.8E-05,0.006409
-8.8E-05,0.006409
-8.9E-05,0.006418
-8.9E-05,0.006421
-8.9E-05,0.006421
-8.9E-05,0.006372
-8.9E-05,0.006341
-8.9E-05,0.006319
-9E-05,0.006322
-9E-05,0.006335
-9E-05,0.006363
-9E-05,0.006369
-9.1E-05,0.006393
-9.2E-05,0.006503
-9.2E-05,0.006503
-9.2E-05,0.006503
-9.1E-05,0.006512
-9.1E-05,0.006541
-9.2E-05,0.006585
-9.3E-05,0.00664
-9.4E-05,0.006702
-9.3E-05,0.006761
-9.3E-05,0.006761
-9.3E-05,0.006909
-9.3E-05,0.006909
-9.3E-05,0.006928
-9.3E-05,0.006956
-9.3E-05,0.006992
-9.4E-05,0.007021
-9.4E-05,0.007021
-9.4E-05,0.007041
-9.4E-05,0.00705
-9.4E-05,0.007055
-9.3E-05,0.00706
-9.3E-05,0.007
-9.2E-05,0.006953
-9.2E-05,0.006953
-9.2E-05,0.00691
-9.2E-05,0.006859
-9E-05,0.006812
-9.1E-05,0.006766
-9.1E-05,0.00673
-9.2E-05,0.006684
-0.000134,0.006663
-0.000134,0.006663
-0.000545,0.006611
-0.001531,0.006575
-0.003045,0.006563
-0.004908,0.006569
-0.009093,0.006596
-0.009093,0.006596
-0.011634,0.006567
-0.015001,0.00657
-0.01872,0.006595
-0.02273,0.00663
-0.027196,0.006692
-0.032012,0.006721
-0.042777,0.006782
-0.042777,0.006782
-0.048651,0.006833
-0.054869,0.006849
-0.061387,0.006866
-0.068208,0.006895
-0.075325,0.006927
-0.082785,0.006983
-0.090564,0.00699
-0.098634,0.006985
-0.10698,0.006982
-0.115618,0.006978
-0.12449,0.006984
-0.133617,0.006941
-0.143011,0.006909
-0.152688,0.006883
-0.172651,0.006842
-0.172651,0.006842
-0.182954,0.006799
-0.193483,0.006762
-0.204269,0.006726
-0.215085,0.006707
-0.225636,0.006661
-0.235958,0.006628
-0.246062,0.006608
-0.255958,0.006618
-0.265657,0.006605
-0.275076,0.006608
-0.284225,0.00658
-0.293132,0.006579
-0.301655,0.006594
-0.309872,0.006621
-0.325356,0.006669
-0.325356,0.006669
-0.339365,0.006735
-0.339365,0.006735
-0.352148,0.006808
-0.358049,0.006829
-0.358049,0.006829
-0.363553,0.006858
-0.368671,0.00691
-0.373398,0.006926
-0.377821,0.006927
-0.381772,0.006937
-0.39119,0.006954
-0.39119,0.006954
-0.39119,0.006954
-0.395107,0.006922
-0.396768,0.006932
-0.396768,0.006932
-0.39816,0.006895
-0.399183,0.006849
-0.399763,0.006814
-0.399905,0.006791
-0.399905,0.006783
-0.399906,0.006739
-0.399906,0.0067
-0.399906,0.006674
-0.399905,0.006669
-0.399906,0.006641
-0.399906,0.006616
-0.399906,0.006606
-0.399906,0.006606
-0.399906,0.006587
-0.399907,0.006619
-0.399907,0.006619
-0.399907,0.006647
-0.399906,0.006688
-0.399906,0.0067
-0.399905,0.006727
-0.399905,0.006727
-0.399905,0.00674
-0.399905,0.006767
-0.399906,0.006805
-0.399906,0.006848
-0.399906,0.006889
-0.399905,0.006937
-0.399905,0.00695
-0.399905,0.00695
-0.399905,0.00695
-0.399905,0.006901
-0.399905,0.006901
-0.399905,0.006906
-0.399906,0.006909
-0.399906,0.006882
-0.399906,0.006882
-0.399906,0.006882
-0.399905,0.006851
-0.399905,0.00679
-0.399905,0.006718
-0.399905,0.006718
-0.399906,0.006702
-0.399906,0.006683
-0.399906,0.006683
-0.399906,0.006684
-0.399906,0.006657
-0.399906,0.006646
-0.399906,0.006617
-0.399905,0.006603
-0.399906,0.00661
-0.399907,0.006634
-0.399906,0.006663
-0.399906,0.006663
-0.399906,0.00674
-0.399906,0.006723
-0.399904,0.006726
-0.399904,0.006726
-0.399905,0.006757
-0.399906,0.006795
-0.399906,0.00688
-0.399906,0.00688
-0.399905,0.006913
-0.399905,0.006965
-0.399904,0.006889
-0.399904,0.006889
-0.399903,0.006876
-0.399904,0.00688
-0.399906,0.00689
-0.399907,0.006902
-0.399906,0.006908
-0.399905,0.006904
-0.399905,0.006916
-0.399905,0.006843
-0.399905,0.006779
-0.399904,0.006741
-0.399904,0.006741
-0.399905,0.006721
-0.399907,0.006707
-0.399907,0.006707
-0.399907,0.006702
-0.399906,0.006696
-0.399906,0.006707
-0.399906,0.006652
-0.399905,0.006613
-0.399905,0.006605
-0.399907,0.006741
-0.399907,0.006741
-0.399907,0.006819
-0.399907,0.006905
-0.399906,0.007021
-0.399906,0.007021
-0.399906,0.007081
-0.399905,0.007162
-0.399904,0.007275
-0.399905,0.007414
-0.399906,0.00757
-0.399907,0.007735
-0.399906,0.008074
-0.399906,0.008074
-0.399905,0.008366
-0.399905,0.008366
-0.399904,0.008472
-0.399904,0.008601
-0.399904,0.008745
-0.399906,0.008896
-0.399907,0.009181
-0.399907,0.009181
-0.399906,0.009302
-0.399905,0.009431
-0.399906,0.009469
-0.399905,0.009509
-0.399905,0.009626
-0.399905,0.009626
-0.399906,0.009687
-0.399907,0.00974
-0.399907,0.009783
-0.399907,0.009814
-0.399906,0.00985
-0.399906,0.009819
-0.399905,0.00979
-0.399905,0.009775
-0.399905,0.00977
-0.399906,0.009771
-0.399907,0.009777
-0.399907,0.009771
-0.399908,0.009731
-0.399907,0.009734
-0.399907,0.009676
-0.399906,0.009657
-0.399905,0.009688
-0.399905,0.009728
-0.399906,0.009798
-0.399906,0.009798
-0.399906,0.009829
-0.399905,0.009858
-0.399904,0.009914
-0.399904,0.009863
-0.399903,0.009622
-0.399903,0.009622
-0.399903,0.009622
-0.399904,0.009555
-0.399907,0.009475
-0.399907,0.009409
-0.399906,0.009351
-0.399906,0.009286
-0.399905,0.009122
-0.399905,0.009122
-0.399906,0.009059
-0.399906,0.009015
-0.399906,0.008981
-0.399906,0.008925
-0.399906,0.008908
-0.399907,0.008901
-0.399906,0.008895
-0.399906,0.008856
-0.399905,0.008902
-0.399905,0.008902
-0.399905,0.008902
-0.399905,0.008923
-0.399905,0.008923
-0.399906,0.008959
-0.399905,0.00903
-0.399905,0.00903
-0.399905,0.00903
-0.399904,0.009041
-0.399905,0.009078
-0.399905,0.009078
-0.399905,0.009094
-0.399905,0.00911
-0.399905,0.009084
-0.399904,0.00903
-0.399903,0.009001
-0.399904,0.008978
-0.399905,0.008952
-0.399905,0.008925
-0.399906,0.008895
-0.399906,0.008874
-0.399906,0.008874
-0.399905,0.008729
-0.399905,0.00869
-0.399906,0.008619
-0.399906,0.008619
-0.399906,0.008548
-0.399906,0.008548
-0.399907,0.008531
-0.399907,0.008488
-0.399906,0.008485
-0.399906,0.008485
-0.399906,0.008539
-0.399906,0.008539
-0.399906,0.008569
-0.399906,0.008587
-0.399906,0.008615
-0.399906,0.008657
-0.399905,0.008719
-0.399905,0.008753
-0.399905,0.008805
-0.399905,0.008877
-0.399905,0.008952
-0.399904,0.0091
-0.399906,0.009301
-0.399907,0.009512
-0.399905,0.009701
-0.399905,0.009832
-0.399906,0.00998
-0.399906,0.01012
-0.399906,0.010288
-0.399904,0.010419
-0.399904,0.010419
-0.399904,0.010559
-0.399903,0.010608
-0.399905,0.01063
-0.399905,0.01064
-0.399905,0.010562
-0.399905,0.010562
-0.399905,0.010539
-0.399906,0.010542
-0.399906,0.010579
-0.399906,0.01046
-0.399906,0.01046
-0.399904,0.010262
-0.399905,0.010143
-0.399906,0.010118
-0.399905,0.010299
-0.399906,0.010496
-0.399906,0.010644
-0.399906,0.010591
-0.399906,0.010591
-0.399905,0.0105
-0.399905,0.0105
-0.399904,0.01046
-0.399903,0.010502
-0.399905,0.010607
-0.399904,0.010666
-0.399904,0.010871
-0.399904,0.010871
-0.399904,0.010871
-0.399902,0.010882
-0.399905,0.010761
-0.399905,0.010761
-0.399906,0.010672
-0.399904,0.010626
-0.399904,0.010691
-0.399905,0.010726
-0.399905,0.010726
-0.399904,0.010733
-0.399903,0.010686
-0.399902,0.010656
-0.399904,0.010635
-0.399904,0.01061
-0.399905,0.010544
-0.399904,0.010499
-0.399905,0.010519
-0.399903,0.010497
-0.399904,0.010425
-0.399904,0.010373
-0.399903,0.010318
-0.399905,0.010251
-0.399904,0.010294
-0.399904,0.010294
-0.399905,0.010332
-0.399904,0.010379
-0.399905,0.010411
-0.399903,0.010413
-0.399904,0.010431
-0.399905,0.010455
-0.399905,0.010536
-0.399905,0.01055
-0.399905,0.01055
-0.399904,0.010536
-0.399904,0.010536
-0.399905,0.010486
-0.399905,0.010486
-0.399906,0.010464
-0.399906,0.010464
-0.399905,0.010463
-0.399905,0.010484
-0.399904,0.010501
-0.399905,0.010514
-0.399905,0.010497
-0.399904,0.010418
-0.399904,0.010418
-0.399904,0.010418
-0.399905,0.010444
-0.399905,0.010511
-0.399905,0.010547
-0.399905,0.010494
-0.399905,0.010355
-0.399905,0.010223
-0.399905,0.010184
-0.399905,0.010263
-0.399905,0.010263
-0.399905,0.010403
-0.399906,0.010525
-0.399906,0.010586
-0.399906,0.010581
-0.399905,0.010441
-0.399904,0.01037
-0.399904,0.01037
-0.399904,0.01031
-0.399905,0.010492
-0.399905,0.010492
-0.399905,0.010492
-0.399905,0.010577
-0.399906,0.010601
-0.399905,0.010506
-0.399905,0.010424
-0.399905,0.010424
-0.399905,0.010424
-0.399905,0.010424
-0.399906,0.010492
-0.399906,0.010569
-0.399907,0.010629
-0.399906,0.010636
-0.399904,0.010564
-0.399907,0.01048
-0.399906,0.010116
-0.399906,0.010116
-0.399906,0.010116
-0.399906,0.009974
-0.399907,0.009796
-0.399906,0.009558
-0.399907,0.00925
-0.399905,0.008368
-0.399906,0.007813
-0.399906,0.007222
-0.399906,0.006027
-0.399906,0.005387
-0.399906,0.005387
-0.399906,0.005387
-0.399906,0.004667
-0.399906,0.003018
-0.399906,0.003018
-0.399907,0.002118
-0.399906,0.001131
-0.399907,0.000105
-0.399906,-0.00098
-0.399906,-0.002076
-0.399907,-0.004343
-0.399907,-0.005554
-0.399907,-0.005554
-0.399907,-0.00683
-0.399906,-0.008151
-0.399907,-0.009522
-0.399907,-0.010929
-0.399907,-0.01234
-0.399907,-0.013757
-0.399907,-0.015181
-0.399908,-0.016615
-0.399907,-0.018084
-0.399908,-0.01957
-0.399908,-0.021073
-0.399907,-0.024198
-0.399908,-0.027382
-0.399908,-0.028956
-0.399908,-0.028956
-0.399908,-0.028956
-0.399908,-0.030544
-0.399907,-0.032157
-0.399908,-0.033812
-0.399908,-0.035474
-0.399908,-0.037151
-0.399909,-0.040573
-0.399909,-0.040573
-0.399908,-0.04233
-0.399908,-0.044099
-0.399908,-0.04588
-0.399908,-0.047676
-0.399909,-0.04952
-0.399909,-0.051462
-0.399909,-0.053526
-0.399909,-0.055724
-0.399909,-0.058049
-0.399909,-0.06049
-0.399909,-0.063038
-0.399909,-0.065704
-0.399909,-0.068453
-0.399909,-0.07129
-0.399909,-0.074167
-0.399909,-0.077093
-0.399909,-0.08003
-0.399909,-0.085925
-0.399909,-0.085925
-0.399909,-0.088845
-0.399909,-0.091711
-0.399909,-0.097189
-0.399909,-0.097189
-0.399909,-0.099834
-0.399909,-0.102448
-0.39991,-0.107635
-0.39991,-0.107635
-0.39991,-0.11025
-0.399909,-0.112886
-0.399909,-0.115568
-0.399909,-0.118312
-0.399909,-0.12398
-0.399909,-0.12398
-0.39991,-0.126885
-0.39991,-0.13274
-0.39991,-0.13274
-0.399909,-0.135678
-0.399908,-0.138607
-0.399908,-0.141498
-0.399908,-0.144314
-0.399908,-0.147024
-0.399908,-0.149627
-0.399909,-0.152125
-0.399908,-0.154518
-0.399909,-0.156799
-0.399908,-0.158972
-0.399908,-0.161021
-0.399907,-0.162952
-0.399909,-0.164782
-0.399908,-0.16657
-0.399909,-0.168332
-0.399907,-0.170083
-0.399909,-0.173513
-0.399909,-0.173513
-0.399909,-0.175194
-0.399909,-0.176828
-0.399907,-0.178433
-0.399908,-0.180032
-0.399908,-0.181631
-0.399908,-0.183223
-0.399907,-0.184792
-0.399907,-0.186331
-0.399908,-0.187853
-0.399909,-0.189374
-0.399907,-0.192344
-0.399907,-0.192344
-0.399907,-0.193799
-0.399906,-0.196654
-0.399906,-0.196654
-0.399907,-0.19805
-0.399907,-0.199427
-0.399907,-0.200788
-0.399907,-0.203424
-0.399907,-0.203424
-0.399906,-0.204705
-0.399906,-0.207176
-0.399906,-0.207176
-0.399907,-0.208378
-0.399906,-0.209543
-0.399906,-0.210669
-0.399906,-0.210669
-0.399907,-0.21283
-0.399907,-0.21283
-0.399906,-0.213849
-0.399906,-0.21482
-0.399907,-0.215749
-0.399906,-0.216653
-0.399907,-0.217506
-0.399905,-0.218304
-0.399905,-0.219054
-0.399906,-0.219766
-0.399907,-0.220435
-0.399907,-0.221068
-0.399907,-0.221638
-0.399905,-0.222613
-0.399906,-0.223427
-0.399906,-0.223427
-0.399906,-0.223427
-0.399906,-0.223773
-0.399906,-0.224052
-0.399905,-0.22427
-0.399906,-0.22444
-0.399906,-0.224569
-0.399906,-0.224678
-0.399905,-0.224735
-0.399906,-0.224709
-0.399906,-0.224694
-0.399906,-0.224694
-0.399906,-0.224694
-0.399905,-0.224679
-0.399906,-0.224469
-0.399906,-0.22371
-0.399904,-0.222058
-0.399904,-0.219459
-0.399905,-0.212705
-0.399905,-0.212705
-0.399907,-0.20636
-0.399907,-0.20636
-0.399908,-0.20337
-0.399907,-0.200104
-0.399906,-0.196098
-0.399902,-0.185127
-0.399902,-0.185127
-0.399903,-0.178976
-0.399905,-0.172852
-0.399906,-0.166736
-0.399909,-0.160376
-0.399909,-0.153364
-0.399907,-0.145556
-0.399905,-0.137411
-0.399903,-0.129194
-0.399903,-0.120912
-0.399905,-0.112404
-0.399907,-0.103341
-0.399906,-0.093591
-0.399907,-0.08338
-0.399906,-0.073056
-0.399907,-0.062547
-0.399905,-0.052012
-0.399905,-0.0415
-0.399905,-0.030957
-0.399907,-0.011223
-0.399907,-0.011223
-0.399908,0.00637
-0.399908,0.00637
-0.399909,0.014754
-0.399906,0.023084
-0.399904,0.031241
-0.399905,0.045965
-0.399905,0.045965
-0.399906,0.052594
-0.399908,0.058986
-0.399908,0.065478
-0.399906,0.077993
-0.399906,0.077993
-0.399906,0.08356
-0.399906,0.088609
-0.399907,0.092919
-0.399909,0.096647
-0.399908,0.100031
-0.399908,0.105655
-0.399908,0.105655
-0.399907,0.108198
-0.399906,0.110618
-0.399908,0.112897
-0.399904,0.114843
-0.399907,0.116175
-0.399909,0.116745
-0.39991,0.116807
-0.399908,0.116492
-0.399907,0.116081
-0.399903,0.116334
-0.399903,0.116334
-0.399903,0.116334
-0.399831,0.116385
-0.399344,0.116321
-0.398271,0.116143
-0.394795,0.116183
-0.394795,0.116183
-0.392745,0.116337
-0.390563,0.116507
-0.387908,0.116513
-0.384448,0.11637
-0.380708,0.116294
-0.376622,0.11636
-0.367226,0.116608
-0.367226,0.116608
-0.361951,0.116638
-0.35636,0.116463
-0.350437,0.11627
-0.34417,0.116137
-0.337606,0.116122
-0.323575,0.116397
-0.323575,0.116397
-0.316066,0.116415
-0.30824,0.116357
-0.300132,0.116265
-0.29174,0.116214
-0.283065,0.116303
-0.274155,0.116454
-0.26499,0.116548
-0.255556,0.116561
-0.245845,0.116516
-0.235937,0.116454
-0.225818,0.116447
-0.215483,0.116484
-0.204917,0.116471
-0.183317,0.116339
-0.183317,0.116339
-0.162514,0.1162
-0.162514,0.1162
-0.152441,0.116236
-0.142575,0.11628
-0.132912,0.116311
-0.123534,0.116297
-0.114424,0.116248
-0.10556,0.11623
-0.097095,0.116277
-0.088916,0.116348
-0.081046,0.116447
-0.073544,0.116506
-0.066444,0.116487
-0.05963,0.116443
-0.046946,0.116364
-0.046946,0.116364
-0.041091,0.116353
-0.035649,0.116354
-0.025911,0.116337
-0.025911,0.116337
-0.021546,0.116322
-0.013977,0.116292
-0.013977,0.116292
-0.010826,0.116325
-0.008478,0.116349
-0.008478,0.116349
-0.006453,0.116372
-0.004622,0.116403
-0.002995,0.116409
-0.000691,0.116455
-0.000691,0.116455
-0.000178,0.116467
-8.3E-05,0.116478
-8.3E-05,0.116461
-8.4E-05,0.116421
-8.4E-05,0.116368
-8.3E-05,0.116341
-8.2E-05,0.116318
-8.2E-05,0.116309
-8.2E-05,0.116268
-8.2E-05,0.116268
-8.3E-05,0.116241
-8.2E-05,0.11623
-8.2E-05,0.116189
-8.1E-05,0.116141
-8E-05,0.116113
-8.1E-05,0.116197
-8.1E-05,0.116197
-8.1E-05,0.1163
-8.1E-05,0.116384
-8.1E-05,0.116384
-8.2E-05,0.116347
-8.2E-05,0.116241
-8.3E-05,0.116114
-8.3E-05,0.11597
-8.4E-05,0.115712
-8.2E-05,0.115344
-8.2E-05,0.114867
-8.4E-05,0.114315
-8.4E-05,0.113732
-8.3E-05,0.113118
-8.2E-05,0.112452
-8.2E-05,0.111699
-8.2E-05,0.110776
-8.3E-05,0.109751
-8.3E-05,0.108691
-8.2E-05,0.107765
-8.4E-05,0.106902
-8.7E-05,0.105981
-9E-05,0.104874
-9E-05,0.103537
-8.9E-05,0.102085
-8.7E-05,0.100617
-8.5E-05,0.099286
-8.6E-05,0.096733
-8.6E-05,0.095299
-8.6E-05,0.095299
-8.9E-05,0.093699
-9.3E-05,0.09208
-9.4E-05,0.090532
-9.4E-05,0.089126
-9.2E-05,0.087662
-8.8E-05,0.084242
-8.8E-05,0.084242
-8.8E-05,0.082325
-8.9E-05,0.080554
-9.2E-05,0.078909
-9.6E-05,0.073454
-9.6E-05,0.073454
-9.6E-05,0.073454
-9.7E-05,0.071356
-9.6E-05,0.069269
-9.5E-05,0.067255
-9.5E-05,0.065187
-9.9E-05,0.061228
-9.9E-05,0.061228
-0.000101,0.05913
-0.000102,0.056833
-0.000105,0.054695
-0.000102,0.052805
-9.9E-05,0.049048
-9.9E-05,0.047008
-9.9E-05,0.047008
-0.000102,0.045052
-0.000104,0.043222
-0.000106,0.039745
-0.000106,0.038043
-0.000106,0.038043
-0.000105,0.036336
-0.000104,0.034617
-0.000103,0.032953
-0.000103,0.029912
-0.000104,0.02844
-0.000104,0.02844
-0.000105,0.026923
-0.000106,0.025445
-0.000106,0.024006
-0.000105,0.022664
-0.000104,0.021375
-0.000105,0.020108
-0.000106,0.018857
-0.000106,0.01764
-0.000105,0.016457
-0.000106,0.015255
-0.000105,0.014175
-0.000104,0.013162
-0.000105,0.012189
-0.000109,0.011193
-0.000111,0.010283
-0.000109,0.009492
-0.000107,0.008729
-0.000105,0.008077
-0.000105,0.007463
-0.000103,0.006836
-0.000102,0.006188
-0.000103,0.005574
-0.000105,0.004993
-0.000107,0.004437
-0.000106,0.003929
-0.000106,0.003438
-0.000104,0.00295
-0.000103,0.00249
-0.000102,0.00208
-0.000104,0.001733
-0.000107,0.001429
-0.000106,0.00083
-0.000106,0.00083
-0.000106,0.000726
-0.000106,0.000726
-0.000104,0.000669
-0.000102,0.000665
-0.000101,0.00065
-0.000103,0.000677
-0.000105,0.000673
-0.000105,0.000682
-0.000101,0.000703
-0.000103,0.000723
-0.000105,0.000725
-0.000104,0.000724
-0.000102,0.00076
-0.000103,0.00076
-0.000106,0.000779
-0.000103,0.000776
-0.000102,0.000783
-0.000102,0.000791
-0.000102,0.000786
-0.000104,0.000791
-0.000102,0.000814
-0.000102,0.000815
-0.000103,0.000805
-0.000103,0.000805
-0.000102,0.000825
-0.000101,0.000845
-0.000103,0.000843
-0.000103,0.000856
-0.000101,0.000884
-0.000102,0.000881
-0.000102,0.000881
-0.000104,0.000919
-0.000103,0.000938
-0.000102,0.001005
-0.000102,0.001005
-0.000103,0.001025
-0.000102,0.001067
-0.000102,0.001099
-0.000102,0.001143
-0.000103,0.001187
-0.000103,0.001227
-0.000102,0.001276
-0.000103,0.001288
-0.000103,0.001324
-0.000103,0.001367
-0.000102,0.001389
-0.000104,0.001408
-0.000104,0.001423
-0.000102,0.001454
-0.000104,0.001471
-0.000104,0.001471
-0.000103,0.001494
-0.000102,0.00149
-0.000101,0.001492
-0.000102,0.001499
-0.000104,0.001497
-0.000102,0.00151
-1E-04,0.001493
-9.9E-05,0.001476
-9.9E-05,0.001465
-0.000101,0.001423
-0.000101,0.001409
-0.000104,0.001396
-0.000104,0.001396
-0.000105,0.001393
-0.000103,0.001376
-0.000104,0.00137
-0.000104,0.00137
-0.000103,0.001367
-0.000104,0.001378
-0.000104,0.001419
-0.000103,0.001444
-0.000103,0.001441
-1E-04,0.001439
-0.000101,0.001444
-1E-04,0.00142
-0.000102,0.001447
-0.000102,0.001447
-0.000102,0.001447
-0.000106,0.00145
-0.000105,0.001458
-0.000105,0.001445
-0.000105,0.001445
-0.000105,0.001473
-0.000105,0.001473
-0.000105,0.001488
-0.000106,0.001523
-0.000105,0.001544
-0.000103,0.001517
-0.000103,0.001517
-0.000105,0.001507
-0.000105,0.001507
-0.000104,0.001507
-0.000105,0.001515
-0.000104,0.001486
-0.000104,0.001486
-0.000103,0.001453
-0.000103,0.001407
-0.000102,0.001418
-0.000104,0.001454
-0.000104,0.001454
-0.000105,0.001439
-0.000103,0.001474
-0.000103,0.001474
-0.000103,0.001474
-0.000102,0.001492
-0.000104,0.001506
-0.000104,0.001519
-0.000104,0.001527
-0.000105,0.001526
-0.000105,0.001526
-0.000105,0.001526
-0.000103,0.001513
-0.000105,0.001491
-0.000104,0.001493
-0.000105,0.001484
-0.000103,0.001486
-0.000104,0.001484
-0.000105,0.001483
-0.000104,0.001493
-0.000104,0.0015
-0.000104,0.001507
-0.000105,0.001518
-0.000104,0.001533
-0.000105,0.001536
-0.000104,0.001542
-0.000104,0.001546
-0.000102,0.001525
-0.000103,0.001512
-0.000103,0.001512
-0.000103,0.00149
-0.000103,0.001481
-0.000104,0.001503
-0.000104,0.001533
-0.000104,0.001533
-0.000102,0.0015
-0.000102,0.0015
-0.000103,0.001536
-0.000103,0.001536
-0.000103,0.001584
-0.000103,0.001588
-0.000103,0.001588
-0.000104,0.001596
-0.000103,0.001607
-0.000102,0.001636
-0.000102,0.001656
-0.000104,0.001666
-0.000104,0.001669
-0.000103,0.001686
-0.000103,0.001694
-0.000104,0.001707
-0.000102,0.001718
-0.000104,0.001721
-0.000102,0.001728
-0.000104,0.001792
-0.000104,0.001792
-0.000103,0.001812
-0.000104,0.001832
-0.000102,0.001858
-0.000104,0.001892
-0.000104,0.002063
-0.000104,0.002063
-0.000104,0.002107
-0.000103,0.002063
-0.000103,0.002003
-0.000103,0.001969
-0.000103,0.001969
-0.000103,0.002001
-0.000103,0.00202
-0.000103,0.002021
-0.000103,0.002058
-0.000104,0.002169
-0.000102,0.002322
-0.000102,0.002322
-0.000104,0.0024
-0.000104,0.002323
-0.000103,0.002275
-0.000103,0.002293
-0.000102,0.00233
-0.000104,0.002324
-0.000103,0.002297
-0.000103,0.002297
-0.000103,0.002292
-0.000103,0.002355
-0.000103,0.002488
-0.000104,0.002592
-0.000104,0.002592
-0.000104,0.002529
-0.000103,0.002511
-0.000104,0.002579
-0.000104,0.002672
-0.000105,0.002704
-0.000103,0.002659
-0.000102,0.002593
-0.000102,0.002593
-0.000102,0.002649
-0.000102,0.002694
-0.000102,0.002688
-0.000103,0.002655
-0.000103,0.002623
-0.000103,0.002647
-0.000103,0.002683
-0.000104,0.002711
-0.000104,0.002706
-0.000104,0.00269
-0.000104,0.002711
-0.000104,0.002711
-0.000103,0.002739
-0.000103,0.002751
-0.000104,0.002732
-0.000104,0.002724
-0.000104,0.002712
-0.000103,0.002736
-0.000103,0.002783
-0.000103,0.002814
-0.000105,0.002801
-0.000102,0.002762
-0.000102,0.002748
-0.000102,0.002748
-0.000103,0.002826
-0.000105,0.002909
-0.000105,0.002909
-0.000106,0.003274
-0.000106,0.004106
-0.000105,0.005402
-0.000104,0.006985
-0.000105,0.008605
-0.000101,0.011351
-0.000102,0.01267
-0.000102,0.01267
-0.000102,0.014148
-0.000105,0.016049
-0.000107,0.018384
-0.000106,0.020853
-0.000104,0.023391
-0.000106,0.026187
-0.000104,0.029192
-9.8E-05,0.032316
-0.000102,0.035825
-0.00011,0.03969
-0.000106,0.043715
-0.000101,0.047956
-0.000105,0.052402
-0.000105,0.056954
-0.000101,0.061609
-9.8E-05,0.066114
-0.000101,0.070287
-0.000105,0.074251
-0.000104,0.078078
-0.000103,0.081924
-0.000108,0.085951
-0.000107,0.090013
-1E-04,0.093829
-1E-04,0.097235
-0.000104,0.100357
-0.000104,0.103385
-0.000101,0.106487
-0.000106,0.11329
-0.000106,0.11329
-0.000105,0.116285
-0.000102,0.118453
-0.000103,0.120199
-0.000105,0.121813
-1E-04,0.123473
-0.000101,0.12532
-0.000106,0.127118
-0.000109,0.128406
-0.000105,0.129166
-0.000102,0.129487
-0.000103,0.129559
-0.000105,0.129617
-0.000104,0.129829
-0.000101,0.129824
-0.000103,0.12959
-0.000108,0.129427
-0.000106,0.12946
-0.000102,0.129525
-0.000104,0.129641
-0.000106,0.129618
-0.000103,0.129502
-0.000101,0.129471
-0.000102,0.129491
-0.000106,0.129576
-0.000106,0.129695
-0.000104,0.129731
-0.000104,0.129619
-0.000106,0.129585
-0.000104,0.129655
-0.000102,0.12973
-0.000102,0.12975
-0.000106,0.129696
-0.000104,0.129615
-0.000102,0.129581
-0.000105,0.129575
-0.000107,0.129574
-0.000106,0.129648
-0.000101,0.129625
-0.000102,0.129558
-0.000105,0.129526
-0.000105,0.129587
-0.000101,0.129631
-0.000104,0.129659
-0.000107,0.129656
-0.000104,0.129648
-0.000104,0.129648
-0.000103,0.129648
-0.000104,0.129671
-0.000105,0.129671
-0.000103,0.129656
-0.000103,0.129591
-0.000107,0.12955
-0.000106,0.129567
-0.000103,0.129584
-0.000104,0.129577
-0.000105,0.129556
-0.000103,0.129536
-0.000103,0.129543
-0.000104,0.129565
-0.000105,0.129588
-0.000103,0.129625
-0.000102,0.129647
-0.000104,0.129643
-0.000105,0.129648
-0.000103,0.129676
-0.000103,0.129698
-0.000105,0.129678
-0.000106,0.129657
-0.000106,0.129646
-0.000104,0.129622
-0.000104,0.129622
-0.000103,0.129613
-0.000105,0.129611
-0.000103,0.129602
-0.000105,0.129581
-0.000105,0.129581
-0.000105,0.129581
-0.000105,0.129609
-0.000102,0.129618
-0.000104,0.129629
-0.000104,0.129629
-0.000105,0.129649
-0.000103,0.129641
-0.000104,0.129648
-0.000105,0.129638
-0.000105,0.129629
-0.000104,0.129631
-0.000102,0.129613
-0.000104,0.129581
-0.000103,0.129582
-0.000103,0.129584
-0.000103,0.12957
-0.000104,0.129554
-0.000104,0.129532
-0.000103,0.129402
-0.000103,0.129113
-0.000105,0.128586
-0.000102,0.126821
-0.000102,0.126821
-0.000102,0.125647
-0.000103,0.124277
-0.000106,0.122718
-0.000105,0.120975
-0.000103,0.119069
-0.000106,0.11707
-0.000104,0.115029
-0.000105,0.112989
-0.000103,0.110948
-0.000105,0.108923
-0.000105,0.106964
-0.000105,0.105114
-0.000103,0.103452
-0.000104,0.101932
-0.000105,0.100555
-0.000105,0.099335
-0.000105,0.098235
-0.000104,0.097284
-0.000104,0.095668
-0.000104,0.095668
-0.000104,0.094956
-0.000105,0.094357
-0.000105,0.093961
-0.000105,0.093771
-0.000105,0.093726
-0.000105,0.093706
-0.000105,0.09363
-0.000103,0.093492
-0.000105,0.092723
-0.000105,0.092723
-0.000105,0.092723
-0.000105,0.092228
-0.000105,0.091644
-0.000105,0.090992
-0.000106,0.089721
-0.000106,0.089721
-0.000104,0.089001
-0.000104,0.088211
-0.000103,0.087397
-0.000102,0.086577
-0.000104,0.085757
-0.000105,0.084853
-0.000107,0.083864
-0.000106,0.08282
-0.000104,0.081782
-0.000106,0.080762
-0.000105,0.079745
-0.000103,0.078669
-0.000103,0.077509
-0.000104,0.076305
-0.000105,0.075055
-0.000105,0.073856
-0.000106,0.071298
-0.000106,0.071298
-0.000106,0.069936
-0.000104,0.06854
-0.000102,0.067117
-0.000103,0.064311
-0.000103,0.064311
-0.000104,0.062834
-0.000104,0.061314
-0.000105,0.059764
-0.000106,0.058185
-0.000103,0.056651
-0.000103,0.053536
-0.000103,0.053536
-0.000102,0.050249
-0.000103,0.048577
-0.000103,0.048577
-0.000105,0.046933
-0.000104,0.045386
-0.000104,0.043853
-0.000103,0.042312
-0.000104,0.039229
-0.000104,0.039229
-0.000102,0.037744
-0.000101,0.036318
-0.000101,0.03492
-0.000101,0.033532
-0.000101,0.03217
-0.000101,0.030801
-0.000103,0.029472
-0.000103,0.028191
-0.000104,0.026928
-0.000101,0.025665
-0.000103,0.024439
-0.000104,0.023242
-0.000103,0.022092
-0.000101,0.020985
-0.000103,0.019917
-0.000105,0.017859
-0.000105,0.017859
-0.000104,0.016886
-1E-04,0.015957
-1E-04,0.015068
-0.000103,0.014216
-0.000103,0.013382
-0.000101,0.012597
-1E-04,0.01187
-0.000102,0.01054
-0.000102,0.01054
-0.000104,0.009906
-0.000104,0.009276
-0.000102,0.008667
-1E-04,0.008109
-0.000103,0.007612
-0.000103,0.007216
-0.000103,0.006869
-0.000103,0.006492
-0.000105,0.005569
-0.000105,0.005569
-0.000105,0.005112
-0.000104,0.004687
-1E-04,0.004342
-0.000102,0.004028
-0.000101,0.003693
-1E-04,0.003397
-0.000102,0.00306
-0.000103,0.002818
-0.000104,0.002565
-0.000104,0.002406
-0.000104,0.002315
-1E-04,0.002254
-1E-04,0.002254
-0.000103,0.002263
-0.000103,0.002242
-0.000106,0.002216
-0.000105,0.002211
-0.000105,0.002211
-0.000103,0.002204
-0.000108,0.002225
-0.000109,0.002252
-0.00011,0.002281
-0.000109,0.00237
-0.000109,0.002381
-0.000109,0.002381
-0.000111,0.002388
-0.000111,0.002375
-0.000111,0.002411
-0.00011,0.00246
-0.000107,0.002505
-0.00011,0.002534
-0.00011,0.002545
-0.00011,0.002575
-0.000111,0.002612
-0.000111,0.002673
-0.00011,0.002749
-0.000112,0.002841
-0.000111,0.002965
-0.00011,0.003103
-0.00011,0.003413
-0.000109,0.003764
-0.000109,0.003764
-0.000109,0.003764
-0.000109,0.00394
-0.00011,0.004087
-0.000111,0.004214
-0.000111,0.004345
-0.000109,0.00446
-0.000108,0.004524
-0.000108,0.004573
-0.000109,0.004589
-0.00011,0.004599
-0.000109,0.004633
-0.000108,0.004693
-0.000108,0.004772
-0.000109,0.004829
-0.00011,0.004853
-0.000111,0.004825
-0.000106,0.004899
-0.000106,0.004899
-0.000106,0.004899
-0.000107,0.005001
-0.000107,0.005093
-0.000108,0.005113
-0.000108,0.00505
-0.000108,0.00503
-0.000108,0.00503
-0.000106,0.005129
-0.000106,0.005129
-0.000106,0.005129
-0.000106,0.005141
-0.000106,0.005141
-0.000103,0.005087
-0.000103,0.005071
-0.000102,0.005084
-0.000102,0.005121
-0.000102,0.005141
-0.000102,0.005125
-0.000102,0.005093
-0.000101,0.005053
-0.000101,0.005053
-0.000102,0.005082
-0.000102,0.005106
-0.000101,0.005119
-1E-04,0.005124
-9.9E-05,0.005111
-9.9E-05,0.005127
-9.9E-05,0.005242
-9.9E-05,0.005242
-9.8E-05,0.00529
-9.8E-05,0.00532
-9.7E-05,0.00537
-9.6E-05,0.005414
-9.6E-05,0.005472
-9.7E-05,0.005569
-9.5E-05,0.005522
-9.4E-05,0.005457
-9.5E-05,0.005471
-9.4E-05,0.005509
-9.3E-05,0.005591
-9.4E-05,0.005653
-9.3E-05,0.00561
-9.3E-05,0.00561
-9.2E-05,0.00555
-9.2E-05,0.005559
-9.2E-05,0.005618
-9.2E-05,0.00567
-9.2E-05,0.005667
-9.3E-05,0.005624
-9.2E-05,0.005584
-9.2E-05,0.00557
-9.2E-05,0.00557
-9.2E-05,0.005525
-9.2E-05,0.005525
-9.2E-05,0.005525
-9.2E-05,0.005525
-9.1E-05,0.005509
-9E-05,0.005543
-9E-05,0.005543
-9.1E-05,0.005532
-8.9E-05,0.005493
-8.9E-05,0.005493
-8.9E-05,0.005514
-9E-05,0.005564
-9E-05,0.005618
-9E-05,0.005642
-9E-05,0.005632
-9.1E-05,0.005634
-9E-05,0.005691
-8.9E-05,0.005782
-8.9E-05,0.005824
-8.9E-05,0.005818
-9E-05,0.005778
-8.9E-05,0.00571
-8.9E-05,0.005685
-9E-05,0.005701
-8.7E-05,0.005808
-8.7E-05,0.005808
-8.8E-05,0.005808
-8.8E-05,0.005784
-8.7E-05,0.005755
-9E-05,0.005734
-9E-05,0.005738
-9E-05,0.005753
-9E-05,0.005745
-8.9E-05,0.005668
-8.9E-05,0.005668
-8.9E-05,0.005637
-8.9E-05,0.005644
-8.9E-05,0.00563
-9E-05,0.005585
-9E-05,0.005585
-9E-05,0.005556
-9E-05,0.005536
-8.9E-05,0.005537
-8.9E-05,0.005554
-8.9E-05,0.005568
-9.1E-05,0.00559
-9.1E-05,0.00559
-9E-05,0.005626
-8.9E-05,0.005671
-8.8E-05,0.005702
-8.9E-05,0.005739
-8.8E-05,0.005754
-8.7E-05,0.005752
-8.8E-05,0.005747
-8.7E-05,0.005767
-8.7E-05,0.005782
-8.8E-05,0.005776
-8.8E-05,0.005768
-8.8E-05,0.005768
-8.5E-05,0.005767
-8.6E-05,0.00577
-8.5E-05,0.005787
-8.6E-05,0.0058
-8.6E-05,0.005807
-8.6E-05,0.005832
-8.6E-05,0.005801
-8.5E-05,0.005769
-8.6E-05,0.005748
-8.6E-05,0.00575
-8.6E-05,0.00575
-8.7E-05,0.005761
-8.8E-05,0.005735
-8.8E-05,0.005698
-8.8E-05,0.005693
-8.8E-05,0.005693
-8.7E-05,0.005695
-8.8E-05,0.005701
-8.9E-05,0.00572
-8.9E-05,0.005751
-9E-05,0.005797
-9.1E-05,0.005852
-9.1E-05,0.005914
-9.1E-05,0.005959
-9.1E-05,0.006005
-9.1E-05,0.006063
-9.1E-05,0.006104
-9E-05,0.006172
-9.1E-05,0.006201
-9E-05,0.006225
-9.1E-05,0.006295
-9.1E-05,0.006295
-9.2E-05,0.006314
-9.2E-05,0.006334
-9.2E-05,0.006331
-9.1E-05,0.006339
-9.1E-05,0.006334
-9.1E-05,0.006327
-9E-05,0.006305
-8.8E-05,0.006277
-8.8E-05,0.006242
-8.7E-05,0.0062
-8.7E-05,0.006189
-8.7E-05,0.006135
-8.9E-05,0.006076
-0.000161,0.006032
-0.000691,0.005989
-0.003303,0.005904
-0.003303,0.005904
-0.005201,0.005884
-0.007249,0.005851
-0.00943,0.005833
-0.012085,0.00582
-0.015547,0.005817
-0.019286,0.005828
-0.023373,0.005842
-0.027888,0.005867
-0.032771,0.005885
-0.049558,0.006019
-0.049558,0.006019
-0.049558,0.006019
-0.055825,0.006072
-0.062388,0.006124
-0.069251,0.006157
-0.076417,0.006211
-0.083927,0.00624
-0.091753,0.006257
-0.099862,0.006265
-0.108254,0.006277
-0.116927,0.006294
-0.144436,0.006298
-0.144436,0.006298
-0.144436,0.006298
-0.154149,0.006268
-0.164056,0.006227
-0.174173,0.006191
-0.184509,0.006161
-0.205906,0.0061
-0.205906,0.0061
-0.216672,0.006068
-0.227188,0.006029
-0.237478,0.005981
-0.24755,0.005928
-0.257415,0.005884
-0.267079,0.005861
-0.276458,0.005851
-0.294432,0.005845
-0.294432,0.005845
-0.302899,0.005845
-0.311078,0.00586
-0.31895,0.005877
-0.326452,0.005901
-0.333555,0.005936
-0.340369,0.005966
-0.346871,0.005999
-0.353053,0.006052
-0.358908,0.0061
-0.364349,0.006121
-0.369411,0.006131
-0.374087,0.006148
-0.378453,0.006168
-0.38234,0.006185
-0.386024,0.006206
-0.389179,0.006223
-0.391527,0.00623
-0.393553,0.006237
-0.397012,0.006202
-0.397012,0.006202
-0.399316,0.006153
-0.399316,0.006153
-0.399829,0.006124
-0.399924,0.006096
-0.399924,0.006073
-0.399925,0.00605
-0.399927,0.005986
-0.399927,0.005986
-0.399927,0.005953
-0.399927,0.005924
-0.399926,0.0059
-0.399925,0.005879
-0.399928,0.005871
-0.399928,0.005871
-0.399929,0.005875
-0.39993,0.005883
-0.39993,0.005892
-0.39993,0.005906
-0.399929,0.005922
-0.399929,0.005942
-0.399928,0.005988
-0.399927,0.006076
-0.399927,0.006076
-0.399928,0.006097
-0.399928,0.006114
-0.399928,0.006133
-0.399928,0.006133
-0.399928,0.006154
-0.399927,0.006181
-0.399926,0.006199
-0.399925,0.006202
-0.399925,0.006202
-0.399925,0.006202
-0.399925,0.006206
-0.399925,0.006201
-0.399926,0.006182
-0.399926,0.006129
-0.399926,0.006129
-0.399926,0.006104
-0.399925,0.006077
-0.399925,0.006056
-0.399925,0.006003
-0.399925,0.006003
-0.399925,0.006003
-0.399926,0.005952
-0.399926,0.005952
-0.399927,0.005927
-0.399927,0.005904
-0.399926,0.005889
-0.399927,0.005866
-0.399927,0.005866
-0.399927,0.005869
-0.399928,0.005884
-0.399928,0.0059
-0.399928,0.005919
-0.39993,0.005965
-0.39993,0.005994
-0.39993,0.006028
-0.39993,0.006028
-0.399929,0.006064
-0.399928,0.006094
-0.399927,0.006125
-0.399927,0.006157
-0.399928,0.006177
-0.399928,0.006201
-0.399929,0.006219
-0.39993,0.006236
-0.399929,0.006245
-0.399928,0.006251
-0.399928,0.00625
-0.399927,0.006238
-0.399927,0.006238
-0.399928,0.006226
-0.399928,0.006207
-0.399929,0.006191
-0.399929,0.006166
-0.399929,0.006137
-0.399929,0.006123
-0.399928,0.006087
-0.399928,0.00605
-0.399927,0.005974
-0.399927,0.005945
-0.399927,0.005945
-0.399928,0.005936
-0.399929,0.005921
-0.399929,0.005919
-0.399929,0.005934
-0.399929,0.005962
-0.399928,0.006003
-0.399928,0.00606
-0.399927,0.00613
-0.399928,0.006217
-0.399929,0.00632
-0.39993,0.006433
-0.39993,0.006546
-0.39993,0.006663
-0.399929,0.006808
-0.399928,0.006933
-0.399927,0.007068
-0.399926,0.007206
-0.399926,0.007342
-0.399926,0.007474
-0.399927,0.007603
-0.399928,0.007852
-0.399928,0.007852
-0.399928,0.007971
-0.399927,0.008186
-0.399927,0.008186
-0.399927,0.008285
-0.399926,0.008376
-0.399926,0.008462
-0.399927,0.008531
-0.399928,0.008592
-0.399929,0.008643
-0.399928,0.008687
-0.399928,0.008733
-0.399928,0.008784
-0.399927,0.00883
-0.399927,0.008876
-0.399927,0.008914
-0.399928,0.008973
-0.39993,0.009024
-0.39993,0.009024
-0.39993,0.00903
-0.39993,0.00903
-0.399929,0.009029
-0.399928,0.009032
-0.399927,0.009049
-0.399926,0.009049
-0.399926,0.009045
-0.399926,0.009041
-0.399927,0.00904
-0.399929,0.009046
-0.399929,0.009056
-0.399929,0.009069
-0.399928,0.009088
-0.399928,0.009088
-0.399927,0.009093
-0.399927,0.009093
-0.399927,0.009087
-0.399928,0.009091
-0.399929,0.009057
-0.39993,0.009019
-0.399931,0.008973
-0.39993,0.008926
-0.399929,0.008878
-0.399928,0.008832
-0.399927,0.00879
-0.399927,0.008748
-0.399927,0.008701
-0.399928,0.008612
-0.399928,0.008612
-0.399929,0.008579
-0.399929,0.008536
-0.399929,0.00849
-0.399928,0.008441
-0.399927,0.008409
-0.399926,0.008332
-0.399926,0.008332
-0.399927,0.008314
-0.399929,0.008309
-0.399929,0.00832
-0.399929,0.00832
-0.399929,0.008294
-0.399928,0.00827
-0.399926,0.008261
-0.399926,0.008265
-0.399926,0.008278
-0.399926,0.008293
-0.399928,0.008304
-0.399928,0.008321
-0.399929,0.008344
-0.399928,0.008336
-0.399928,0.008336
-0.399926,0.008307
-0.399926,0.008307
-0.399925,0.008289
-0.399925,0.008289
-0.399926,0.008268
-0.399926,0.008268
-0.399929,0.00818
-0.399929,0.00818
-0.399929,0.00818
-0.399928,0.008154
-0.399927,0.00816
-0.399926,0.008176
-0.399926,0.008167
-0.399927,0.008166
-0.399928,0.008146
-0.399929,0.008165
-0.399929,0.008151
-0.399929,0.008153
-0.399929,0.008203
-0.399928,0.008328
-0.399927,0.008513
-0.399926,0.008723
-0.399926,0.008723
-0.399926,0.008931
-0.399928,0.009115
-0.399928,0.009299
-0.399928,0.009457
-0.399929,0.009629
-0.399929,0.009822
-0.399929,0.009997
-0.399928,0.010168
-0.399926,0.010398
-0.399926,0.010398
-0.399927,0.010381
-0.399927,0.010381
-0.399927,0.010347
-0.399927,0.010346
-0.399928,0.010407
-0.399929,0.010491
-0.399928,0.010518
-0.399926,0.010391
-0.399925,0.010222
-0.399925,0.010065
-0.399926,0.010015
-0.399927,0.010166
-0.39993,0.010339
-0.39993,0.010477
-0.399928,0.010431
-0.399929,0.010296
-0.399927,0.010185
-0.399925,0.010134
-0.399925,0.010118
-0.399927,0.010121
-0.399925,0.010102
-0.399927,0.010244
-0.399927,0.010244
-0.39993,0.010335
-0.399927,0.010331
-0.399928,0.010303
-0.399927,0.010197
-0.399927,0.010128
-0.399925,0.010126
-0.399925,0.010197
-0.399924,0.010252
-0.399927,0.010322
-0.399928,0.010343
-0.399928,0.010357
-0.399928,0.010357
-0.399927,0.01034
-0.399925,0.010332
-0.399922,0.010319
-0.399925,0.010308
-0.399925,0.010308
-0.399927,0.010264
-0.399927,0.010264
-0.399929,0.010201
-0.399928,0.010157
-0.399928,0.010146
-0.399926,0.010135
-0.399925,0.010141
-0.399925,0.010126
-0.399925,0.010112
-0.399926,0.010098
-0.399928,0.010095
-0.399928,0.010091
-0.399929,0.010074
-0.399928,0.010055
-0.399927,0.01004
-0.399925,0.01006
-0.399925,0.01006
-0.399925,0.01008
-0.399926,0.010084
-0.399926,0.010087
-0.399928,0.010079
-0.399928,0.010078
-0.399928,0.010082
-0.399928,0.01009
-0.399925,0.010098
-0.399925,0.010098
-0.399925,0.01011
-0.399926,0.010131
-0.399928,0.010189
-0.399928,0.010189
-0.399929,0.010204
-0.399929,0.010196
-0.399928,0.010174
-0.399927,0.010174
-0.399926,0.010187
-0.399925,0.010235
-0.399927,0.010202
-0.399927,0.010202
-0.399928,0.009969
-0.399928,0.009969
-0.399928,0.009937
-0.399929,0.009998
-0.399929,0.010141
-0.399927,0.010261
-0.399927,0.010299
-0.399927,0.010274
-0.399927,0.010182
-0.399928,0.010096
-0.399928,0.010022
-0.399929,0.009963
-0.399929,0.009979
-0.399928,0.010113
-0.399928,0.010113
-0.399927,0.010194
-0.399926,0.010219
-0.399926,0.010192
-0.399926,0.010112
-0.399928,0.010012
-0.39993,0.009991
-0.39993,0.010157
-0.39993,0.010157
-0.399929,0.010263
-0.399927,0.010298
-0.399927,0.01029
-0.399925,0.010243
-0.399927,0.010222
-0.399927,0.010171
-0.399929,0.010151
-0.399929,0.010106
-0.399929,0.010102
-0.39993,0.010065
-0.399929,0.00999
-0.399927,0.009845
-0.399927,0.00955
-0.399926,0.009223
-0.399927,0.00887
-0.399928,0.008481
-0.399929,0.008061
-0.39993,0.007635
-0.39993,0.007137
-0.39993,0.007137
-0.399927,0.006
-0.399928,0.005294
-0.399926,0.004497
-0.399927,0.003641
-0.399927,0.002732
-0.399929,0.001806
-0.399929,0.000869
-0.39993,-0.000157
-0.399929,-0.001209
-0.399928,-0.002346
-0.399927,-0.00355
-0.399926,-0.004834
-0.399926,-0.007545
-0.399926,-0.007545
-0.399929,-0.010304
-0.399929,-0.010304
-0.39993,-0.011718
-0.399931,-0.013184
-0.399929,-0.014694
-0.399928,-0.016278
-0.399928,-0.016278
-0.399927,-0.017895
-0.399926,-0.019533
-0.399926,-0.021202
-0.399928,-0.022876
-0.399928,-0.024551
-0.39993,-0.027956
-0.39993,-0.027956
-0.399929,-0.031551
-0.399929,-0.031551
-0.399927,-0.033392
-0.399926,-0.035224
-0.399925,-0.037049
-0.399926,-0.038867
-0.399929,-0.04255
-0.399929,-0.04255
-0.39993,-0.046295
-0.39993,-0.046295
-0.399928,-0.048204
-0.399927,-0.050133
-0.399925,-0.052071
-0.399925,-0.054003
-0.399926,-0.055927
-0.399927,-0.05788
-0.399928,-0.05987
-0.399929,-0.061913
-0.399929,-0.064005
-0.399928,-0.066128
-0.399928,-0.068269
-0.399927,-0.072769
-0.399927,-0.075267
-0.399927,-0.075267
-0.399928,-0.077965
-0.399928,-0.080865
-0.399929,-0.083905
-0.399929,-0.087097
-0.39993,-0.090438
-0.399887,-0.09392
-0.399882,-0.097502
-0.399884,-0.10116
-0.399881,-0.104816
-0.399881,-0.108518
-0.399881,-0.112171
-0.399881,-0.115806
-0.399883,-0.119335
-0.399886,-0.122724
-0.399928,-0.125939
-0.399928,-0.129002
-0.399926,-0.131912
-0.399926,-0.134616
-0.399926,-0.137179
-0.399927,-0.139544
-0.399927,-0.141764
-0.399928,-0.143893
-0.399927,-0.148002
-0.399926,-0.150043
-0.399926,-0.150043
-0.399926,-0.153992
-0.399926,-0.153992
-0.399926,-0.155931
-0.399927,-0.157858
-0.399928,-0.159762
-0.399928,-0.163531
-0.399927,-0.165368
-0.399927,-0.167197
-0.399927,-0.167197
-0.399926,-0.170811
-0.399926,-0.170811
-0.399927,-0.172604
-0.399927,-0.174371
-0.399928,-0.17609
-0.399928,-0.177785
-0.399929,-0.17947
-0.399929,-0.181149
-0.399928,-0.182823
-0.399927,-0.184477
-0.399927,-0.186104
-0.399927,-0.187705
-0.399927,-0.189287
-0.399929,-0.193954
-0.399929,-0.195467
-0.399928,-0.19695
-0.399928,-0.19695
-0.399928,-0.19695
-0.399928,-0.198406
-0.399927,-0.199825
-0.399926,-0.201231
-0.399927,-0.202575
-0.399927,-0.203883
-0.399928,-0.205149
-0.399928,-0.206381
-0.399929,-0.207585
-0.399928,-0.208751
-0.399928,-0.209863
-0.399927,-0.210928
-0.399926,-0.21293
-0.399926,-0.21293
-0.399927,-0.213884
-0.399927,-0.214795
-0.399928,-0.215653
-0.399929,-0.216461
-0.399928,-0.21721
-0.399928,-0.217913
-0.399928,-0.21857
-0.399927,-0.219173
-0.399927,-0.220223
-0.399927,-0.220665
-0.399927,-0.220665
-0.399928,-0.221034
-0.399929,-0.222087
-0.399929,-0.222087
-0.399929,-0.222087
-0.399928,-0.222234
-0.399927,-0.22233
-0.399927,-0.22233
-0.399927,-0.222388
-0.399927,-0.222419
-0.399929,-0.222415
-0.399929,-0.222409
-0.399929,-0.222383
-0.399929,-0.222383
-0.399927,-0.219865
-0.399927,-0.219865
-0.399926,-0.217357
-0.399924,-0.214249
-0.399925,-0.211052
-0.399927,-0.208107
-0.39993,-0.202457
-0.39993,-0.202457
-0.399931,-0.199012
-0.399929,-0.194599
-0.399924,-0.189194
-0.399926,-0.171985
-0.399926,-0.171985
-0.399926,-0.171985
-0.399928,-0.166096
-0.39993,-0.159524
-0.399931,-0.152128
-0.399929,-0.144402
-0.399928,-0.136745
-0.399926,-0.129068
-0.399927,-0.121153
-0.399926,-0.11247
-0.399925,-0.102966
-0.399926,-0.093152
-0.399929,-0.083247
-0.39993,-0.073317
-0.39993,-0.073317
-0.399931,-0.053644
-0.399929,-0.043878
-0.399929,-0.034618
-0.399927,-0.025964
-0.399928,-0.017718
-0.399928,-0.017718
-0.39993,-0.009817
-0.399929,-0.002021
-0.399929,0.005585
-0.39993,0.012801
-0.399929,0.019723
-0.399929,0.032494
-0.399929,0.032494
-0.399929,0.038454
-0.399927,0.044101
-0.399929,0.0493
-0.399928,0.054367
-0.399928,0.059323
-0.399928,0.063738
-0.399931,0.070324
-0.399931,0.070324
-0.399931,0.072689
-0.399929,0.075039
-0.399927,0.077705
-0.399927,0.080414
-0.399926,0.082694
-0.399926,0.084143
-0.39993,0.084649
-0.399932,0.084609
-0.399932,0.084459
-0.399931,0.084433
-0.399929,0.084551
-0.399854,0.084579
-0.399363,0.084453
-0.39829,0.084262
-0.396713,0.084153
-0.394819,0.08422
-0.392772,0.084434
-0.390589,0.084627
-0.387937,0.084615
-0.380735,0.084378
-0.380735,0.084378
-0.376646,0.084365
-0.371899,0.08452
-0.367248,0.084654
-0.361974,0.084721
-0.356386,0.084638
-0.350464,0.084513
-0.344198,0.084458
-0.337634,0.08444
-0.330769,0.084469
-0.316093,0.084348
-0.316093,0.084348
-0.308267,0.084263
-0.291768,0.084359
-0.291768,0.084359
-0.283094,0.084495
-0.274184,0.084567
-0.26502,0.084535
-0.255583,0.084483
-0.24587,0.084456
-0.235961,0.084496
-0.225846,0.084604
-0.215511,0.08467
-0.204948,0.084672
-0.194115,0.084617
-0.183349,0.084523
-0.172832,0.084454
-0.152468,0.084437
-0.152468,0.084437
-0.142604,0.084411
-0.13294,0.08438
-0.123562,0.084347
-0.114452,0.084369
-0.105589,0.084428
-0.097122,0.08448
-0.088943,0.084495
-0.08107,0.084481
-0.073569,0.084468
-0.066467,0.084476
-0.059652,0.084525
-0.053151,0.084598
-0.046969,0.084629
-0.035671,0.084506
-0.035671,0.084506
-0.030609,0.08442
-0.02593,0.084394
-0.021564,0.084408
-0.017676,0.084426
-0.013991,0.084429
-0.006465,0.084397
-0.006465,0.084397
-0.006465,0.084397
-0.004632,0.084433
-0.003005,0.084477
-0.001662,0.084511
-0.0007,0.084517
-0.000187,0.084525
-9.2E-05,0.084557
-9.2E-05,0.084604
-9.3E-05,0.084585
-9.3E-05,0.084585
-9.1E-05,0.084531
-9.2E-05,0.084479
-9.1E-05,0.084442
-9.2E-05,0.084433
-9.1E-05,0.084447
-9.1E-05,0.084449
-9.1E-05,0.084429
-9.1E-05,0.084393
-9E-05,0.084384
-9.1E-05,0.084405
-9.1E-05,0.084439
-9E-05,0.084479
-9.1E-05,0.084507
-9.1E-05,0.084494
-9.1E-05,0.084433
-8.9E-05,0.08438
-9E-05,0.084364
-9E-05,0.084359
-9E-05,0.084376
-9E-05,0.084344
-9E-05,0.084277
-9.1E-05,0.084193
-9.1E-05,0.084111
-9.3E-05,0.084021
-9.2E-05,0.083735
-9.2E-05,0.083735
-9.2E-05,0.083464
-9.1E-05,0.083162
-9.3E-05,0.082861
-9.4E-05,0.082572
-9.3E-05,0.082287
-9.3E-05,0.081948
-9.3E-05,0.081512
-9.3E-05,0.081042
-9.2E-05,0.080632
-9.3E-05,0.080244
-9.3E-05,0.079891
-9.4E-05,0.079508
-9.4E-05,0.079072
-9.3E-05,0.078109
-9.3E-05,0.078109
-9.3E-05,0.077595
-9.3E-05,0.077078
-9.2E-05,0.076505
-9.3E-05,0.075882
-9.2E-05,0.075228
-9.3E-05,0.074551
-9.3E-05,0.073839
-9.3E-05,0.073839
-9.3E-05,0.072473
-9.4E-05,0.071724
-9.5E-05,0.070913
-9.6E-05,0.070033
-9.6E-05,0.070033
-9.5E-05,0.067208
-9.5E-05,0.067208
-9.5E-05,0.067208
-9.4E-05,0.065366
-9.9E-05,0.062238
-9.9E-05,0.062238
-9.9E-05,0.062238
-9.8E-05,0.061204
-9.8E-05,0.061204
-9.8E-05,0.059211
-9.8E-05,0.059211
-9.9E-05,0.058074
-9.8E-05,0.056858
-9.9E-05,0.054529
-9.9E-05,0.054529
-0.000101,0.053415
-0.000101,0.052258
-0.000102,0.050955
-0.000104,0.048257
-0.000104,0.048257
-0.000102,0.046947
-0.000104,0.045574
-0.000102,0.044149
-0.000103,0.042791
-0.000107,0.041462
-0.000109,0.04003
-0.000109,0.038504
-0.00011,0.037101
-0.00011,0.035838
-0.000111,0.034528
-0.000109,0.033121
-0.000108,0.03171
-0.000111,0.030442
-0.000112,0.029259
-0.00011,0.028047
-0.000111,0.026836
-0.000113,0.025665
-0.000113,0.024519
-0.000111,0.023398
-0.00011,0.022316
-0.000111,0.021285
-0.000112,0.020276
-0.000112,0.019271
-0.000113,0.018285
-0.000114,0.017325
-0.000114,0.016424
-0.000113,0.015518
-0.000113,0.014663
-0.000113,0.013854
-0.000113,0.013057
-0.000114,0.012262
-0.000115,0.01147
-0.000113,0.009956
-0.000113,0.009956
-0.000112,0.009283
-0.000113,0.008625
-0.000118,0.007379
-0.000118,0.007379
-0.000117,0.006829
-0.000113,0.0054
-0.000113,0.0054
-0.000113,0.0054
-0.000112,0.004967
-0.000111,0.004517
-0.000112,0.0041
-0.000114,0.003681
-0.000115,0.002936
-0.000115,0.002612
-0.000115,0.002612
-0.000114,0.002288
-0.000112,0.001971
-0.00011,0.001683
-0.000114,0.001443
-0.000116,0.001236
-0.000115,0.001081
-0.000115,0.000945
-0.000114,0.00084
-0.000115,0.000755
-0.000113,0.000716
-0.000112,0.000728
-0.000113,0.000717
-0.000113,0.000734
-0.000112,0.000749
-0.000111,0.000761
-0.000111,0.000792
-0.000111,0.000823
-0.000112,0.000829
-0.000113,0.000816
-0.000113,0.000805
-0.000113,0.000811
-0.000111,0.000824
-0.000111,0.000824
-0.000112,0.000837
-0.000112,0.000794
-0.000112,0.000764
-0.00011,0.000765
-0.00011,0.000765
-0.000111,0.000775
-0.000112,0.000745
-0.000111,0.000747
-0.00011,0.000759
-0.000111,0.000759
-0.000111,0.000778
-0.000111,0.000796
-0.00011,0.00082
-0.000111,0.000844
-0.000111,0.000878
-0.00011,0.000922
-0.000111,0.000967
-0.000111,0.001011
-0.000111,0.001058
-0.000111,0.00112
-0.000112,0.00116
-0.000112,0.001221
-0.000111,0.00128
-0.000112,0.001325
-0.000113,0.001369
-0.000112,0.00142
-0.000112,0.00144
-0.000114,0.00147
-0.000112,0.001504
-0.000111,0.001534
-0.000111,0.001554
-0.000112,0.001571
-0.000113,0.001545
-0.000113,0.001545
-0.00011,0.001548
-0.000112,0.001564
-0.000112,0.001564
-0.000112,0.001533
-0.000112,0.00151
-0.000111,0.001501
-0.000109,0.001499
-0.000109,0.001471
-0.000108,0.001449
-0.000108,0.001428
-0.00011,0.001408
-0.000113,0.001402
-0.000112,0.001405
-0.000112,0.001423
-0.000112,0.001423
-0.000113,0.001427
-0.000112,0.001424
-0.000112,0.001465
-0.000112,0.001465
-0.000113,0.00151
-0.000112,0.001531
-0.00011,0.001549
-0.000108,0.001561
-0.00011,0.001556
-0.000109,0.001546
-0.00011,0.001534
-0.000112,0.001549
-0.000111,0.001571
-0.000115,0.001569
-0.000115,0.001569
-0.000113,0.001565
-0.000114,0.001559
-0.000114,0.001567
-0.000113,0.001555
-0.000115,0.001566
-0.000115,0.001608
-0.000115,0.001608
-0.000113,0.001613
-0.000113,0.001613
-0.000111,0.001597
-0.000112,0.001558
-0.000112,0.001558
-0.000112,0.00155
-0.000114,0.001562
-0.000114,0.001565
-0.000113,0.001541
-0.000112,0.001505
-0.000112,0.001469
-0.00011,0.001482
-0.000111,0.0015
-0.000112,0.001528
-0.000114,0.001535
-0.000115,0.001552
-0.000112,0.001564
-0.000112,0.001586
-0.000111,0.001594
-0.000113,0.00163
-0.000113,0.00163
-0.000113,0.001636
-0.000112,0.001642
-0.000115,0.00165
-0.000114,0.001642
-0.000114,0.001615
-0.000111,0.001603
-0.000115,0.001603
-0.000114,0.001593
-0.000114,0.001593
-0.000113,0.001595
-0.000114,0.001586
-0.000112,0.001596
-0.000115,0.001601
-0.000113,0.001609
-0.000113,0.001618
-0.000113,0.001618
-0.000114,0.001616
-0.000114,0.00162
-0.000113,0.001624
-0.000113,0.001614
-0.000112,0.001598
-0.00011,0.001585
-0.000113,0.001582
-0.000112,0.001595
-0.000114,0.001611
-0.000114,0.001611
-0.000113,0.001612
-0.000112,0.001605
-0.000112,0.001605
-0.000111,0.001618
-0.000114,0.001644
-0.000114,0.001689
-0.000114,0.001689
-0.000112,0.001707
-0.000111,0.001722
-0.000111,0.001737
-0.000111,0.001737
-0.000114,0.001748
-0.000114,0.001759
-0.000113,0.001759
-0.000111,0.001764
-0.000114,0.001753
-0.000114,0.001753
-0.000112,0.001745
-0.000111,0.001762
-0.000111,0.001762
-0.000111,0.001778
-0.000114,0.001793
-0.000112,0.0018
-0.000112,0.001808
-0.000112,0.001832
-0.000113,0.001889
-0.000113,0.001889
-0.000112,0.001958
-0.000113,0.002074
-0.000111,0.002143
-0.000111,0.002076
-0.000112,0.001941
-0.000111,0.001843
-0.000113,0.001825
-0.000111,0.00184
-0.000112,0.001827
-0.000112,0.001788
-0.000112,0.001901
-0.000113,0.002228
-0.000113,0.002228
-0.000113,0.002228
-0.000113,0.002219
-0.000113,0.002111
-0.000113,0.002134
-0.000113,0.002134
-0.000113,0.002211
-0.000111,0.002199
-0.000112,0.002111
-0.000113,0.002042
-0.000112,0.002113
-0.000112,0.002113
-0.000109,0.002137
-0.000113,0.002107
-0.000113,0.002075
-0.00011,0.002155
-0.00011,0.002155
-0.000114,0.002214
-0.000112,0.002233
-0.000111,0.002208
-0.000111,0.002217
-0.000113,0.002238
-0.000113,0.002238
-0.000112,0.002232
-0.000112,0.002195
-0.000111,0.002151
-0.000113,0.002131
-0.000111,0.002132
-0.000112,0.002133
-0.000111,0.002119
-0.00011,0.002111
-0.00011,0.002111
-0.000111,0.002168
-0.000112,0.002258
-0.000112,0.002258
-0.000112,0.002234
-0.000111,0.002225
-0.000113,0.002263
-0.000113,0.002305
-0.000112,0.002328
-0.000112,0.002302
-0.000111,0.002308
-0.000113,0.002509
-0.000113,0.003021
-0.000113,0.003813
-0.000114,0.004802
-0.000115,0.005867
-0.000113,0.006942
-0.00011,0.008028
-0.000112,0.009141
-0.000113,0.010293
-0.000112,0.011453
-0.000116,0.016616
-0.000116,0.016616
-0.000116,0.016616
-0.000113,0.018809
-0.000113,0.023264
-0.000113,0.023264
-0.000113,0.023264
-0.000107,0.028449
-0.000107,0.028449
-0.000113,0.031562
-0.000117,0.034874
-0.000114,0.038239
-0.000114,0.045778
-0.000114,0.045778
-0.000115,0.050176
-0.00011,0.054941
-0.000106,0.05954
-0.00011,0.063804
-0.000116,0.068037
-0.000112,0.072308
-0.000106,0.076602
-0.000114,0.081097
-0.00012,0.085523
-0.000107,0.093701
-0.000107,0.093701
-0.000112,0.097566
-0.000116,0.101373
-0.00011,0.105057
-0.000106,0.108602
-0.000114,0.112038
-0.000117,0.115188
-0.00011,0.117733
-0.000109,0.119739
-0.000115,0.121549
-0.000113,0.12334
-0.000111,0.127364
-0.000111,0.127364
-0.000116,0.128924
-0.000116,0.130014
-0.00011,0.130759
-0.00011,0.131165
-0.000114,0.131427
-0.000115,0.131524
-0.00011,0.131412
-0.00011,0.13122
-0.000116,0.131134
-0.000116,0.131227
-0.000112,0.131353
-0.000111,0.131338
-0.000113,0.13115
-0.000116,0.131032
-0.00011,0.131084
-0.00011,0.131213
-0.000115,0.131263
-0.000117,0.131244
-0.00011,0.131174
-0.00011,0.131174
-0.000115,0.131239
-0.000116,0.13135
-0.000111,0.131378
-0.00011,0.13131
-0.000115,0.131224
-0.000115,0.131224
-0.000113,0.131311
-0.00011,0.131346
-0.000115,0.131262
-0.000115,0.13119
-0.000111,0.131189
-0.000113,0.131237
-0.000113,0.131237
-0.000115,0.131254
-0.000112,0.131237
-0.000114,0.131248
-0.000114,0.131248
-0.000115,0.13128
-0.000114,0.131348
-0.000112,0.131349
-0.000113,0.131297
-0.000112,0.131306
-0.000114,0.13125
-0.000111,0.1312
-0.000111,0.1312
-0.000113,0.131188
-0.000115,0.131185
-0.000114,0.131204
-0.000114,0.131204
-0.000113,0.13118
-0.000113,0.131242
-0.000113,0.131242
-0.000113,0.131242
-0.000113,0.131265
-0.000113,0.131265
-0.000113,0.131289
-0.000113,0.131289
-0.000112,0.131317
-0.000115,0.131302
-0.000116,0.131296
-0.000112,0.13128
-0.000112,0.13128
-0.000113,0.131244
-0.000113,0.131249
-0.00011,0.131247
-0.00011,0.131247
-0.000115,0.131227
-0.000114,0.131258
-0.000112,0.131272
-0.000112,0.131272
-0.000112,0.131276
-0.000113,0.131293
-0.000113,0.131293
-0.000112,0.131316
-0.000114,0.131306
-0.000113,0.131298
-0.000113,0.131298
-0.000111,0.131291
-0.000115,0.131243
-0.000115,0.131243
-0.000113,0.13124
-0.000112,0.131226
-0.000114,0.13006
-0.000112,0.128234
-0.000112,0.128234
-0.000114,0.125341
-0.000115,0.121624
-0.000115,0.121624
-0.000116,0.104172
-0.000116,0.104172
-0.000116,0.104172
-0.000116,0.104172
-0.000112,0.096224
-0.000112,0.096224
-0.000114,0.091026
-0.000114,0.091026
-0.000113,0.08929
-0.000112,0.087753
-0.000113,0.086441
-0.000114,0.085674
-0.000113,0.086015
-0.000113,0.086015
-0.000113,0.086351
-0.000114,0.085413
-0.000114,0.085413
-0.00011,0.084532
-0.000114,0.083541
-0.000115,0.083143
-0.000115,0.083143
-0.000116,0.081424
-0.000116,0.081424
-0.000115,0.08044
-0.000114,0.079655
-0.000111,0.078093
-0.000112,0.077026
-0.000112,0.075919
-0.000112,0.075919
-0.000114,0.074008
-0.000114,0.074008
-0.000115,0.072033
-0.000112,0.070877
-0.000112,0.070877
-0.000113,0.068545
-0.000112,0.067412
-0.000112,0.067412
-0.000112,0.06494
-0.000115,0.063548
-0.000115,0.063548
-0.000113,0.059322
-0.000113,0.059322
-0.000113,0.057827
-0.000113,0.057827
-0.000114,0.056294
-0.000111,0.053089
-0.000112,0.051526
-0.000112,0.051526
-0.000112,0.048304
-0.000113,0.04667
-0.000113,0.04667
-0.000112,0.043236
-0.000108,0.040004
-0.000108,0.040004
-0.000108,0.040004
-0.000111,0.036941
-0.000111,0.035408
-0.000113,0.033907
-0.000113,0.033907
-0.000113,0.032437
-0.000115,0.031026
-0.000112,0.029633
-0.000111,0.028316
-0.000111,0.026949
-0.000113,0.025682
-0.00011,0.024403
-0.000109,0.023249
-0.00011,0.022049
-0.000114,0.020874
-0.000113,0.018623
-0.000109,0.01752
-0.000109,0.01752
-0.00011,0.016506
-0.000112,0.015521
-0.000113,0.014514
-0.000114,0.013563
-0.000111,0.012624
-0.000112,0.010837
-0.000114,0.010006
-0.000114,0.010006
-0.000111,0.009211
-0.000108,0.007787
-0.000108,0.007787
-0.000111,0.007049
-0.00011,0.005775
-0.00011,0.005775
-0.00011,0.004941
-0.00011,0.004564
-0.00011,0.004564
-0.000113,0.004165
-0.000113,0.003747
-0.000113,0.002995
-0.000113,0.002995
-0.000113,0.002734
-0.000114,0.002447
-0.00011,0.001942
-0.000109,0.001724
-0.000109,0.001724
-0.000111,0.001589
-0.000112,0.001518
-0.00011,0.001524
-0.000112,0.001556
-0.000112,0.001556
-0.000114,0.001544
-0.000115,0.001524
-0.000112,0.001525
-0.000112,0.001525
-0.00012,0.001499
-0.00012,0.001478
-0.00012,0.001478
-0.00012,0.001478
-0.00012,0.001411
-0.00012,0.001411
-0.00012,0.001408
-0.00012,0.001362
-0.000123,0.001351
-0.00012,0.001325
-0.00012,0.001325
-0.00012,0.001319
-0.00012,0.001289
-0.000121,0.001303
-0.000121,0.001303
-0.000121,0.001427
-0.000122,0.001594
-0.000122,0.001594
-0.000122,0.001594
-0.000122,0.001825
-0.000122,0.001825
-0.000121,0.001982
-0.000123,0.002327
-0.000123,0.002327
-0.000122,0.002633
-0.000123,0.002751
-0.000123,0.002751
-0.000122,0.002856
-0.000121,0.002968
-0.000122,0.00311
-0.000122,0.00311
-0.00012,0.003131
-0.00012,0.003363
-0.00012,0.003375
-0.00012,0.003375
-0.00012,0.003375
-0.00012,0.00332
-0.000121,0.00315
-0.000121,0.00315
-0.000118,0.003418
-0.000118,0.003418
-0.000118,0.003522
-0.000118,0.003252
-0.000118,0.003252
-0.000118,0.003252
-0.000117,0.003306
-0.000116,0.00359
-0.000116,0.00359
-0.000115,0.00355
-0.000115,0.003495
-0.000115,0.003531
-0.000114,0.003643
-0.000115,0.003787
-0.000115,0.003787
-0.000112,0.003899
-0.000111,0.003927
-0.000111,0.003927
-0.000111,0.003927
-0.000111,0.004106
-0.000111,0.004106
-0.000111,0.004222
-0.00011,0.004249
-0.00011,0.004249
-0.000109,0.00434
-0.000106,0.004231
-0.000107,0.004337
-0.000106,0.004403
-0.000104,0.004446
-0.000107,0.004535
-0.000107,0.004604
-0.000107,0.004604
-0.000105,0.004546
-0.000105,0.004563
-0.000103,0.00459
-0.000102,0.004772
-0.000102,0.004772
-0.000102,0.004815
-0.000102,0.004815
-0.000102,0.004817
-0.000103,0.004519
-0.000103,0.004519
-9.8E-05,0.004725
-0.000101,0.004802
-0.000101,0.004802
-0.000102,0.004794
-9.9E-05,0.004713
-9.9E-05,0.004713
-9.9E-05,0.004713
-0.000102,0.004719
-9.8E-05,0.004869
-9.8E-05,0.004869
-9.8E-05,0.004869
-1E-04,0.004836
-1E-04,0.00486
-1E-04,0.00486
-0.000101,0.005041
-0.000101,0.005041
-0.000101,0.005041
-0.000101,0.005083
-0.000103,0.005028
-0.000103,0.005028
-0.000103,0.00501
-0.000103,0.005008
-0.000103,0.005048
-0.000102,0.005141
-0.000102,0.0052
-0.000101,0.005187
-0.000101,0.005154
-0.000101,0.005091
-0.000101,0.005091
-0.000102,0.005093
-0.000102,0.005103
-0.000103,0.005066
-0.000103,0.005066
-0.000102,0.005008
-0.000102,0.005008
-0.000102,0.005001
-0.000102,0.005009
-0.000101,0.004989
-0.000101,0.004989
-0.000101,0.004962
-0.000101,0.004952
-1E-04,0.00502
-1E-04,0.00502
-9.9E-05,0.005041
-1E-04,0.005054
-1E-04,0.005037
-1E-04,0.005037
-1E-04,0.00506
-9.7E-05,0.005132
-9.9E-05,0.005131
-9.9E-05,0.005131
-9.7E-05,0.005097
-9.8E-05,0.005085
-9.7E-05,0.00509
-9.6E-05,0.00511
-9.7E-05,0.005171
-9.7E-05,0.005179
-9.7E-05,0.005179
-9.8E-05,0.005173
-9.8E-05,0.005163
-9.8E-05,0.005163
-9.8E-05,0.005191
-9.9E-05,0.005197
-9.9E-05,0.005197
-9.9E-05,0.005197
-1E-04,0.005224
-0.000101,0.005241
-0.000101,0.005241
-1E-04,0.005265
-1E-04,0.005277
-0.000101,0.005319
-0.000101,0.005322
-0.000101,0.005322
-0.000101,0.005391
-0.000101,0.005391
-0.000101,0.005391
-0.000102,0.00542
-0.000102,0.00542
-0.000103,0.005492
-0.000103,0.005525
-0.000103,0.005525
-0.000102,0.005575
-0.000102,0.005575
-0.000102,0.005598
-0.000102,0.005598
-0.000102,0.005585
-0.000101,0.005569
-0.000101,0.005569
-0.000101,0.005569
-0.000101,0.005548
-1E-04,0.005538
-0.000101,0.005509
-0.000101,0.005482
-0.000173,0.005474
-0.001738,0.005446
-0.003316,0.005438
-0.003316,0.005438
-0.007263,0.005372
-0.007263,0.005372
-0.009445,0.005352
-0.0121,0.005348
-0.015562,0.005337
-0.023387,0.00533
-0.027903,0.005325
-0.032787,0.005321
-0.032787,0.005321
-0.04365,0.005338
-0.04365,0.005338
-0.055839,0.00534
-0.055839,0.00534
-0.062403,0.00535
-0.069267,0.005367
-0.076433,0.005393
-0.091769,0.005462
-0.099876,0.005468
-0.099876,0.005468
-0.116944,0.005468
-0.125852,0.005474
-0.135017,0.005494
-0.144454,0.005512
-0.144454,0.005512
-0.154167,0.00551
-0.164074,0.005512
-0.18453,0.00551
-0.195094,0.005498
-0.205928,0.005494
-0.205928,0.005494
-0.216694,0.005479
-0.227208,0.005462
-0.247571,0.005428
-0.247571,0.005428
-0.257436,0.00541
-0.276476,0.005359
-0.285584,0.005336
-0.294448,0.005322
-0.294448,0.005322
-0.302914,0.005313
-0.326462,0.005301
-0.326462,0.005301
-0.333564,0.005302
-0.333564,0.005302
-0.340378,0.005311
-0.34688,0.005311
-0.35306,0.005336
-0.358914,0.00535
-0.369413,0.005385
-0.369413,0.005385
-0.374089,0.005422
-0.378454,0.005433
-0.382339,0.005451
-0.386022,0.005472
-0.389171,0.005499
-0.393542,0.005543
-0.395374,0.005562
-0.395374,0.005562
-0.398341,0.005584
-0.399812,0.005583
-0.399812,0.005583
-0.399812,0.005583
-0.399905,0.005542
-0.399905,0.005542
-0.399906,0.005518
-0.399906,0.005518
-0.399906,0.0055
-0.399907,0.005481
-0.399907,0.005449
-0.399906,0.005431
-0.399906,0.005413
-0.399904,0.005361
-0.399904,0.005361
-0.399905,0.005362
-0.399905,0.005362
-0.399906,0.005318
-0.399906,0.0053
-0.399906,0.0053
-0.399906,0.005296
-0.399905,0.005296
-0.399905,0.005296
-0.399905,0.005302
-0.399905,0.00532
-0.399906,0.005378
-0.399906,0.005378
-0.399906,0.005378
-0.399906,0.005423
-0.399906,0.005423
-0.399906,0.005441
-0.399906,0.005482
-0.399906,0.005482
-0.399904,0.005497
-0.399904,0.005497
-0.399903,0.005502
-0.399904,0.005511
-0.399904,0.00551
-0.399904,0.00551
-0.399904,0.00551
-0.399905,0.005523
-0.399905,0.005523
-0.399904,0.005491
-0.399904,0.005463
-0.399904,0.005463
-0.399903,0.005399
-0.399903,0.005399
-0.399904,0.005358
-0.399904,0.005343
-0.399905,0.005324
-0.399905,0.005312
-0.399905,0.005312
-0.399904,0.005303
-0.399904,0.005302
-0.399904,0.005302
-0.399906,0.005307
-0.399907,0.005317
-0.399909,0.005332
-0.399909,0.005332
-0.399908,0.005342
-0.399908,0.005358
-0.399908,0.005373
-0.399907,0.005393
-0.399907,0.005413
-0.399907,0.005432
-0.399907,0.00545
-0.399907,0.005486
-0.399907,0.005502
-0.399906,0.005522
-0.399906,0.005533
-0.399906,0.005533
-0.399906,0.005533
-0.399905,0.005549
-0.399906,0.005567
-0.399906,0.005567
-0.399906,0.005572
-0.399906,0.005563
-0.399907,0.005555
-0.399907,0.005555
-0.399907,0.005543
-0.399907,0.005497
-0.399906,0.005466
-0.399906,0.005466
-0.399906,0.005395
-0.399906,0.005395
-0.399906,0.005385
-0.399906,0.005401
-0.399907,0.005457
-0.399907,0.005641
-0.399907,0.005641
-0.399907,0.005741
-0.399905,0.006006
-0.399904,0.006179
-0.399904,0.006179
-0.399904,0.006374
-0.399906,0.006803
-0.399906,0.006803
-0.399906,0.007254
-0.399906,0.007254
-0.399906,0.007485
-0.399904,0.007929
-0.399904,0.008131
-0.399904,0.008131
-0.399905,0.008496
-0.399905,0.008496
-0.399906,0.008908
-0.399906,0.008987
-0.399906,0.008987
-0.399906,0.008987
-0.399906,0.009076
-0.399906,0.009076
-0.399906,0.009073
-0.399906,0.009041
-0.399906,0.008993
-0.399907,0.008943
-0.399908,0.008874
-0.39991,0.008721
-0.39991,0.008721
-0.399907,0.00855
-0.399907,0.00855
-0.399908,0.008524
-0.399908,0.008595
-0.399905,0.008708
-0.399905,0.008744
-0.399905,0.008744
-0.399905,0.008718
-0.399905,0.008718
-0.399905,0.008693
-0.399904,0.008626
-0.399906,0.008502
-0.399906,0.008279
-0.399904,0.008135
-0.399906,0.008051
-0.399906,0.008051
-0.399907,0.00806
-0.399907,0.00806
-0.399906,0.007872
-0.399906,0.007798
-0.399906,0.007798
-0.399906,0.007772
-0.399906,0.007771
-0.399906,0.007771
-0.399906,0.007771
-0.399906,0.00774
-0.399906,0.007757
-0.399906,0.007757
-0.399906,0.007757
-0.399906,0.007688
-0.399906,0.007692
-0.399906,0.007692
-0.399905,0.007733
-0.399905,0.007818
-0.399905,0.007815
-0.399905,0.007815
-0.399906,0.007754
-0.399905,0.00769
-0.399904,0.007637
-0.399903,0.007636
-0.399903,0.007636
-0.399903,0.007627
-0.399904,0.007618
-0.399905,0.007597
-0.399907,0.007502
-0.399907,0.007502
-0.399908,0.007431
-0.399908,0.007431
-0.399905,0.007407
-0.399906,0.007402
-0.399905,0.007433
-0.399906,0.00742
-0.399907,0.007383
-0.399907,0.007372
-0.399907,0.007372
-0.399906,0.00742
-0.399906,0.00742
-0.399906,0.007501
-0.399907,0.007559
-0.399906,0.007679
-0.399906,0.007679
-0.399906,0.007847
-0.399906,0.0083
-0.399906,0.0083
-0.399906,0.008519
-0.399905,0.008784
-0.399905,0.009121
-0.399905,0.009121
-0.399905,0.009121
-0.399905,0.009291
-0.399906,0.009436
-0.399906,0.009598
-0.399906,0.009598
-0.399906,0.009607
-0.399906,0.009588
-0.399906,0.009597
-0.399906,0.009597
-0.399907,0.009616
-0.399906,0.009466
-0.399906,0.009466
-0.399906,0.009292
-0.399906,0.009292
-0.399906,0.009112
-0.399906,0.009112
-0.399906,0.009538
-0.399906,0.009538
-0.399906,0.009538
-0.399907,0.009409
-0.399905,0.009293
-0.399905,0.009233
-0.399904,0.009232
-0.399906,0.009277
-0.399906,0.009277
-0.399905,0.009308
-0.399904,0.009349
-0.399904,0.009405
-0.399907,0.00954
-0.399905,0.009562
-0.399904,0.009414
-0.399906,0.009374
-0.399906,0.009374
-0.399905,0.009468
-0.399905,0.009468
-0.399905,0.00953
-0.399905,0.009617
-0.399905,0.009557
-0.399905,0.009557
-0.399904,0.009546
-0.399904,0.009546
-0.399904,0.00953
-0.399904,0.00953
-0.399905,0.009469
-0.399905,0.009469
-0.399904,0.009436
-0.399905,0.009326
-0.399905,0.009265
-0.399905,0.009265
-0.399905,0.00921
-0.399904,0.009196
-0.399904,0.009196
-0.399905,0.009198
-0.399905,0.009213
-0.399905,0.009213
-0.399905,0.009217
-0.399905,0.009217
-0.399905,0.009217
-0.399905,0.009205
-0.399905,0.009185
-0.399904,0.00919
-0.399904,0.00919
-0.399905,0.009222
-0.399905,0.009222
-0.399906,0.009224
-0.399906,0.009231
-0.399905,0.009234
-0.399906,0.009234
-0.399906,0.009249
-0.399906,0.009249
-0.399905,0.009267
-0.399906,0.009282
-0.399906,0.009301
-0.399905,0.009328
-0.399906,0.009353
-0.399906,0.00937
-0.399906,0.009327
-0.399906,0.009327
-0.399906,0.009295
-0.399906,0.009295
-0.399905,0.009327
-0.399906,0.009341
-0.399906,0.009292
-0.399906,0.009168
-0.399906,0.009168
-0.399906,0.009014
-0.399906,0.009014
-0.399906,0.00909
-0.399905,0.009236
-0.399905,0.009411
-0.399905,0.009411
-0.399906,0.009396
-0.399906,0.009161
-0.399906,0.009161
-0.399906,0.009098
-0.399905,0.00911
-0.399905,0.009239
-0.399905,0.009239
-0.399906,0.009314
-0.399907,0.009337
-0.399907,0.009304
-0.399907,0.009304
-0.399906,0.009236
-0.399906,0.009137
-0.399905,0.009196
-0.399907,0.009297
-0.399907,0.009297
-0.399906,0.009457
-0.399906,0.009457
-0.399908,0.009376
-0.399908,0.009376
-0.399906,0.009175
-0.399907,0.009041
-0.399907,0.009041
-0.399907,0.008868
-0.399906,0.008714
-0.399907,0.008228
-0.399907,0.008228
-0.399906,0.007852
-0.399907,0.006743
-0.399906,0.006107
-0.399907,0.005449
-0.399906,0.004731
-0.399906,0.003995
-0.399908,0.002304
-0.399908,0.002304
-0.399905,0.001354
-0.399908,0.000297
-0.399908,-0.000865
-0.399906,-0.003375
-0.399906,-0.003375
-0.399906,-0.003375
-0.399906,-0.005992
-0.399906,-0.007385
-0.399906,-0.007385
-0.399907,-0.008834
-0.399908,-0.011942
-0.399907,-0.013593
-0.399906,-0.017016
-0.399906,-0.017016
-0.399907,-0.018749
-0.399906,-0.020476
-0.399906,-0.020476
-0.399907,-0.024005
-0.399907,-0.025824
-0.399907,-0.025824
-0.399908,-0.029658
-0.399905,-0.031592
-0.399906,-0.03354
-0.399907,-0.035487
-0.399907,-0.037436
-0.399907,-0.039404
-0.399908,-0.041376
-0.399908,-0.041376
-0.399907,-0.043399
-0.399907,-0.047553
-0.399907,-0.049628
-0.399907,-0.049628
-0.399907,-0.053754
-0.399907,-0.055835
-0.399908,-0.057933
-0.399908,-0.057933
-0.399907,-0.062254
-0.399907,-0.062254
-0.399908,-0.06448
-0.399907,-0.066738
-0.399907,-0.069021
-0.399908,-0.071346
-0.399908,-0.073777
-0.399909,-0.079291
-0.399909,-0.085735
-0.399909,-0.089211
-0.399909,-0.089211
-0.399909,-0.089211
-0.399909,-0.096587
-0.399909,-0.096587
-0.399908,-0.108388
-0.399908,-0.108388
-0.399908,-0.108388
-0.399907,-0.116262
-0.399907,-0.116262
-0.399907,-0.120092
-0.399905,-0.127294
-0.399906,-0.130596
-0.399906,-0.130596
-0.399906,-0.133706
-0.399906,-0.136623
-0.399907,-0.139357
-0.399906,-0.144311
-0.399906,-0.144311
-0.399906,-0.146566
-0.399906,-0.146566
-0.399907,-0.148763
-0.399907,-0.150951
-0.399907,-0.153141
-0.399907,-0.157408
-0.399906,-0.159477
-0.399906,-0.161535
-0.399906,-0.161535
-0.399906,-0.163583
-0.399906,-0.16561
-0.399907,-0.169551
-0.399907,-0.169551
-0.399907,-0.171496
-0.399906,-0.175395
-0.399906,-0.175395
-0.399906,-0.179189
-0.399906,-0.179189
-0.399907,-0.182828
-0.399907,-0.186422
-0.399907,-0.186422
-0.399907,-0.186422
-0.399907,-0.1882
-0.399906,-0.191652
-0.399906,-0.191652
-0.399906,-0.193346
-0.399907,-0.19666
-0.399907,-0.19666
-0.399907,-0.198267
-0.399906,-0.2014
-0.399906,-0.2014
-0.399906,-0.202937
-0.399906,-0.204443
-0.399906,-0.205892
-0.399907,-0.208622
-0.399906,-0.209921
-0.399906,-0.209921
-0.399907,-0.211189
-0.399906,-0.212415
-0.399905,-0.213589
-0.399905,-0.214696
-0.399906,-0.216726
-0.399906,-0.217669
-0.399906,-0.217669
-0.399906,-0.218561
-0.399906,-0.219398
-0.399905,-0.220894
-0.399905,-0.220894
-0.399905,-0.222165
-0.399905,-0.222165
-0.399905,-0.223179
-0.399905,-0.223179
-0.399905,-0.223587
-0.399906,-0.22424
-0.399906,-0.224485
-0.399906,-0.224669
-0.399905,-0.224786
-0.399905,-0.224845
-0.399906,-0.224854
-0.399906,-0.224827
-0.399906,-0.224827
-0.399907,-0.224787
-0.399907,-0.224784
-0.399907,-0.224772
-0.399907,-0.224772
-0.399907,-0.224563
-0.399905,-0.22209
-0.399904,-0.219582
-0.399904,-0.219582
-0.399903,-0.21661
-0.399905,-0.213687
-0.399908,-0.208297
-0.39991,-0.205298
-0.39991,-0.205298
-0.399904,-0.1965
-0.399904,-0.1965
-0.399901,-0.191041
-0.399904,-0.18565
-0.399904,-0.180274
-0.399907,-0.168322
-0.399907,-0.168322
-0.399908,-0.161068
-0.399907,-0.153502
-0.399908,-0.146052
-0.399904,-0.13098
-0.399904,-0.13098
-0.399906,-0.122544
-0.399903,-0.103993
-0.399904,-0.085141
-0.399904,-0.085141
-0.399904,-0.085141
-0.399908,-0.075586
-0.399908,-0.075586
-0.399906,-0.040535
-0.399906,-0.040535
-0.399908,-0.033035
-0.399908,-0.033035
-0.399903,-0.016992
-0.399903,-0.008925
-0.399906,-0.00159
-0.399908,0.00501
-0.399908,0.00501
-0.39991,0.016801
-0.399909,0.022785
-0.399909,0.022785
-0.399909,0.033444
-0.399902,0.038
-0.399902,0.038
-0.399903,0.041855
-0.399907,0.048342
-0.399907,0.048342
-0.399909,0.050991
-0.39991,0.053447
-0.399909,0.058252
-0.399906,0.060231
-0.399904,0.061639
-0.399904,0.061639
-0.399906,0.062787
-0.399906,0.062787
-0.399908,0.062663
-0.399909,0.06257
-0.399909,0.06257
-0.399906,0.062489
-0.399906,0.062489
-0.399852,0.06247
-0.396866,0.062379
-0.396866,0.062379
-0.394993,0.062406
-0.394993,0.062406
-0.390795,0.062589
-0.390795,0.062589
-0.384817,0.062542
-0.384817,0.062542
-0.38109,0.062556
-0.367734,0.06268
-0.367734,0.06268
-0.362491,0.062677
-0.356939,0.06265
-0.351047,0.062634
-0.344814,0.062598
-0.344814,0.062598
-0.324309,0.062525
-0.324309,0.062525
-0.316834,0.062464
-0.300959,0.062546
-0.300959,0.062546
-0.300959,0.062546
-0.292597,0.062591
-0.283946,0.062643
-0.256514,0.062626
-0.256514,0.062626
-0.246824,0.062633
-0.246824,0.062633
-0.236937,0.062653
-0.22684,0.062678
-0.216527,0.062668
-0.216527,0.062668
-0.205988,0.062623
-0.184385,0.062555
-0.173846,0.062524
-0.173846,0.062524
-0.15344,0.062431
-0.143554,0.062414
-0.133867,0.062427
-0.133867,0.062427
-0.115326,0.06251
-0.106432,0.062527
-0.106432,0.062527
-0.097929,0.062522
-0.089723,0.062523
-0.081821,0.062549
-0.074276,0.062594
-0.060298,0.062649
-0.060298,0.062649
-0.047549,0.06264
-0.047549,0.06264
-0.036178,0.06262
-0.036178,0.06262
-0.031078,0.062589
-0.018034,0.062532
-0.018034,0.062532
-0.018034,0.062532
-0.008692,0.062584
-0.008692,0.062584
-0.006646,0.062568
-0.004794,0.062564
-0.003145,0.062579
-0.003145,0.062579
-0.000208,0.062644
-0.000208,0.062644
-0.000208,0.062644
-8.2E-05,0.062617
-8.2E-05,0.062599
-8.2E-05,0.062599
-8.1E-05,0.062552
-8.1E-05,0.062552
-8.1E-05,0.06252
-8.1E-05,0.062493
-8.1E-05,0.062479
-8.1E-05,0.062481
-8.1E-05,0.062481
-8.1E-05,0.062485
-8.1E-05,0.062485
-8.1E-05,0.062507
-8.1E-05,0.062536
-8.1E-05,0.062536
-8.2E-05,0.062571
-8.2E-05,0.062617
-8.2E-05,0.062617
-8.2E-05,0.062637
-8.2E-05,0.062637
-8.2E-05,0.062629
-8.1E-05,0.062699
-8.1E-05,0.062699
-8.1E-05,0.062699
-8.1E-05,0.062699
-7.9E-05,0.063003
-7.9E-05,0.063003
-7.8E-05,0.063624
-7.8E-05,0.064709
-7.8E-05,0.064709
-7.8E-05,0.064709
-7.9E-05,0.065332
-8E-05,0.066613
-8.2E-05,0.067262
-8.1E-05,0.06787
-8.1E-05,0.06787
-8.1E-05,0.068921
-7.9E-05,0.069339
-7.9E-05,0.069752
-7.8E-05,0.070228
-7.8E-05,0.070228
-7.8E-05,0.070868
-7.5E-05,0.072552
-7.5E-05,0.072552
-7.7E-05,0.074003
-7.7E-05,0.074003
-7.8E-05,0.075084
-7.8E-05,0.075084
-7.6E-05,0.077767
-7.6E-05,0.077767
-7.6E-05,0.078111
-7.6E-05,0.078111
-8E-05,0.080117
-8E-05,0.080117
-7.8E-05,0.082631
-8.3E-05,0.082941
-8.3E-05,0.082941
-8.1E-05,0.083586
-8.1E-05,0.083586
-7.7E-05,0.085731
-7.8E-05,0.086307
-7.8E-05,0.086307
-7.9E-05,0.086512
-8E-05,0.087034
-8E-05,0.087034
-8.1E-05,0.08793
-7.5E-05,0.088929
-7.5E-05,0.088929
-7.4E-05,0.088743
-7.3E-05,0.088776
-6.9E-05,0.089809
-6.9E-05,0.089809
-7.4E-05,0.090323
-7.4E-05,0.090323
-7.6E-05,0.090435
-7.9E-05,0.090693
-7.9E-05,0.091077
-7.9E-05,0.091443
-7.5E-05,0.091312
-7.5E-05,0.091312
-7.3E-05,0.091128
-7.2E-05,0.091295
-7E-05,0.091772
-7.1E-05,0.092489
-7.5E-05,0.092653
-7.5E-05,0.092653
-7.6E-05,0.093009
-8E-05,0.093589
-8E-05,0.09418
-8.2E-05,0.094619
-7.9E-05,0.094762
-7.6E-05,0.094836
-7.5E-05,0.095545
-7.5E-05,0.096057
-7.4E-05,0.096468
-7.4E-05,0.096468
-7.5E-05,0.096754
-8.1E-05,0.097667
-8.3E-05,0.09837
-8.3E-05,0.09837
-8.2E-05,0.098893
-8.3E-05,0.099291
-8.5E-05,0.099613
-8.5E-05,0.099613
-8.4E-05,0.100182
-8.3E-05,0.100669
-8.5E-05,0.100995
-8.5E-05,0.100995
-8.3E-05,0.101542
-8.3E-05,0.101968
-8.4E-05,0.1023
-8.4E-05,0.1023
-8.4E-05,0.102649
-8.4E-05,0.102884
-8.4E-05,0.102884
-8.6E-05,0.103207
-8.7E-05,0.103557
-8.7E-05,0.103557
-8.5E-05,0.103814
-8.4E-05,0.103919
-8.5E-05,0.104247
-8.5E-05,0.104247
-8.5E-05,0.104589
-9E-05,0.10534
-9E-05,0.10534
-8.9E-05,0.105544
-8.9E-05,0.105772
-8.9E-05,0.105954
-8.8E-05,0.106159
-8.8E-05,0.106159
-8.5E-05,0.106354
-8.5E-05,0.106673
-8.5E-05,0.106673
-8.7E-05,0.106838
-8.7E-05,0.107
-9E-05,0.107173
-9E-05,0.107173
-8.9E-05,0.107138
-9E-05,0.10701
-8.9E-05,0.10683
-8.9E-05,0.10683
-9E-05,0.106521
-9E-05,0.105885
-9E-05,0.105885
-8.8E-05,0.10519
-8.8E-05,0.10519
-8.6E-05,0.104253
-8.6E-05,0.103727
-8.7E-05,0.103214
-8.7E-05,0.103214
-8.5E-05,0.102643
-8.5E-05,0.102085
-8.5E-05,0.101458
-8.7E-05,0.100168
-8.7E-05,0.100168
-8.9E-05,0.099507
-9.2E-05,0.098067
-9.2E-05,0.09639
-9.2E-05,0.09639
-9.1E-05,0.095467
-9.1E-05,0.095467
-9.1E-05,0.094559
-9E-05,0.093619
-9E-05,0.092669
-9E-05,0.090641
-9E-05,0.090641
-9.3E-05,0.088539
-9.4E-05,0.087444
-9.6E-05,0.086323
-9.7E-05,0.085072
-9.7E-05,0.085072
-9.9E-05,0.08376
-9.9E-05,0.082408
-9.8E-05,0.081021
-9.5E-05,0.078212
-9.5E-05,0.078212
-9.4E-05,0.07675
-9.6E-05,0.07374
-9.6E-05,0.07374
-9.9E-05,0.070528
-1E-04,0.068861
-0.000101,0.067232
-0.000101,0.067232
-0.000102,0.065538
-0.000101,0.061964
-9.9E-05,0.060116
-9.7E-05,0.058161
-0.000102,0.056338
-0.00011,0.054569
-0.000111,0.052817
-0.000102,0.04899
-0.000109,0.047198
-0.000109,0.047198
-0.000113,0.045613
-0.000113,0.045613
-0.000105,0.044178
-0.000106,0.040939
-0.00011,0.03929
-0.000106,0.037839
-0.000103,0.03645
-0.000103,0.03645
-0.00011,0.033729
-0.000106,0.032284
-0.000103,0.030838
-0.000103,0.030838
-0.000108,0.028035
-0.000108,0.028035
-0.000103,0.025341
-0.000103,0.025341
-0.000111,0.021246
-0.000111,0.021246
-0.000105,0.020043
-0.000107,0.017717
-0.000107,0.017717
-0.000107,0.016532
-0.000107,0.016532
-0.000106,0.01425
-0.000106,0.01425
-0.000112,0.013191
-0.000111,0.01226
-0.000105,0.011434
-0.000104,0.010646
-1E-04,0.008548
-1E-04,0.008548
-1E-04,0.008548
-0.000101,0.007912
-0.000107,0.00665
-0.000105,0.006045
-0.000105,0.006045
-0.000105,0.004946
-0.000105,0.004421
-0.000105,0.004421
-0.000102,0.003452
-0.000102,0.003452
-0.000105,0.003003
-0.000108,0.002582
-0.000103,0.001944
-0.000107,0.001651
-0.000107,0.001407
-0.000102,0.001217
-0.000103,0.001072
-0.000103,0.001072
-0.000108,0.000922
-0.000103,0.000888
-0.000103,0.000888
-0.000103,0.000894
-0.000103,0.000894
-9.9E-05,0.000831
-9.9E-05,0.000831
-0.000103,0.000838
-0.000106,0.000799
-0.000102,0.000782
-1E-04,0.000778
-1E-04,0.000778
-0.000101,0.00077
-0.000104,0.000748
-0.000104,0.000748
-1E-04,0.000766
-0.000102,0.000691
-0.000102,0.000691
-0.000102,0.000691
-0.000105,0.00068
-0.000105,0.00068
-0.000105,0.00068
-0.000104,0.000691
-0.000103,0.000694
-0.000105,0.000681
-0.000105,0.000681
-0.000102,0.00069
-0.000103,0.000702
-0.000103,0.000702
-0.000106,0.000688
-0.000106,0.000656
-0.000106,0.000656
-0.000106,0.000629
-0.000106,0.000629
-0.000105,0.00061
-0.000105,0.00061
-0.000106,0.000559
-0.000106,0.000559
-0.000107,0.000521
-0.000103,0.00045
-0.000103,0.00045
-0.000107,0.000373
-0.000104,0.000301
-0.000106,0.000243
-0.000106,0.000243
-0.000106,0.000243
-0.000107,0.000211
-0.000107,0.000109
-0.000107,0.000109
-0.000107,0.000109
-0.000103,2.4E-05
-0.000103,2.4E-05
-0.000108,-3.5E-05
-0.000108,-3.5E-05
-0.000104,-4.8E-05
-0.000105,-5.9E-05
-0.000105,-5.9E-05
-0.000106,-8.8E-05
-0.000104,-0.000115
-0.000104,-0.000115
-0.000107,-0.000146
-0.000107,-0.00015
-0.000106,-0.000162
-0.000108,-0.000182
-0.00011,-0.000195
-0.00011,-0.000195
-0.000108,-0.000212
-0.000106,-0.00025
-0.000106,-0.00025
-0.000106,-0.000296
-0.000106,-0.000296
