7.2E-05,-0.00023
7.2E-05,-0.00023
7.8E-05,-0.000229
6.9E-05,-0.000229
7.9E-05,-0.000228
6.9E-05,-0.000227
7.2E-05,-0.000228
7.6E-05,-0.000228
7.6E-05,-0.000224
7.4E-05,-0.000231
7.5E-05,-0.00023
6.8E-05,-0.000224
-5E-05,-0.000212
-0.001072,-0.000183
-0.001072,-0.000183
-0.002332,-0.000185
-0.004213,-0.000196
-0.006775,-0.000212
-0.009999,-0.000222
-0.013838,-0.000228
-0.018262,-0.00024
-0.023219,-0.000261
-0.034672,-0.000312
-0.034672,-0.000312
-0.048004,-0.000346
-0.048004,-0.000346
-0.055278,-0.000362
-0.062882,-0.000379
-0.070617,-0.000398
-0.086514,-0.000416
-0.086514,-0.000416
-0.094625,-0.000415
-0.102824,-0.000415
-0.119595,-0.000401
-0.119595,-0.000401
-0.128131,-0.000386
-0.136818,-0.000372
-0.154811,-0.000314
-0.154811,-0.000314
-0.175079,-0.00024
-0.175079,-0.00024
-0.186566,-0.000218
-0.21269,-0.000249
-0.21269,-0.000249
-0.241913,-0.000275
-0.241913,-0.000275
-0.256874,-0.000265
-0.286238,-0.000218
-0.286238,-0.000218
-0.300728,-0.000186
-0.315571,-0.000164
-0.331103,-0.000132
-0.347401,-0.000123
-0.364457,-0.00012
-0.382105,-0.000125
-0.4183,-9.5E-05
-0.4183,-9.5E-05
-0.436382,-5.6E-05
-0.492905,4.6E-05
-0.492905,4.6E-05
-0.492905,4.6E-05
-0.513435,4.5E-05
-0.534773,1.8E-05
-0.556432,-3E-05
-0.577923,-3.3E-05
-0.598671,3.1E-05
-0.618683,0.000138
-0.638351,0.000235
-0.6581,0.000234
-0.699261,7.4E-05
-0.699261,7.4E-05
-0.720208,5.7E-05
-0.740503,0.000155
-0.777609,0.000398
-0.777609,0.000398
-0.794554,0.00039
-0.811075,0.000311
-0.827849,0.000235
-0.844996,0.000234
-0.862326,0.000302
-0.879386,0.000388
-0.879386,0.000388
-0.895467,0.000415
-0.910355,0.00042
-0.938007,0.000427
-0.938007,0.000427
-0.952072,0.000431
-0.966738,0.000414
-0.981859,0.000378
-0.996866,0.000365
-1.010809,0.000395
-1.023195,0.000458
-1.033833,0.000501
-1.043074,0.000506
-1.051553,0.00049
-1.068898,0.000522
-1.068898,0.000522
-1.077975,0.000543
-1.087068,0.000561
-1.095566,0.000569
-1.103386,0.000579
-1.110588,0.00058
-1.117487,0.000572
-1.124434,0.000539
-1.131654,0.000534
-1.139078,0.000543
-1.146502,0.000572
-1.153339,0.000603
-1.159534,0.000629
-1.165048,0.00063
-1.17008,0.000616
-1.174768,0.000599
-1.179534,0.00061
-1.184197,0.000636
-1.188315,0.000654
-1.191851,0.000659
-1.194605,0.000652
-1.197964,0.000623
-1.199591,0.000609
-1.199591,0.000609
-1.200303,0.000624
-1.200303,0.000624
-1.200281,0.000668
-1.200281,0.000668
-1.200118,0.000659
-1.199906,0.000628
-1.199661,0.000615
-1.199903,0.00064
-1.199903,0.00064
-1.20004,0.000666
-1.200242,0.000685
-1.2001,0.000704
-1.2001,0.000704
-1.199993,0.000701
-1.199939,0.000702
-1.199931,0.000702
-1.20001,0.000721
-1.200265,0.000718
-1.200265,0.000718
-1.200231,0.000709
-1.200117,0.000714
-1.199956,0.000758
-1.199956,0.000758
-1.199956,0.000765
-1.2,0.000778
-1.200058,0.000806
-1.200137,0.00084
-1.200122,0.000877
-1.200053,0.000894
-1.200006,0.000904
-1.199941,0.00092
-1.199921,0.000946
-1.199922,0.000971
-1.199958,0.000984
-1.199999,0.000995
-1.20003,0.001004
-1.200047,0.001023
-1.200018,0.001045
-1.199996,0.001073
-1.199967,0.001094
-1.199963,0.001122
-1.19998,0.001156
-1.20004,0.001212
-1.200129,0.001279
-1.200267,0.001333
-1.200269,0.001349
-1.200234,0.001349
-1.200077,0.001358
-1.200003,0.001378
-1.199943,0.001408
-1.199922,0.001437
-1.199921,0.001452
-1.199947,0.001476
-1.199975,0.001526
-1.200035,0.001672
-1.200035,0.001672
-1.200096,0.001756
-1.200198,0.001823
-1.200192,0.001798
-1.200192,0.001798
-1.199999,0.001753
-1.199889,0.001744
-1.199619,0.001787
-1.199596,0.001841
-1.199622,0.001901
-1.199801,0.001936
-1.199801,0.001936
-1.200116,0.002149
-1.200018,0.002153
-1.199723,0.00218
-1.199723,0.00218
-1.199723,0.00218
-1.199792,0.002246
-1.199792,0.002246
-1.199919,0.002252
-1.199969,0.002232
-1.199874,0.002219
-1.199786,0.002257
-1.199729,0.002323
-1.199782,0.00239
-1.19984,0.002412
-1.199959,0.002396
-1.199974,0.002392
-1.199916,0.002413
-1.199802,0.002485
-1.199802,0.002485
-1.199802,0.002487
-1.199888,0.002463
-1.199987,0.002428
-1.200007,0.002429
-1.199961,0.00244
-1.199937,0.002462
-1.199937,0.002462
-1.199868,0.00244
-1.199901,0.002417
-1.19997,0.002416
-1.199983,0.002437
-1.199999,0.002458
-1.199982,0.00249
-1.199877,0.002516
-1.199877,0.002516
-1.1999,0.002507
-1.199936,0.00247
-1.199988,0.002448
-1.200033,0.002465
-1.200053,0.002505
-1.200015,0.002531
-1.199958,0.00254
-1.199868,0.002538
-1.199856,0.002547
-1.199864,0.002577
-1.199959,0.002602
-1.199958,0.002603
-1.199958,0.002603
-1.199938,0.002615
-1.19981,0.002632
-1.19981,0.002632
-1.199838,0.002655
-1.199846,0.002672
-1.199868,0.002672
-1.199883,0.002669
-1.199884,0.002663
-1.19984,0.002664
-1.199812,0.002674
-1.199853,0.002662
-1.199942,0.002604
-1.199984,0.002511
-1.199984,0.002511
-1.199984,0.002511
-1.199984,0.002511
-1.199969,0.002541
-1.199942,0.002638
-1.199942,0.002638
-1.199923,0.0026
-1.199948,0.002559
-1.199939,0.002544
-1.199843,0.002711
-1.199589,0.00325
-1.1991,0.00422
-1.198261,0.005579
-1.195808,0.009065
-1.195808,0.009065
-1.194425,0.010806
-1.193093,0.012435
-1.191806,0.013952
-1.190566,0.015463
-1.189082,0.017182
-1.187186,0.019385
-1.182341,0.024827
-1.182341,0.024827
-1.179666,0.027635
-1.176824,0.030632
-1.174032,0.033784
-1.171298,0.036986
-1.168409,0.040466
-1.165279,0.044321
-1.161911,0.048325
-1.154252,0.056933
-1.154252,0.056933
-1.150539,0.061162
-1.146627,0.065913
-1.142771,0.07085
-1.139108,0.075569
-1.135438,0.080152
-1.131763,0.084579
-1.125169,0.092707
-1.125169,0.092707
-1.122144,0.096692
-1.119392,0.100438
-1.116768,0.103981
-1.113993,0.107545
-1.113993,0.107545
-1.108477,0.114554
-1.105772,0.11793
-1.103348,0.121038
-1.101085,0.124058
-1.098907,0.126945
-1.09717,0.129254
-1.095853,0.131108
-1.093241,0.134736
-1.093241,0.134736
-1.092131,0.13624
-1.091128,0.137717
-1.090086,0.13915
-1.088256,0.141554
-1.088256,0.141554
-1.087697,0.142374
-1.087316,0.142837
-1.087097,0.143106
-1.087102,0.143175
-1.087313,0.143052
-1.087257,0.143035
-1.087221,0.143081
-1.08721,0.143031
-1.087158,0.142973
-1.087086,0.142983
-1.087043,0.142958
-1.087072,0.142924
-1.08722,0.142922
-1.08724,0.14292
-1.087252,0.142975
-1.087187,0.142999
-1.087187,0.142999
-1.087169,0.142992
-1.087134,0.143061
-1.087204,0.143065
-1.087296,0.14304
-1.087303,0.143069
-1.087282,0.143082
-1.08727,0.143057
-1.087224,0.143012
-1.087147,0.142994
-1.087082,0.143002
-1.08711,0.14299
-1.087237,0.142947
-1.087234,0.142927
-1.087216,0.142944
-1.087131,0.142962
-1.087105,0.142963
-1.087123,0.142997
-1.087092,0.143041
-1.087178,0.143058
-1.087243,0.143055
-1.087242,0.143065
-1.087254,0.143094
-1.087185,0.143096
-1.087159,0.143069
-1.087159,0.143069
-1.087155,0.143068
-1.08723,0.143049
-1.087273,0.143014
-1.087233,0.142987
-1.087138,0.142983
-1.087073,0.142978
-1.087153,0.142954
-1.087187,0.142949
-1.087203,0.142959
-1.087211,0.142955
-1.087221,0.142973
-1.087213,0.143006
-1.087179,0.143037
-1.087179,0.143037
-1.087166,0.143046
-1.087236,0.143051
-1.08727,0.143063
-1.087251,0.143049
-1.087234,0.143035
-1.087169,0.143024
-1.08713,0.143024
-1.087155,0.143001
-1.087184,0.142975
-1.087216,0.142972
-1.087188,0.142987
-1.087171,0.142986
-1.087171,0.142986
-1.08714,0.142989
-1.08712,0.143002
-1.087182,0.143021
-1.087209,0.143035
-1.08725,0.14306
-1.087182,0.143077
-1.087157,0.143075
-1.087154,0.143068
-1.087211,0.143064
-1.087198,0.143054
-1.08723,0.143045
-1.0872,0.143015
-1.087214,0.142993
-1.087335,0.142892
-1.087999,0.142533
-1.089269,0.141733
-1.091279,0.140389
-1.094004,0.138477
-1.097353,0.136196
-1.101094,0.133723
-1.105059,0.131184
-1.105059,0.131184
-1.111731,0.126108
-1.114142,0.123628
-1.115792,0.121342
-1.116683,0.11937
-1.116823,0.117794
-1.116212,0.116562
-1.116212,0.116562
-1.115017,0.115562
-1.113351,0.114612
-1.108273,0.112885
-1.108273,0.112885
-1.10485,0.112417
-1.100876,0.112337
-1.096343,0.112488
-1.091367,0.112642
-1.086118,0.112604
-1.080678,0.112289
-1.075135,0.111805
-1.06972,0.111269
-1.064092,0.110738
-1.058064,0.110199
-1.051295,0.109531
-1.043641,0.108735
-1.035191,0.107833
-1.026206,0.106913
-1.016941,0.10606
-0.998063,0.104386
-0.998063,0.104386
-0.988647,0.1034
-0.978683,0.102243
-0.957262,0.099853
-0.957262,0.099853
-0.945551,0.098785
-0.933396,0.097723
-0.92093,0.096606
-0.896032,0.093975
-0.896032,0.093975
-0.883441,0.092539
-0.870312,0.091187
-0.856626,0.089835
-0.827574,0.087062
-0.812459,0.085509
-0.812459,0.085509
-0.79707,0.083913
-0.781753,0.082337
-0.766361,0.080722
-0.750666,0.079139
-0.734566,0.077438
-0.718018,0.075726
-0.700897,0.073947
-0.683333,0.072158
-0.665354,0.070365
-0.647262,0.068581
-0.610765,0.064937
-0.610765,0.064937
-0.573379,0.06112
-0.554145,0.059143
-0.534857,0.057259
-0.534857,0.057259
-0.515692,0.055416
-0.497111,0.053639
-0.478946,0.051913
-0.461316,0.050158
-0.444166,0.048327
-0.4274,0.046534
-0.410662,0.044793
-0.393855,0.043112
-0.360977,0.039984
-0.360977,0.039984
-0.345192,0.038466
-0.329999,0.036935
-0.315304,0.035391
-0.301017,0.033832
-0.287088,0.032328
-0.273288,0.030917
-0.259448,0.029518
-0.245833,0.028169
-0.220009,0.025559
-0.220009,0.025559
-0.20775,0.024296
-0.195996,0.023013
-0.184658,0.021781
-0.173426,0.020616
-0.162432,0.019514
-0.151665,0.018445
-0.141255,0.017466
-0.131291,0.01645
-0.121745,0.015528
-0.10402,0.013732
-0.10402,0.013732
-0.095862,0.012858
-0.072824,0.010627
-0.065539,0.009948
-0.058648,0.009319
-0.052514,0.008719
-0.047192,0.008216
-0.042499,0.007766
-0.038294,0.007389
-0.034375,0.006957
-0.030412,0.0065
-0.026287,0.006045
-0.021977,0.005552
-0.017601,0.00518
-0.013647,0.004839
-0.010136,0.004588
-0.00725,0.00431
-0.004972,0.003989
-0.003151,0.003662
-0.001824,0.00334
-0.000709,0.003199
0.000445,0.003245
0.000445,0.003245
0.000515,0.003275
0.00037,0.003294
1.9E-05,0.00317
-0.00031,0.003073
-0.0004,0.003022
-0.000333,0.003023
-5.1E-05,0.003097
0.000199,0.00321
0.000333,0.00325
0.000333,0.00325
-0.00011,0.003169
-0.00011,0.003169
-0.000376,0.003201
-0.000198,0.003292
-0.000198,0.003292
0.000105,0.003383
0.000264,0.003439
0.000296,0.003439
0.000131,0.003398
-4.2E-05,0.003382
-0.000207,0.003422
-0.000267,0.003497
-0.000103,0.003588
7.9E-05,0.003716
0.000271,0.003885
0.000256,0.0041
0.000153,0.004315
-4.2E-05,0.004523
-0.00023,0.004754
-0.000204,0.005269
-0.000204,0.005269
-5.2E-05,0.005511
1.5E-05,0.005789
6.2E-05,0.005994
5.6E-05,0.006119
-5.2E-05,0.006224
-0.000129,0.00626
-0.000233,0.00628
-1E-04,0.006341
-1E-04,0.006341
-6.7E-05,0.006398
0.000113,0.006456
0.000156,0.006445
0.000104,0.006449
0.000104,0.006449
-4.5E-05,0.006451
-0.000119,0.006442
-0.000285,0.006451
-0.000326,0.006488
-0.000235,0.006577
-7E-05,0.006611
-4.7E-05,0.006633
7.7E-05,0.006657
-6E-05,0.006636
-6E-05,0.006636
-0.000102,0.006628
-0.000231,0.006666
-0.000234,0.006709
-0.000139,0.006767
-7.4E-05,0.00676
-1.8E-05,0.006719
2.6E-05,0.006668
-2.2E-05,0.006612
-9.6E-05,0.006603
-0.000127,0.006607
-0.000202,0.006615
-0.000211,0.006618
-7.1E-05,0.006572
-7.1E-05,0.006572
-5.6E-05,0.006565
1.8E-05,0.006549
-2E-05,0.006541
-7.1E-05,0.00654
-6.8E-05,0.00654
-0.000113,0.00651
-0.000129,0.006508
-8.4E-05,0.006585
-8.4E-05,0.006585
-2.4E-05,0.006675
-2.4E-05,0.006675
1.9E-05,0.006652
-3.9E-05,0.006646
-9.1E-05,0.006665
-0.000125,0.006695
-0.000179,0.006732
-0.000181,0.006782
-0.000169,0.006819
-0.000146,0.006791
-0.00017,0.00681
-0.000141,0.006812
-0.000173,0.006806
-0.000205,0.006794
-0.00024,0.006778
-0.000245,0.006766
-0.000234,0.006766
-0.00018,0.006779
-0.000112,0.006747
-0.000124,0.006697
-0.000195,0.006642
-0.000195,0.006642
-0.00028,0.006648
-0.00028,0.006648
-0.00021,0.006571
-0.00021,0.006571
-0.000158,0.006548
-0.000145,0.006509
-0.000178,0.006476
-0.000178,0.006476
-0.000201,0.006491
-0.000206,0.006505
-0.000177,0.006501
-0.000177,0.006501
-0.000179,0.006462
-0.000183,0.006452
-0.000189,0.006486
-0.000219,0.006564
-0.000219,0.006564
-0.000216,0.006596
-0.000227,0.00658
-0.000267,0.006585
-0.000264,0.006582
-0.000228,0.006589
-0.00024,0.006605
-0.000246,0.006606
-0.00027,0.006599
-0.00028,0.006622
-0.00028,0.006622
-0.000247,0.006681
-0.000182,0.00669
-0.000174,0.006535
-0.000174,0.006535
-0.000197,0.006472
-0.000284,0.006447
-0.000377,0.006476
-0.000377,0.006476
-0.000308,0.006484
-0.000218,0.006487
-0.000147,0.006421
-0.000137,0.006354
-0.000134,0.006323
-0.000142,0.006326
-0.000182,0.006364
-0.000182,0.006364
-0.000241,0.006346
-0.000267,0.006322
-0.000261,0.006322
-0.000194,0.006316
-0.000164,0.006318
-0.000145,0.00633
-0.000142,0.006358
-0.000189,0.006351
-0.000299,0.006369
-0.000333,0.006393
-0.000324,0.006431
-0.000296,0.006468
-0.000222,0.006464
-0.000175,0.006461
-0.00015,0.006504
-0.000162,0.006523
-0.000214,0.006523
-0.000214,0.006523
-0.000196,0.006512
-0.000196,0.006512
-0.000158,0.006522
-6.6E-05,0.006517
0.000125,0.006529
0.000143,0.00648
0.000112,0.006409
0.000112,0.006409
4.1E-05,0.006418
2.9E-05,0.006421
2.9E-05,0.006421
2.2E-05,0.006372
5.2E-05,0.006341
9.6E-05,0.006319
8.8E-05,0.006322
6.4E-05,0.006335
-3.4E-05,0.006363
-0.000113,0.006369
-0.000139,0.006393
-0.000163,0.006503
-0.000163,0.006503
-0.000163,0.006503
-0.000176,0.006512
-0.000205,0.006541
-0.000254,0.006585
-0.000335,0.00664
-0.000347,0.006702
-0.000364,0.006761
-0.000364,0.006761
-0.000343,0.006909
-0.000343,0.006909
-0.000382,0.006928
-0.000411,0.006956
-0.000445,0.006992
-0.000454,0.007021
-0.000454,0.007021
-0.000452,0.007041
-0.000445,0.00705
-0.000429,0.007055
-0.000437,0.00706
-0.000284,0.007
-0.000257,0.006953
-0.000257,0.006953
-0.000255,0.00691
-0.000265,0.006859
-0.000215,0.006812
-0.000147,0.006766
-0.000134,0.00673
-0.000122,0.006684
-0.000112,0.006663
-0.000112,0.006663
-0.000138,0.006611
-0.000174,0.006575
-0.000194,0.006563
-0.000191,0.006569
-0.000152,0.006596
-0.000152,0.006596
-0.000146,0.006567
-0.000161,0.00657
-0.00017,0.006595
-0.000179,0.00663
-0.00021,0.006692
-0.000214,0.006721
-0.000185,0.006782
-0.000185,0.006782
-0.000148,0.006833
-0.000156,0.006849
-0.000154,0.006866
-0.000158,0.006895
-0.000163,0.006927
-0.000199,0.006983
-0.000209,0.00699
-0.000204,0.006985
-0.00024,0.006982
-0.000251,0.006978
-0.00019,0.006984
-0.000179,0.006941
-0.000185,0.006909
-0.000197,0.006883
-0.000238,0.006842
-0.000238,0.006842
-0.000214,0.006799
-0.000189,0.006762
-0.000168,0.006726
-0.000129,0.006707
-0.000119,0.006661
-0.000121,0.006628
-0.000126,0.006608
-0.000153,0.006618
-0.000161,0.006605
-0.000148,0.006608
-0.000165,0.00658
-0.000188,0.006579
-0.000195,0.006594
-0.000189,0.006621
-0.000183,0.006669
-0.000183,0.006669
-0.000175,0.006735
-0.000175,0.006735
-0.000173,0.006808
-0.000189,0.006829
-0.000189,0.006829
-0.000217,0.006858
-0.000224,0.00691
-0.000215,0.006926
-0.00019,0.006927
-0.000171,0.006937
-0.000202,0.006954
-0.000202,0.006954
-0.000202,0.006954
-0.000239,0.006922
-0.000249,0.006932
-0.000249,0.006932
-0.000227,0.006895
-0.000202,0.006849
-0.000183,0.006814
-0.00018,0.006791
-0.000163,0.006783
-0.000174,0.006739
-0.000185,0.0067
-0.000185,0.006674
-0.000194,0.006669
-0.000174,0.006641
-0.00015,0.006616
-0.000133,0.006606
-0.000117,0.006606
-0.000142,0.006587
-0.000174,0.006619
-0.000174,0.006619
-0.000183,0.006647
-0.000203,0.006688
-0.000196,0.0067
-0.000173,0.006727
-0.000173,0.006727
-0.000184,0.00674
-0.00019,0.006767
-0.000191,0.006805
-0.00019,0.006848
-0.00019,0.006889
-0.000212,0.006937
-0.000154,0.00695
-0.000154,0.00695
-0.000154,0.00695
-0.000178,0.006901
-0.000178,0.006901
-0.000194,0.006906
-0.000189,0.006909
-0.000204,0.006882
-0.000204,0.006882
-0.000204,0.006882
-0.000165,0.006851
-0.000171,0.00679
-0.000188,0.006718
-0.000188,0.006718
-0.000181,0.006702
-0.000167,0.006683
-0.000167,0.006683
-0.000178,0.006684
-0.000166,0.006657
-0.000139,0.006646
-0.000148,0.006617
-0.000162,0.006603
-0.000164,0.00661
-0.00016,0.006634
-0.000155,0.006663
-0.000155,0.006663
-0.00016,0.00674
-0.000172,0.006723
-0.0002,0.006726
-0.0002,0.006726
-0.000209,0.006757
-0.000209,0.006795
-0.000192,0.00688
-0.000192,0.00688
-0.000184,0.006913
-0.000179,0.006965
-0.000191,0.006889
-0.000191,0.006889
-0.0002,0.006876
-0.000206,0.00688
-0.000204,0.00689
-0.000197,0.006902
-0.000188,0.006908
-0.000181,0.006904
-0.000178,0.006916
-0.000182,0.006843
-0.000189,0.006779
-0.000194,0.006741
-0.000194,0.006741
-0.000197,0.006721
-0.000186,0.006707
-0.000186,0.006707
-0.000176,0.006702
-0.000167,0.006696
-0.000159,0.006707
-0.000157,0.006652
-0.000159,0.006613
-0.000161,0.006605
-0.000158,0.006741
-0.000158,0.006741
-0.000155,0.006819
-0.000156,0.006905
-0.00016,0.007021
-0.00016,0.007021
-0.000169,0.007081
-0.000182,0.007162
-0.000195,0.007275
-0.000204,0.007414
-0.000206,0.00757
-0.000201,0.007735
-0.00019,0.008074
-0.00019,0.008074
-0.000195,0.008366
-0.000195,0.008366
-0.000206,0.008472
-0.000216,0.008601
-0.000221,0.008745
-0.000218,0.008896
-0.0002,0.009181
-0.0002,0.009181
-0.000194,0.009302
-0.000192,0.009431
-0.000198,0.009469
-0.000207,0.009509
-0.000219,0.009626
-0.000219,0.009626
-0.000216,0.009687
-0.000209,0.00974
-0.0002,0.009783
-0.000192,0.009814
-0.000187,0.00985
-0.000187,0.009819
-0.000191,0.00979
-0.000196,0.009775
-0.000199,0.00977
-0.000199,0.009771
-0.000196,0.009777
-0.00019,0.009771
-0.000185,0.009731
-0.000184,0.009734
-0.000183,0.009676
-0.000188,0.009657
-0.000203,0.009688
-0.000218,0.009728
-0.000257,0.009798
-0.000257,0.009798
-0.000325,0.009829
-0.000328,0.009858
-0.000315,0.009914
-0.000284,0.009863
-0.000261,0.009622
-0.000261,0.009622
-0.000261,0.009622
-0.000279,0.009555
-0.000302,0.009475
-0.000258,0.009409
-0.00024,0.009351
-0.00023,0.009286
-0.000206,0.009122
-0.000206,0.009122
-0.000199,0.009059
-0.000206,0.009015
-0.000218,0.008981
-0.000241,0.008925
-0.000256,0.008908
-0.000249,0.008901
-0.000242,0.008895
-0.000235,0.008856
-0.000206,0.008902
-0.000206,0.008902
-0.000206,0.008902
-0.000223,0.008923
-0.000223,0.008923
-0.000239,0.008959
-0.000332,0.00903
-0.000332,0.00903
-0.000332,0.00903
-0.00031,0.009041
-0.000304,0.009078
-0.000304,0.009078
-0.000277,0.009094
-0.000292,0.00911
-0.000315,0.009084
-0.000345,0.00903
-0.000364,0.009001
-0.000328,0.008978
-0.000323,0.008952
-0.000277,0.008925
-0.000273,0.008895
-0.000268,0.008874
-0.000268,0.008874
-0.000264,0.008729
-0.000254,0.00869
-0.000231,0.008619
-0.000231,0.008619
-0.000234,0.008548
-0.000234,0.008548
-0.000218,0.008531
-0.000228,0.008488
-0.000215,0.008485
-0.000215,0.008485
-0.00023,0.008539
-0.00023,0.008539
-0.000225,0.008569
-0.000245,0.008587
-0.000258,0.008615
-0.00025,0.008657
-0.000249,0.008719
-0.000265,0.008753
-0.000258,0.008805
-0.000131,0.008877
0.000283,0.008952
0.001219,0.0091
0.00274,0.009301
0.004954,0.009512
0.007876,0.009701
0.011491,0.009832
0.015651,0.00998
0.020213,0.01012
0.025119,0.010288
0.029959,0.010419
0.029959,0.010419
0.040021,0.010559
0.045048,0.010608
0.050345,0.01063
0.055858,0.01064
0.068137,0.010562
0.068137,0.010562
0.075397,0.010539
0.08353,0.010542
0.092539,0.010579
0.112265,0.01046
0.112265,0.01046
0.1225,0.010262
0.132733,0.010143
0.143056,0.010118
0.153448,0.010299
0.164186,0.010496
0.175379,0.010644
0.199744,0.010591
0.199744,0.010591
0.21289,0.0105
0.21289,0.0105
0.226518,0.01046
0.240187,0.010502
0.267715,0.010607
0.281564,0.010666
0.310714,0.010871
0.310714,0.010871
0.310714,0.010871
0.326113,0.010882
0.358486,0.010761
0.358486,0.010761
0.375305,0.010672
0.392449,0.010626
0.427035,0.010691
0.444748,0.010726
0.444748,0.010726
0.462801,0.010733
0.481272,0.010686
0.500132,0.010656
0.519347,0.010635
0.538949,0.01061
0.558774,0.010544
0.578811,0.010499
0.598948,0.010519
0.618999,0.010497
0.639038,0.010425
0.658879,0.010373
0.678246,0.010318
0.697277,0.010251
0.73394,0.010294
0.73394,0.010294
0.751675,0.010332
0.769048,0.010379
0.803113,0.010411
0.852131,0.010413
0.867703,0.010431
0.882865,0.010455
0.911935,0.010536
0.925935,0.01055
0.925935,0.01055
0.953218,0.010536
0.953218,0.010536
0.979294,0.010486
0.979294,0.010486
1.003971,0.010464
1.003971,0.010464
1.015667,0.010463
1.037936,0.010484
1.048595,0.010501
1.059027,0.010514
1.078776,0.010497
1.096962,0.010418
1.096962,0.010418
1.096962,0.010418
1.10566,0.010444
1.114058,0.010511
1.122186,0.010547
1.129802,0.010494
1.136691,0.010355
1.142856,0.010223
1.148327,0.010184
1.153185,0.010263
1.153185,0.010263
1.157633,0.010403
1.161891,0.010525
1.166258,0.010586
1.170836,0.010581
1.180391,0.010441
1.184815,0.01037
1.184815,0.01037
1.188696,0.01031
1.196198,0.010492
1.196198,0.010492
1.196198,0.010492
1.19757,0.010577
1.198645,0.010601
1.200094,0.010506
1.20032,0.010424
1.20032,0.010424
1.20032,0.010424
1.20032,0.010424
1.199986,0.010492
1.199627,0.010569
1.199449,0.010629
1.199426,0.010636
1.199614,0.010564
1.200053,0.01048
1.200475,0.010116
1.200475,0.010116
1.200475,0.010116
1.200339,0.009974
1.200132,0.009796
1.19993,0.009558
1.199955,0.00925
1.200569,0.008368
1.200888,0.007813
1.201206,0.007222
1.201442,0.006027
1.201395,0.005387
1.201395,0.005387
1.201395,0.005387
1.201454,0.004667
1.201731,0.003018
1.201731,0.003018
1.202179,0.002118
1.202548,0.001131
1.202986,0.000105
1.203331,-0.00098
1.203575,-0.002076
1.20389,-0.004343
1.204022,-0.005554
1.204022,-0.005554
1.204339,-0.00683
1.20473,-0.008151
1.205276,-0.009522
1.205699,-0.010929
1.206121,-0.01234
1.206496,-0.013757
1.206777,-0.015181
1.207059,-0.016615
1.207299,-0.018084
1.207572,-0.01957
1.207997,-0.021073
1.209001,-0.024198
1.209866,-0.027382
1.210246,-0.028956
1.210246,-0.028956
1.210246,-0.028956
1.210574,-0.030544
1.210901,-0.032157
1.211209,-0.033812
1.211563,-0.035474
1.212047,-0.037151
1.212998,-0.040573
1.212998,-0.040573
1.213462,-0.04233
1.213904,-0.044099
1.21431,-0.04588
1.214704,-0.047676
1.215102,-0.04952
1.215544,-0.051462
1.216035,-0.053526
1.216593,-0.055724
1.217197,-0.058049
1.217824,-0.06049
1.218484,-0.063038
1.219092,-0.065704
1.219691,-0.068453
1.220278,-0.07129
1.220885,-0.074167
1.22148,-0.077093
1.222147,-0.08003
1.223676,-0.085925
1.223676,-0.085925
1.224368,-0.088845
1.225074,-0.091711
1.22627,-0.097189
1.22627,-0.097189
1.226856,-0.099834
1.227443,-0.102448
1.228816,-0.107635
1.228816,-0.107635
1.229502,-0.11025
1.230181,-0.112886
1.230841,-0.115568
1.231479,-0.118312
1.232747,-0.12398
1.232747,-0.12398
1.233371,-0.126885
1.234702,-0.13274
1.234702,-0.13274
1.235451,-0.135678
1.236159,-0.138607
1.236864,-0.141498
1.237501,-0.144314
1.238123,-0.147024
1.238694,-0.149627
1.23922,-0.152125
1.239775,-0.154518
1.240331,-0.156799
1.24088,-0.158972
1.241437,-0.161021
1.241896,-0.162952
1.242343,-0.164782
1.242729,-0.16657
1.243138,-0.168332
1.243551,-0.170083
1.244417,-0.173513
1.244417,-0.173513
1.244824,-0.175194
1.2452,-0.176828
1.245587,-0.178433
1.245935,-0.180032
1.246286,-0.181631
1.246657,-0.183223
1.247069,-0.184792
1.247458,-0.186331
1.247833,-0.187853
1.248174,-0.189374
1.248862,-0.192344
1.248862,-0.192344
1.249212,-0.193799
1.249864,-0.196654
1.249864,-0.196654
1.250213,-0.19805
1.250559,-0.199427
1.250879,-0.200788
1.251521,-0.203424
1.251521,-0.203424
1.251806,-0.204705
1.252373,-0.207176
1.252373,-0.207176
1.252639,-0.208378
1.252908,-0.209543
1.253172,-0.210669
1.253172,-0.210669
1.253684,-0.21283
1.253684,-0.21283
1.253923,-0.213849
1.254156,-0.21482
1.254376,-0.215749
1.254554,-0.216653
1.254741,-0.217506
1.254954,-0.218304
1.255155,-0.219054
1.255305,-0.219766
1.255478,-0.220435
1.255587,-0.221068
1.25573,-0.221638
1.255969,-0.222613
1.256195,-0.223427
1.256195,-0.223427
1.256195,-0.223427
1.256262,-0.223773
1.256308,-0.224052
1.25637,-0.22427
1.25642,-0.22444
1.256449,-0.224569
1.256461,-0.224678
1.25648,-0.224735
1.256528,-0.224709
1.256552,-0.224694
1.256552,-0.224694
1.256552,-0.224694
1.256548,-0.224679
1.256451,-0.224469
1.256156,-0.22371
1.255756,-0.222058
1.255103,-0.219459
1.252964,-0.212705
1.252964,-0.212705
1.250372,-0.20636
1.250372,-0.20636
1.249226,-0.20337
1.248082,-0.200104
1.246866,-0.196098
1.243476,-0.185127
1.243476,-0.185127
1.241376,-0.178976
1.238931,-0.172852
1.236201,-0.166736
1.233522,-0.160376
1.231013,-0.153364
1.228598,-0.145556
1.226046,-0.137411
1.223353,-0.129194
1.220272,-0.120912
1.216954,-0.112404
1.213344,-0.103341
1.209733,-0.093591
1.206137,-0.08338
1.202642,-0.073056
1.199035,-0.062547
1.195282,-0.052012
1.191663,-0.0415
1.187988,-0.030957
1.18076,-0.011223
1.18076,-0.011223
1.174315,0.00637
1.174315,0.00637
1.171612,0.014754
1.16889,0.023084
1.166188,0.031241
1.160935,0.045965
1.160935,0.045965
1.158211,0.052594
1.155693,0.058986
1.153431,0.065478
1.149607,0.077993
1.149607,0.077993
1.147829,0.08356
1.145915,0.088609
1.1442,0.092919
1.142815,0.096647
1.14166,0.100031
1.139887,0.105655
1.139887,0.105655
1.1392,0.108198
1.138521,0.110618
1.137793,0.112897
1.136936,0.114843
1.136329,0.116175
1.136,0.116745
1.135831,0.116807
1.135924,0.116492
1.136426,0.116081
1.136598,0.116334
1.136598,0.116334
1.136598,0.116334
1.136419,0.116385
1.136146,0.116321
1.135967,0.116143
1.135983,0.116183
1.135983,0.116183
1.136215,0.116337
1.136484,0.116507
1.136617,0.116513
1.136646,0.11637
1.136502,0.116294
1.136231,0.11636
1.136076,0.116608
1.136076,0.116608
1.136121,0.116638
1.136251,0.116463
1.136417,0.11627
1.13648,0.116137
1.136401,0.116122
1.136074,0.116397
1.136074,0.116397
1.136031,0.116415
1.135995,0.116357
1.136048,0.116265
1.1362,0.116214
1.136327,0.116303
1.136425,0.116454
1.136421,0.116548
1.136296,0.116561
1.136128,0.116516
1.136129,0.116454
1.13611,0.116447
1.136173,0.116484
1.136329,0.116471
1.136407,0.116339
1.136407,0.116339
1.136201,0.1162
1.136201,0.1162
1.136152,0.116236
1.136114,0.11628
1.136151,0.116311
1.136224,0.116297
1.136351,0.116248
1.136381,0.11623
1.136395,0.116277
1.136356,0.116348
1.136274,0.116447
1.136205,0.116506
1.1362,0.116487
1.136231,0.116443
1.136352,0.116364
1.136352,0.116364
1.136357,0.116353
1.136279,0.116354
1.136182,0.116337
1.136182,0.116337
1.136128,0.116322
1.136162,0.116292
1.136162,0.116292
1.136219,0.116325
1.136243,0.116349
1.136243,0.116349
1.136237,0.116372
1.136223,0.116403
1.13623,0.116409
1.136188,0.116455
1.136188,0.116455
1.136206,0.116467
1.136259,0.116478
1.136301,0.116461
1.136291,0.116421
1.1363,0.116368
1.136258,0.116341
1.136226,0.116318
1.136215,0.116309
1.136275,0.116268
1.136275,0.116268
1.136282,0.116241
1.136261,0.11623
1.136094,0.116189
1.135661,0.116141
1.134687,0.116113
1.131013,0.116197
1.131013,0.116197
1.128198,0.1163
1.124752,0.116384
1.124752,0.116384
1.116142,0.116347
1.11109,0.116241
1.105845,0.116114
1.100312,0.11597
1.094675,0.115712
1.088849,0.115344
1.082858,0.114867
1.076741,0.114315
1.070461,0.113732
1.064059,0.113118
1.057478,0.112452
1.050674,0.111699
1.043244,0.110776
1.034769,0.109751
1.025342,0.108691
1.015038,0.107765
1.004059,0.106902
0.99275,0.105981
0.981124,0.104874
0.969788,0.103537
0.958286,0.102085
0.946562,0.100617
0.934674,0.099286
0.90891,0.096733
0.89517,0.095299
0.89517,0.095299
0.880897,0.093699
0.866116,0.09208
0.851295,0.090532
0.836355,0.089126
0.821308,0.087662
0.790468,0.084242
0.790468,0.084242
0.774221,0.082325
0.757359,0.080554
0.739952,0.078909
0.686014,0.073454
0.686014,0.073454
0.686014,0.073454
0.667772,0.071356
0.649475,0.069269
0.630566,0.067255
0.611002,0.065187
0.570782,0.061228
0.570782,0.061228
0.550527,0.05913
0.530469,0.056833
0.510809,0.054695
0.49184,0.052805
0.455444,0.049048
0.437739,0.047008
0.437739,0.047008
0.42003,0.045052
0.402511,0.043222
0.36851,0.039745
0.352275,0.038043
0.352275,0.038043
0.336593,0.036336
0.321374,0.034617
0.306534,0.032953
0.277185,0.029912
0.262648,0.02844
0.262648,0.02844
0.248623,0.026923
0.234958,0.025445
0.221744,0.024006
0.208841,0.022664
0.196298,0.021375
0.183913,0.020108
0.171769,0.018857
0.160178,0.01764
0.149015,0.016457
0.138244,0.015255
0.127759,0.014175
0.117607,0.013162
0.107609,0.012189
0.098001,0.011193
0.089378,0.010283
0.081694,0.009492
0.075025,0.008729
0.069141,0.008077
0.063688,0.007463
0.058171,0.006836
0.052454,0.006188
0.046469,0.005574
0.040369,0.004993
0.034829,0.004437
0.029722,0.003929
0.025262,0.003438
0.021228,0.00295
0.017492,0.00249
0.013706,0.00208
0.010065,0.001733
0.006656,0.001429
0.00082,0.00083
0.00082,0.00083
0.000251,0.000726
0.000251,0.000726
0.000172,0.000669
0.000167,0.000665
0.000115,0.00065
-6E-05,0.000677
-0.000246,0.000673
-0.000217,0.000682
-6E-05,0.000703
6.2E-05,0.000723
0.000155,0.000725
7.2E-05,0.000724
-8.1E-05,0.00076
-0.00014,0.00076
-0.000147,0.000779
-7.2E-05,0.000776
-6.4E-05,0.000783
-0.00026,0.000791
-0.000845,0.000786
-0.001863,0.000791
-0.003365,0.000814
-0.005425,0.000815
-0.011171,0.000805
-0.011171,0.000805
-0.014893,0.000825
-0.019219,0.000845
-0.024182,0.000843
-0.029785,0.000856
-0.036013,0.000884
-0.042866,0.000881
-0.042866,0.000881
-0.05026,0.000919
-0.058177,0.000938
-0.075409,0.001005
-0.075409,0.001005
-0.084675,0.001025
-0.094345,0.001067
-0.104385,0.001099
-0.114747,0.001143
-0.125408,0.001187
-0.136285,0.001227
-0.1473,0.001276
-0.15847,0.001288
-0.16975,0.001324
-0.181226,0.001367
-0.192791,0.001389
-0.204479,0.001408
-0.216234,0.001423
-0.228038,0.001454
-0.251916,0.001471
-0.251916,0.001471
-0.264086,0.001494
-0.276517,0.00149
-0.289195,0.001492
-0.302177,0.001499
-0.315586,0.001497
-0.329692,0.00151
-0.344841,0.001493
-0.361233,0.001476
-0.379051,0.001465
-0.3982,0.001423
-0.418452,0.001409
-0.46064,0.001396
-0.46064,0.001396
-0.481639,0.001393
-0.522781,0.001376
-0.542741,0.00137
-0.542741,0.00137
-0.562252,0.001367
-0.581323,0.001378
-0.600008,0.001419
-0.618516,0.001444
-0.637019,0.001441
-0.656249,0.001439
-0.67612,0.001444
-0.696857,0.00142
-0.761631,0.001447
-0.761631,0.001447
-0.761631,0.001447
-0.782624,0.00145
-0.802676,0.001458
-0.839524,0.001445
-0.839524,0.001445
-0.871905,0.001473
-0.871905,0.001473
-0.88642,0.001488
-0.899883,0.001523
-0.912639,0.001544
-0.949046,0.001517
-0.949046,0.001517
-0.961115,0.001507
-0.961115,0.001507
-0.973251,0.001507
-0.984828,0.001515
-1.006999,0.001486
-1.006999,0.001486
-1.017605,0.001453
-1.028156,0.001407
-1.038807,0.001418
-1.059965,0.001454
-1.059965,0.001454
-1.070068,0.001439
-1.098331,0.001474
-1.098331,0.001474
-1.098331,0.001474
-1.107216,0.001492
-1.116011,0.001506
-1.124651,0.001519
-1.132828,0.001527
-1.154614,0.001526
-1.154614,0.001526
-1.154614,0.001526
-1.16094,0.001513
-1.16685,0.001491
-1.172401,0.001493
-1.177523,0.001484
-1.182176,0.001486
-1.186292,0.001484
-1.189829,0.001483
-1.192778,0.001493
-1.195161,0.0015
-1.197088,0.001507
-1.198553,0.001518
-1.199604,0.001533
-1.200216,0.001536
-1.200422,0.001542
-1.200328,0.001546
-1.199814,0.001525
-1.199797,0.001512
-1.199797,0.001512
-1.199872,0.00149
-1.200118,0.001481
-1.200341,0.001503
-1.200293,0.001533
-1.200293,0.001533
-1.199951,0.0015
-1.199951,0.0015
-1.20011,0.001536
-1.20011,0.001536
-1.200318,0.001584
-1.200301,0.001588
-1.200301,0.001588
-1.200163,0.001596
-1.200004,0.001607
-1.199987,0.001636
-1.200055,0.001656
-1.200196,0.001666
-1.200251,0.001669
-1.200238,0.001686
-1.200098,0.001694
-1.199993,0.001707
-1.199966,0.001718
-1.200021,0.001721
-1.200092,0.001728
-1.20015,0.001792
-1.20015,0.001792
-1.200093,0.001812
-1.200016,0.001832
-1.200048,0.001858
-1.200078,0.001892
-1.200329,0.002063
-1.200329,0.002063
-1.200356,0.002107
-1.20035,0.002063
-1.200294,0.002003
-1.199956,0.001969
-1.199956,0.001969
-1.199856,0.002001
-1.199883,0.00202
-1.199961,0.002021
-1.200049,0.002058
-1.200151,0.002169
-1.200162,0.002322
-1.200162,0.002322
-1.200199,0.0024
-1.200112,0.002323
-1.200064,0.002275
-1.199953,0.002293
-1.199905,0.00233
-1.19984,0.002324
-1.199834,0.002297
-1.199834,0.002297
-1.199822,0.002292
-1.199845,0.002355
-1.199962,0.002488
-1.200129,0.002592
-1.200129,0.002592
-1.200117,0.002529
-1.200025,0.002511
-1.199996,0.002579
-1.199926,0.002672
-1.199953,0.002704
-1.200014,0.002659
-1.200105,0.002593
-1.200105,0.002593
-1.200069,0.002649
-1.199981,0.002694
-1.199966,0.002688
-1.199932,0.002655
-1.199944,0.002623
-1.200021,0.002647
-1.200031,0.002683
-1.200095,0.002711
-1.200043,0.002706
-1.199972,0.00269
-1.199954,0.002711
-1.199954,0.002711
-1.199981,0.002739
-1.2,0.002751
-1.200011,0.002732
-1.200066,0.002724
-1.199999,0.002712
-1.199986,0.002736
-1.200012,0.002783
-1.200006,0.002814
-1.200104,0.002801
-1.200115,0.002762
-1.200044,0.002748
-1.200044,0.002748
-1.199999,0.002826
-1.199899,0.002909
-1.199899,0.002909
-1.199292,0.003274
-1.198028,0.004106
-1.196137,0.005402
-1.193589,0.006985
-1.19059,0.008605
-1.184153,0.011351
-1.181086,0.01267
-1.181086,0.01267
-1.177944,0.014148
-1.17429,0.016049
-1.169651,0.018384
-1.164439,0.020853
-1.158717,0.023391
-1.152426,0.026187
-1.145877,0.029192
-1.139502,0.032316
-1.13307,0.035825
-1.126588,0.03969
-1.119551,0.043715
-1.111981,0.047956
-1.104047,0.052402
-1.095847,0.056954
-1.08795,0.061609
-1.080697,0.066114
-1.074244,0.070287
-1.068502,0.074251
-1.063255,0.078078
-1.058282,0.081924
-1.052835,0.085951
-1.047224,0.090013
-1.041741,0.093829
-1.03654,0.097235
-1.031922,0.100357
-1.027908,0.103385
-1.024296,0.106487
-1.017277,0.11329
-1.017277,0.11329
-1.013945,0.116285
-1.010827,0.118453
-1.007818,0.120199
-1.005229,0.121813
-1.00324,0.123473
-1.001737,0.12532
-1.000632,0.127118
-0.99986,0.128406
-0.998897,0.129166
-0.997968,0.129487
-0.997193,0.129559
-0.996904,0.129617
-0.996789,0.129829
-0.997014,0.129824
-0.997468,0.12959
-0.998005,0.129427
-0.998185,0.12946
-0.99808,0.129525
-0.997776,0.129641
-0.997245,0.129618
-0.997015,0.129502
-0.996945,0.129471
-0.997135,0.129491
-0.997497,0.129576
-0.997929,0.129695
-0.998011,0.129731
-0.997953,0.129619
-0.99772,0.129585
-0.997248,0.129655
-0.997131,0.12973
-0.997102,0.12975
-0.997263,0.129696
-0.997556,0.129615
-0.997867,0.129581
-0.997866,0.129575
-0.997753,0.129574
-0.997512,0.129648
-0.997217,0.129625
-0.997162,0.129558
-0.997202,0.129526
-0.997359,0.129587
-0.997595,0.129631
-0.997819,0.129659
-0.997835,0.129656
-0.99739,0.129648
-0.99739,0.129648
-0.997289,0.129648
-0.997299,0.129671
-0.997359,0.129671
-0.99756,0.129656
-0.997743,0.129591
-0.997767,0.12955
-0.997716,0.129567
-0.997441,0.129584
-0.99731,0.129577
-0.99732,0.129556
-0.997363,0.129536
-0.997488,0.129543
-0.997673,0.129565
-0.997765,0.129588
-0.997639,0.129625
-0.997499,0.129647
-0.997389,0.129643
-0.997352,0.129648
-0.997403,0.129676
-0.997495,0.129698
-0.997637,0.129678
-0.997674,0.129657
-0.99761,0.129646
-0.99742,0.129622
-0.99742,0.129622
-0.997374,0.129613
-0.997426,0.129611
-0.997477,0.129602
-0.99754,0.129581
-0.997596,0.129581
-0.997596,0.129581
-0.997594,0.129609
-0.997494,0.129618
-0.997433,0.129629
-0.997433,0.129629
-0.997459,0.129649
-0.997529,0.129641
-0.997616,0.129648
-0.997607,0.129638
-0.997595,0.129629
-0.997534,0.129631
-0.997464,0.129613
-0.997456,0.129581
-0.997493,0.129582
-0.997536,0.129584
-0.9976,0.12957
-0.997576,0.129554
-0.997619,0.129532
-0.997907,0.129402
-0.9986,0.129113
-0.999765,0.128586
-1.003789,0.126821
-1.003789,0.126821
-1.006688,0.125647
-1.01005,0.124277
-1.013717,0.122718
-1.017643,0.120975
-1.021767,0.119069
-1.025871,0.11707
-1.029955,0.115029
-1.034005,0.112989
-1.038008,0.110948
-1.041823,0.108923
-1.045093,0.106964
-1.047961,0.105114
-1.050297,0.103452
-1.052044,0.101932
-1.05316,0.100555
-1.053686,0.099335
-1.053647,0.098235
-1.053149,0.097284
-1.050992,0.095668
-1.050992,0.095668
-1.049306,0.094956
-1.047123,0.094357
-1.044369,0.093961
-1.040981,0.093771
-1.036939,0.093726
-1.03232,0.093706
-1.027266,0.09363
-1.021906,0.093492
-1.005931,0.092723
-1.005931,0.092723
-1.005931,0.092723
-1.000667,0.092228
-0.994903,0.091644
-0.988494,0.090992
-0.97288,0.089721
-0.97288,0.089721
-0.963958,0.089001
-0.954671,0.088211
-0.945219,0.087397
-0.935892,0.086577
-0.926501,0.085757
-0.917018,0.084853
-0.906992,0.083864
-0.896497,0.08282
-0.885293,0.081782
-0.873379,0.080762
-0.861014,0.079745
-0.848444,0.078669
-0.835887,0.077509
-0.823268,0.076305
-0.810593,0.075055
-0.797323,0.073856
-0.769057,0.071298
-0.769057,0.071298
-0.753853,0.069936
-0.738274,0.06854
-0.722319,0.067117
-0.690558,0.064311
-0.690558,0.064311
-0.674643,0.062834
-0.65829,0.061314
-0.641566,0.059764
-0.624319,0.058185
-0.606555,0.056651
-0.569923,0.053536
-0.569923,0.053536
-0.532687,0.050249
-0.514289,0.048577
-0.514289,0.048577
-0.495932,0.046933
-0.477756,0.045386
-0.459943,0.043853
-0.442423,0.042312
-0.408585,0.039229
-0.408585,0.039229
-0.392213,0.037744
-0.376166,0.036318
-0.360453,0.03492
-0.345041,0.033532
-0.329841,0.03217
-0.315017,0.030801
-0.300477,0.029472
-0.286231,0.028191
-0.272405,0.026928
-0.258959,0.025665
-0.24586,0.024439
-0.233082,0.023242
-0.220626,0.022092
-0.20854,0.020985
-0.196774,0.019917
-0.174113,0.017859
-0.174113,0.017859
-0.163364,0.016886
-0.153035,0.015957
-0.143051,0.015068
-0.133356,0.014216
-0.124011,0.013382
-0.115059,0.012597
-0.106592,0.01187
-0.090702,0.01054
-0.090702,0.01054
-0.083257,0.009906
-0.07611,0.009276
-0.069355,0.008667
-0.06291,0.008109
-0.057055,0.007612
-0.051673,0.007216
-0.046759,0.006869
-0.042308,0.006492
-0.034033,0.005569
-0.034033,0.005569
-0.029801,0.005112
-0.025482,0.004687
-0.021084,0.004342
-0.016696,0.004028
-0.012766,0.003693
-0.009295,0.003397
-0.006426,0.00306
-0.00416,0.002818
-0.002451,0.002565
-0.001178,0.002406
-0.000348,0.002315
0.000228,0.002254
0.000228,0.002254
0.000224,0.002263
8E-05,0.002242
-0.000212,0.002216
-0.000379,0.002211
-0.000379,0.002211
-0.000381,0.002204
-0.000305,0.002225
-4.9E-05,0.002252
0.000122,0.002281
9.6E-05,0.00237
-9.1E-05,0.002381
-9.1E-05,0.002381
-0.000296,0.002388
-0.000306,0.002375
-0.00025,0.002411
-7.4E-05,0.00246
8.1E-05,0.002505
0.00015,0.002534
0.000118,0.002545
-3.1E-05,0.002575
-0.000143,0.002612
-0.000249,0.002673
-0.000204,0.002749
-0.000123,0.002841
2.7E-05,0.002965
7.8E-05,0.003103
3.3E-05,0.003413
-0.000169,0.003764
-0.000169,0.003764
-0.000169,0.003764
-0.000162,0.00394
-2.8E-05,0.004087
0.000115,0.004214
0.000183,0.004345
0.000211,0.00446
0.000165,0.004524
5.8E-05,0.004573
3.7E-05,0.004589
1E-05,0.004599
7.2E-05,0.004633
0.000136,0.004693
0.000155,0.004772
0.000131,0.004829
0.000116,0.004853
7E-05,0.004825
4E-05,0.004899
4E-05,0.004899
4E-05,0.004899
7.6E-05,0.005001
0.000134,0.005093
0.000141,0.005113
0.000131,0.00505
0.000121,0.00503
0.000121,0.00503
0.000142,0.005129
0.000142,0.005129
0.000142,0.005129
0.000118,0.005141
0.000118,0.005141
0.000122,0.005087
8.8E-05,0.005071
9.5E-05,0.005084
7.7E-05,0.005121
2.9E-05,0.005141
1.9E-05,0.005125
3.6E-05,0.005093
7.3E-05,0.005053
7.3E-05,0.005053
0.000141,0.005082
0.000137,0.005106
0.000154,0.005119
0.000157,0.005124
0.000141,0.005111
0.000106,0.005127
0.000146,0.005242
0.000146,0.005242
0.00016,0.00529
0.00012,0.00532
0.00011,0.00537
8.5E-05,0.005414
7E-05,0.005472
6.7E-05,0.005569
6.3E-05,0.005522
5.8E-05,0.005457
4E-05,0.005471
2.8E-05,0.005509
-2.8E-05,0.005591
-1E-05,0.005653
8.9E-05,0.00561
8.9E-05,0.00561
0.000115,0.00555
0.000144,0.005559
8.9E-05,0.005618
4.5E-05,0.00567
1.4E-05,0.005667
-3.3E-05,0.005624
-3.9E-05,0.005584
1.1E-05,0.00557
1.1E-05,0.00557
1.1E-05,0.005525
1.1E-05,0.005525
1.1E-05,0.005525
1.1E-05,0.005525
-2.1E-05,0.005509
1.9E-05,0.005543
1.9E-05,0.005543
1.5E-05,0.005532
7.1E-05,0.005493
7.1E-05,0.005493
8.9E-05,0.005514
4.8E-05,0.005564
1.5E-05,0.005618
-2.3E-05,0.005642
-1.8E-05,0.005632
-1.4E-05,0.005634
-2.6E-05,0.005691
-1.5E-05,0.005782
-1.5E-05,0.005824
-4.6E-05,0.005818
-9.3E-05,0.005778
-0.000103,0.00571
-0.000137,0.005685
-0.000112,0.005701
-5.6E-05,0.005808
-5.6E-05,0.005808
-5.1E-05,0.005808
-2E-05,0.005784
4.4E-05,0.005755
5E-05,0.005734
3.6E-05,0.005738
-1.3E-05,0.005753
-2.9E-05,0.005745
-5.8E-05,0.005668
-5.8E-05,0.005668
-7.4E-05,0.005637
-2E-05,0.005644
-1.2E-05,0.00563
-1.3E-05,0.005585
-1.3E-05,0.005585
-4.2E-05,0.005556
-5.7E-05,0.005536
-5.5E-05,0.005537
-4.1E-05,0.005554
-2.6E-05,0.005568
5.1E-05,0.00559
5.1E-05,0.00559
6E-05,0.005626
4.9E-05,0.005671
3.2E-05,0.005702
2.7E-05,0.005739
-1.7E-05,0.005754
-2.8E-05,0.005752
-2.7E-05,0.005747
-3.1E-05,0.005767
-1.8E-05,0.005782
1.2E-05,0.005776
0.000123,0.005768
0.000123,0.005768
0.000182,0.005767
0.000264,0.00577
0.000244,0.005787
0.000255,0.0058
0.000211,0.005807
0.000238,0.005832
0.000232,0.005801
0.00023,0.005769
0.000254,0.005748
0.000243,0.00575
0.000243,0.00575
0.000233,0.005761
0.000115,0.005735
-1.2E-05,0.005698
-1.5E-05,0.005693
-1.5E-05,0.005693
1E-05,0.005695
1E-05,0.005701
-1.3E-05,0.00572
-3.1E-05,0.005751
-0.000124,0.005797
-0.00017,0.005852
-0.000194,0.005914
-0.000148,0.005959
-0.000101,0.006005
-0.000119,0.006063
-0.000124,0.006104
-0.000166,0.006172
-0.000208,0.006201
-0.000234,0.006225
-0.000246,0.006295
-0.000246,0.006295
-0.000232,0.006314
-0.000218,0.006334
-0.000226,0.006331
-0.000223,0.006339
-0.000217,0.006334
-0.000193,0.006327
-0.00016,0.006305
-8.6E-05,0.006277
1.8E-05,0.006242
2.5E-05,0.0062
0.000133,0.006189
0.000129,0.006135
8.6E-05,0.006076
-1.7E-05,0.006032
-3.4E-05,0.005989
1E-05,0.005904
1E-05,0.005904
4E-05,0.005884
6.9E-05,0.005851
1.8E-05,0.005833
-2.3E-05,0.00582
-6.2E-05,0.005817
-0.000102,0.005828
-8E-05,0.005842
-4.1E-05,0.005867
1.1E-05,0.005885
3.1E-05,0.006019
3.1E-05,0.006019
3.1E-05,0.006019
3.5E-05,0.006072
1E-05,0.006124
1.7E-05,0.006157
3.8E-05,0.006211
7.7E-05,0.00624
4.8E-05,0.006257
3E-05,0.006265
2.9E-05,0.006277
-3.3E-05,0.006294
-0.000109,0.006298
-0.000109,0.006298
-0.000109,0.006298
-6.6E-05,0.006268
-2.2E-05,0.006227
1.2E-05,0.006191
1.1E-05,0.006161
9E-06,0.0061
9E-06,0.0061
-9E-06,0.006068
1.3E-05,0.006029
4.9E-05,0.005981
8.7E-05,0.005928
9.6E-05,0.005884
3.8E-05,0.005861
-1.1E-05,0.005851
-1.9E-05,0.005845
-1.9E-05,0.005845
-1.6E-05,0.005845
-3.1E-05,0.00586
-2.6E-05,0.005877
1.5E-05,0.005901
1.1E-05,0.005936
9E-06,0.005966
-9E-06,0.005999
2.5E-05,0.006052
1E-05,0.0061
-1E-05,0.006121
1.4E-05,0.006131
2.6E-05,0.006148
6.3E-05,0.006168
2.6E-05,0.006185
-1.7E-05,0.006206
-5E-05,0.006223
-5.1E-05,0.00623
-8.5E-05,0.006237
-6.9E-05,0.006202
-6.9E-05,0.006202
-4.2E-05,0.006153
-4.2E-05,0.006153
-3.3E-05,0.006124
-3.7E-05,0.006096
-4.5E-05,0.006073
-4E-05,0.00605
-3.1E-05,0.005986
-3.1E-05,0.005986
-1.3E-05,0.005953
3.5E-05,0.005924
8.2E-05,0.0059
8.7E-05,0.005879
1E-05,0.005871
1E-05,0.005871
-1.6E-05,0.005875
-1.4E-05,0.005883
-1E-05,0.005892
1E-05,0.005906
1.2E-05,0.005922
1.6E-05,0.005942
3.2E-05,0.005988
-9E-06,0.006076
-9E-06,0.006076
-2.5E-05,0.006097
-1.5E-05,0.006114
-1.2E-05,0.006133
-1.2E-05,0.006133
1.2E-05,0.006154
2.8E-05,0.006181
5.6E-05,0.006199
-1.6E-05,0.006202
-1.6E-05,0.006202
-1.6E-05,0.006202
-3.1E-05,0.006206
-6.6E-05,0.006201
-7.8E-05,0.006182
-4.2E-05,0.006129
-4.2E-05,0.006129
-3.6E-05,0.006104
1E-05,0.006077
-1.5E-05,0.006056
-1.3E-05,0.006003
-1.3E-05,0.006003
-1.3E-05,0.006003
-1.4E-05,0.005952
-1.4E-05,0.005952
-1E-05,0.005927
1.3E-05,0.005904
7.4E-05,0.005889
4.1E-05,0.005866
4.1E-05,0.005866
1.6E-05,0.005869
-2E-05,0.005884
-1.4E-05,0.0059
-1.4E-05,0.005919
-9E-06,0.005965
1E-05,0.005994
1.1E-05,0.006028
1.1E-05,0.006028
9E-06,0.006064
-9E-06,0.006094
-1.3E-05,0.006125
-3.6E-05,0.006157
-1E-05,0.006177
-1.2E-05,0.006201
1E-05,0.006219
1.5E-05,0.006236
2.1E-05,0.006245
2.5E-05,0.006251
2.2E-05,0.00625
1.1E-05,0.006238
1.1E-05,0.006238
-1.1E-05,0.006226
-1.8E-05,0.006207
-6.4E-05,0.006191
-5.4E-05,0.006166
-1.9E-05,0.006137
-1.5E-05,0.006123
-1.3E-05,0.006087
-1E-05,0.00605
9E-06,0.005974
1.2E-05,0.005945
1.2E-05,0.005945
5.3E-05,0.005936
5.2E-05,0.005921
5.4E-05,0.005919
4.3E-05,0.005934
2.3E-05,0.005962
1.2E-05,0.006003
-1E-05,0.00606
-1E-05,0.00613
1E-05,0.006217
9E-06,0.00632
9E-06,0.006433
1.2E-05,0.006546
-9E-06,0.006663
-3E-05,0.006808
-4.2E-05,0.006933
-5.3E-05,0.007068
-6.3E-05,0.007206
-7.8E-05,0.007342
-7.1E-05,0.007474
-5.5E-05,0.007603
-4.8E-05,0.007852
-4.8E-05,0.007852
-4.6E-05,0.007971
-5.8E-05,0.008186
-5.8E-05,0.008186
-7.1E-05,0.008285
-8.1E-05,0.008376
-1E-04,0.008462
-9.9E-05,0.008531
-8.5E-05,0.008592
-6.7E-05,0.008643
-6.1E-05,0.008687
-3E-05,0.008733
-4.3E-05,0.008784
-3.9E-05,0.00883
-4.3E-05,0.008876
-4.5E-05,0.008914
-4.1E-05,0.008973
-1.6E-05,0.009024
-1.6E-05,0.009024
-1.3E-05,0.00903
-1.3E-05,0.00903
-2.5E-05,0.009029
-5.6E-05,0.009032
-7E-05,0.009049
-6.3E-05,0.009049
-7.2E-05,0.009045
-6.5E-05,0.009041
-6.6E-05,0.00904
-6.7E-05,0.009046
-6.7E-05,0.009056
-7.1E-05,0.009069
-7.5E-05,0.009088
-7.5E-05,0.009088
-7E-05,0.009093
-6.4E-05,0.009093
-6E-05,0.009087
-4.7E-05,0.009091
-4.1E-05,0.009057
-5.2E-05,0.009019
-6.1E-05,0.008973
-7.5E-05,0.008926
-8.6E-05,0.008878
-0.000114,0.008832
-0.000102,0.00879
-9.9E-05,0.008748
-9E-05,0.008701
-6.9E-05,0.008612
-6.9E-05,0.008612
-7.7E-05,0.008579
-7.4E-05,0.008536
-4E-05,0.00849
-3.4E-05,0.008441
-2.1E-05,0.008409
-7.6E-05,0.008332
-7.6E-05,0.008332
-8.6E-05,0.008314
-6.3E-05,0.008309
-2.9E-05,0.00832
-2.9E-05,0.00832
-5.1E-05,0.008294
-4.8E-05,0.00827
-7.7E-05,0.008261
-9.7E-05,0.008265
-8.5E-05,0.008278
-8.8E-05,0.008293
-8.2E-05,0.008304
-8.3E-05,0.008321
-7.2E-05,0.008344
-0.000106,0.008336
-0.000106,0.008336
-0.000114,0.008307
-0.000114,0.008307
-0.000102,0.008289
-0.000102,0.008289
-9.8E-05,0.008268
-9.8E-05,0.008268
-6.6E-05,0.00818
-6.6E-05,0.00818
-6.6E-05,0.00818
-7.5E-05,0.008154
-8.2E-05,0.00816
-8.6E-05,0.008176
-7E-05,0.008167
-7.9E-05,0.008166
-8.3E-05,0.008146
-8.3E-05,0.008165
-3.1E-05,0.008151
8.2E-05,0.008153
0.000536,0.008203
0.001463,0.008328
0.002976,0.008513
0.005175,0.008723
0.005175,0.008723
0.008094,0.008931
0.011693,0.009115
0.015856,0.009299
0.020437,0.009457
0.025335,0.009629
0.030269,0.009822
0.035183,0.009997
0.040133,0.010168
0.055991,0.010398
0.055991,0.010398
0.061828,0.010381
0.061828,0.010381
0.068239,0.010347
0.075482,0.010346
0.083628,0.010407
0.092638,0.010491
0.102298,0.010518
0.112353,0.010391
0.122644,0.010222
0.132798,0.010065
0.143126,0.010015
0.153549,0.010166
0.164298,0.010339
0.175468,0.010477
0.187318,0.010431
0.199851,0.010296
0.213023,0.010185
0.226543,0.010134
0.240365,0.010118
0.254061,0.010121
0.267858,0.010102
0.296096,0.010244
0.296096,0.010244
0.310893,0.010335
0.326283,0.010331
0.34225,0.010303
0.358696,0.010197
0.375475,0.010128
0.392612,0.010126
0.409836,0.010197
0.427227,0.010252
0.444936,0.010322
0.462967,0.010343
0.500201,0.010357
0.500201,0.010357
0.519401,0.01034
0.538914,0.010332
0.55875,0.010319
0.599069,0.010308
0.599069,0.010308
0.639214,0.010264
0.639214,0.010264
0.658899,0.010201
0.6782,0.010157
0.69718,0.010146
0.715709,0.010135
0.733857,0.010141
0.751696,0.010126
0.769196,0.010112
0.786387,0.010098
0.80329,0.010095
0.819901,0.010091
0.836199,0.010074
0.85213,0.010055
0.867706,0.01004
0.897693,0.01006
0.897693,0.01006
0.912098,0.01008
0.926183,0.010084
0.939957,0.010087
0.953406,0.010079
0.966529,0.010078
0.979339,0.010082
0.99185,0.01009
1.015732,0.010098
1.015732,0.010098
1.027064,0.01011
1.038056,0.010131
1.059149,0.010189
1.059149,0.010189
1.069149,0.010204
1.078711,0.010196
1.087903,0.010174
1.096853,0.010174
1.105594,0.010187
1.114058,0.010235
1.129851,0.010202
1.129851,0.010202
1.142834,0.009969
1.142834,0.009969
1.148252,0.009937
1.153077,0.009998
1.157518,0.010141
1.161748,0.010261
1.166224,0.010299
1.170883,0.010274
1.175675,0.010182
1.180533,0.010096
1.18486,0.010022
1.188709,0.009963
1.19185,0.009979
1.196163,0.010113
1.196163,0.010113
1.197617,0.010194
1.198643,0.010219
1.199624,0.010192
1.2003,0.010112
1.200546,0.010012
1.200568,0.009991
1.199979,0.010157
1.199979,0.010157
1.199551,0.010263
1.199361,0.010298
1.199405,0.01029
1.199625,0.010243
1.199953,0.010222
1.200295,0.010171
1.200413,0.010151
1.200316,0.010106
1.20011,0.010102
1.199714,0.010065
1.199624,0.00999
1.199622,0.009845
1.199803,0.00955
1.200097,0.009223
1.200541,0.00887
1.200717,0.008481
1.200813,0.008061
1.200793,0.007635
1.200634,0.007137
1.200634,0.007137
1.200696,0.006
1.200959,0.005294
1.201324,0.004497
1.201816,0.003641
1.202118,0.002732
1.202355,0.001806
1.2025,0.000869
1.202572,-0.000157
1.202596,-0.001209
1.202865,-0.002346
1.203207,-0.00355
1.203676,-0.004834
1.204585,-0.007545
1.204585,-0.007545
1.205204,-0.010304
1.205204,-0.010304
1.205358,-0.011718
1.205559,-0.013184
1.205938,-0.014694
1.206358,-0.016278
1.206358,-0.016278
1.206911,-0.017895
1.20745,-0.019533
1.207927,-0.021202
1.208274,-0.022876
1.208545,-0.024551
1.209197,-0.027956
1.209197,-0.027956
1.210149,-0.031551
1.210149,-0.031551
1.210714,-0.033392
1.211256,-0.035224
1.211695,-0.037049
1.212072,-0.038867
1.212784,-0.04255
1.212784,-0.04255
1.213712,-0.046295
1.213712,-0.046295
1.214267,-0.048204
1.214818,-0.050133
1.215306,-0.052071
1.215712,-0.054003
1.216103,-0.055927
1.216477,-0.05788
1.21693,-0.05987
1.217457,-0.061913
1.218046,-0.064005
1.21861,-0.066128
1.219141,-0.068269
1.220121,-0.072769
1.22069,-0.075267
1.22069,-0.075267
1.221275,-0.077965
1.221975,-0.080865
1.222749,-0.083905
1.223553,-0.087097
1.224329,-0.090438
1.225094,-0.09392
1.225912,-0.097502
1.226696,-0.10116
1.227536,-0.104816
1.228428,-0.108518
1.22932,-0.112171
1.230183,-0.115806
1.231003,-0.119335
1.231807,-0.122724
1.232567,-0.125939
1.233264,-0.129002
1.233913,-0.131912
1.234564,-0.134616
1.235152,-0.137179
1.235778,-0.139544
1.236314,-0.141764
1.236893,-0.143893
1.237829,-0.148002
1.23828,-0.150043
1.23828,-0.150043
1.239197,-0.153992
1.239197,-0.153992
1.239706,-0.155931
1.240186,-0.157858
1.240655,-0.159762
1.241503,-0.163531
1.241904,-0.165368
1.242322,-0.167197
1.242322,-0.167197
1.243197,-0.170811
1.243197,-0.170811
1.243652,-0.172604
1.244062,-0.174371
1.244449,-0.17609
1.244846,-0.177785
1.245216,-0.17947
1.245614,-0.181149
1.246019,-0.182823
1.246424,-0.184477
1.246807,-0.186104
1.247204,-0.187705
1.247592,-0.189287
1.248644,-0.193954
1.248998,-0.195467
1.249381,-0.19695
1.249381,-0.19695
1.249381,-0.19695
1.249722,-0.198406
1.250072,-0.199825
1.250368,-0.201231
1.250671,-0.202575
1.250982,-0.203883
1.251277,-0.205149
1.251598,-0.206381
1.251887,-0.207585
1.252161,-0.208751
1.252431,-0.209863
1.252668,-0.210928
1.253139,-0.21293
1.253139,-0.21293
1.253361,-0.213884
1.253601,-0.214795
1.253779,-0.215653
1.253996,-0.216461
1.254143,-0.21721
1.254297,-0.217913
1.254442,-0.21857
1.25461,-0.219173
1.254852,-0.220223
1.25495,-0.220665
1.25495,-0.220665
1.255041,-0.221034
1.255274,-0.222087
1.255274,-0.222087
1.255274,-0.222087
1.255338,-0.222234
1.255344,-0.22233
1.255344,-0.22233
1.255383,-0.222388
1.255383,-0.222419
1.255379,-0.222415
1.255367,-0.222409
1.255383,-0.222383
1.255383,-0.222383
1.254425,-0.219865
1.254425,-0.219865
1.253653,-0.217357
1.252589,-0.214249
1.251291,-0.211052
1.249841,-0.208107
1.246866,-0.202457
1.246866,-0.202457
1.245431,-0.199012
1.24387,-0.194599
1.241862,-0.189194
1.2342,-0.171985
1.2342,-0.171985
1.2342,-0.171985
1.231003,-0.166096
1.228006,-0.159524
1.224925,-0.152128
1.221936,-0.144402
1.219006,-0.136745
1.215615,-0.129068
1.212063,-0.121153
1.208236,-0.11247
1.204166,-0.102966
1.199882,-0.093152
1.195477,-0.083247
1.19107,-0.073317
1.19107,-0.073317
1.182797,-0.053644
1.178926,-0.043878
1.175248,-0.034618
1.171597,-0.025964
1.167954,-0.017718
1.167954,-0.017718
1.164541,-0.009817
1.161319,-0.002021
1.158266,0.005585
1.155346,0.012801
1.152551,0.019723
1.147309,0.032494
1.147309,0.032494
1.144782,0.038454
1.142428,0.044101
1.140339,0.0493
1.138217,0.054367
1.136249,0.059323
1.134628,0.063738
1.13206,0.070324
1.13206,0.070324
1.130939,0.072689
1.129935,0.075039
1.129108,0.077705
1.128439,0.080414
1.127669,0.082694
1.126887,0.084143
1.126332,0.084649
1.12602,0.084609
1.126021,0.084459
1.12619,0.084433
1.126428,0.084551
1.126797,0.084579
1.126843,0.084453
1.126775,0.084262
1.126582,0.084153
1.126314,0.08422
1.126186,0.084434
1.126128,0.084627
1.126209,0.084615
1.126606,0.084378
1.126606,0.084378
1.126795,0.084365
1.126826,0.08452
1.126734,0.084654
1.12649,0.084721
1.126257,0.084638
1.126217,0.084513
1.126256,0.084458
1.126356,0.08444
1.12659,0.084469
1.12673,0.084348
1.12673,0.084348
1.12662,0.084263
1.126284,0.084359
1.126284,0.084359
1.126255,0.084495
1.126271,0.084567
1.126383,0.084535
1.12656,0.084483
1.126657,0.084456
1.126693,0.084496
1.126578,0.084604
1.126437,0.08467
1.126311,0.084672
1.126266,0.084617
1.126316,0.084523
1.126435,0.084454
1.12662,0.084437
1.12662,0.084437
1.126639,0.084411
1.126513,0.08438
1.12639,0.084347
1.126299,0.084369
1.126306,0.084428
1.126398,0.08448
1.12651,0.084495
1.12657,0.084481
1.126645,0.084468
1.126605,0.084476
1.126501,0.084525
1.126419,0.084598
1.126352,0.084629
1.126461,0.084506
1.126461,0.084506
1.126551,0.08442
1.12659,0.084394
1.126591,0.084408
1.126532,0.084426
1.126427,0.084429
1.126388,0.084397
1.126388,0.084397
1.126388,0.084397
1.126434,0.084433
1.126524,0.084477
1.126585,0.084511
1.126552,0.084517
1.126468,0.084525
1.126407,0.084557
1.126394,0.084604
1.126469,0.084585
1.126469,0.084585
1.126487,0.084531
1.126531,0.084479
1.126519,0.084442
1.126465,0.084433
1.126403,0.084447
1.126425,0.084449
1.126423,0.084429
1.126427,0.084393
1.126482,0.084384
1.126532,0.084405
1.126519,0.084439
1.126507,0.084479
1.126481,0.084507
1.126518,0.084494
1.126624,0.084433
1.12685,0.08438
1.126942,0.084364
1.126975,0.084359
1.126906,0.084376
1.126637,0.084344
1.126183,0.084277
1.125544,0.084193
1.124625,0.084111
1.123595,0.084021
1.121046,0.083735
1.121046,0.083735
1.119296,0.083464
1.117179,0.083162
1.114596,0.082861
1.111625,0.082572
1.108313,0.082287
1.104797,0.081948
1.100973,0.081512
1.096738,0.081042
1.091966,0.080632
1.086694,0.080244
1.080891,0.079891
1.074599,0.079508
1.06795,0.079072
1.054058,0.078109
1.054058,0.078109
1.046956,0.077595
1.039646,0.077078
1.032086,0.076505
1.024153,0.075882
1.015742,0.075228
1.006777,0.074551
0.997234,0.073839
0.997234,0.073839
0.976632,0.072473
0.965823,0.071724
0.954753,0.070913
0.943425,0.070033
0.943425,0.070033
0.90768,0.067208
0.90768,0.067208
0.90768,0.067208
0.881791,0.065366
0.840059,0.062238
0.840059,0.062238
0.840059,0.062238
0.825568,0.061204
0.825568,0.061204
0.796153,0.059211
0.796153,0.059211
0.780947,0.058074
0.765363,0.056858
0.73287,0.054529
0.73287,0.054529
0.71608,0.053415
0.698913,0.052258
0.681554,0.050955
0.646325,0.048257
0.646325,0.048257
0.628379,0.046947
0.609864,0.045574
0.590924,0.044149
0.571739,0.042791
0.552417,0.041462
0.533247,0.04003
0.514086,0.038504
0.495205,0.037101
0.476788,0.035838
0.458725,0.034528
0.440877,0.033121
0.423366,0.03171
0.406135,0.030442
0.389222,0.029259
0.372727,0.028047
0.356637,0.026836
0.341032,0.025665
0.32581,0.024519
0.310952,0.023398
0.296389,0.022316
0.28205,0.021285
0.267794,0.020276
0.253788,0.019271
0.240244,0.018285
0.227145,0.017325
0.21445,0.016424
0.202103,0.015518
0.190079,0.014663
0.178378,0.013854
0.166882,0.013057
0.155911,0.012262
0.145334,0.01147
0.125044,0.009956
0.125044,0.009956
0.11533,0.009283
0.105764,0.008625
0.088259,0.007379
0.088259,0.007379
0.080856,0.006829
0.063474,0.0054
0.063474,0.0054
0.063474,0.0054
0.058229,0.004967
0.05275,0.004517
0.047026,0.0041
0.041156,0.003681
0.030851,0.002936
0.026464,0.002612
0.026464,0.002612
0.022474,0.002288
0.01882,0.001971
0.015025,0.001683
0.011378,0.001443
0.007903,0.001236
0.005084,0.001081
0.002947,0.000945
0.001544,0.00084
0.000707,0.000755
0.000358,0.000716
0.000162,0.000728
-1.4E-05,0.000717
-0.00018,0.000734
-0.000192,0.000749
-5.4E-05,0.000761
7.2E-05,0.000792
0.000159,0.000823
9.5E-05,0.000829
-1.6E-05,0.000816
-0.000118,0.000805
-0.000112,0.000811
5E-05,0.000824
5E-05,0.000824
4.9E-05,0.000837
-0.000243,0.000794
-0.00085,0.000764
-0.003308,0.000765
-0.003308,0.000765
-0.005274,0.000775
-0.007788,0.000745
-0.010902,0.000747
-0.014632,0.000759
-0.018983,0.000759
-0.023962,0.000778
-0.029553,0.000796
-0.035743,0.00082
-0.042515,0.000844
-0.049853,0.000878
-0.05773,0.000922
-0.066104,0.000967
-0.07497,0.001011
-0.084257,0.001058
-0.093933,0.00112
-0.103955,0.00116
-0.114283,0.001221
-0.124918,0.00128
-0.135734,0.001325
-0.146773,0.001369
-0.157976,0.00142
-0.169289,0.00144
-0.180733,0.00147
-0.192316,0.001504
-0.203965,0.001534
-0.215701,0.001554
-0.227487,0.001571
-0.25143,0.001545
-0.25143,0.001545
-0.263614,0.001548
-0.288639,0.001564
-0.288639,0.001564
-0.301604,0.001533
-0.314983,0.00151
-0.329067,0.001501
-0.344155,0.001499
-0.360506,0.001471
-0.37826,0.001449
-0.397359,0.001428
-0.41757,0.001408
-0.438439,0.001402
-0.459748,0.001405
-0.501544,0.001423
-0.501544,0.001423
-0.521955,0.001427
-0.541966,0.001424
-0.580575,0.001465
-0.580575,0.001465
-0.59928,0.00151
-0.617783,0.001531
-0.636253,0.001549
-0.655476,0.001561
-0.675336,0.001556
-0.696057,0.001546
-0.717469,0.001534
-0.739257,0.001549
-0.760832,0.001571
-0.781842,0.001569
-0.781842,0.001569
-0.801945,0.001565
-0.820964,0.001559
-0.838899,0.001567
-0.855725,0.001555
-0.871393,0.001566
-0.899455,0.001608
-0.899455,0.001608
-0.924538,0.001613
-0.924538,0.001613
-0.936499,0.001597
-0.960735,0.001558
-0.960735,0.001558
-0.972853,0.00155
-0.984474,0.001562
-0.995741,0.001565
-1.006656,0.001541
-1.01731,0.001505
-1.027824,0.001469
-1.038463,0.001482
-1.04911,0.0015
-1.059629,0.001528
-1.069751,0.001535
-1.079535,0.001552
-1.08894,0.001564
-1.098065,0.001586
-1.106928,0.001594
-1.124377,0.00163
-1.124377,0.00163
-1.132558,0.001636
-1.140352,0.001642
-1.147621,0.00165
-1.154406,0.001642
-1.160748,0.001615
-1.166702,0.001603
-1.172239,0.001603
-1.182027,0.001593
-1.182027,0.001593
-1.186175,0.001595
-1.189741,0.001586
-1.192718,0.001596
-1.19512,0.001601
-1.197052,0.001609
-1.199599,0.001618
-1.199599,0.001618
-1.200235,0.001616
-1.200455,0.00162
-1.200362,0.001624
-1.200133,0.001614
-1.199837,0.001598
-1.199826,0.001585
-1.199905,0.001582
-1.20019,0.001595
-1.200362,0.001611
-1.200388,0.001611
-1.200307,0.001612
-1.199896,0.001605
-1.199896,0.001605
-1.199937,0.001618
-1.200092,0.001644
-1.200323,0.001689
-1.200323,0.001689
-1.2003,0.001707
-1.200105,0.001722
-1.199933,0.001737
-1.199933,0.001737
-1.200045,0.001748
-1.200198,0.001759
-1.200269,0.001759
-1.200232,0.001764
-1.199981,0.001753
-1.199981,0.001753
-1.199952,0.001745
-1.200163,0.001762
-1.200163,0.001762
-1.200222,0.001778
-1.200183,0.001793
-1.200102,0.0018
-1.199998,0.001808
-1.199993,0.001832
-1.200165,0.001889
-1.200165,0.001889
-1.200239,0.001958
-1.200275,0.002074
-1.200188,0.002143
-1.200133,0.002076
-1.200036,0.001941
-1.200009,0.001843
-1.200021,0.001825
-1.200046,0.00184
-1.200023,0.001827
-1.2,0.001788
-1.200002,0.001901
-1.200105,0.002228
-1.200105,0.002228
-1.200105,0.002228
-1.200095,0.002219
-1.200095,0.002111
-1.200042,0.002134
-1.200042,0.002134
-1.200041,0.002211
-1.200076,0.002199
-1.200069,0.002111
-1.200096,0.002042
-1.200077,0.002113
-1.200077,0.002113
-1.200054,0.002137
-1.20006,0.002107
-1.200053,0.002075
-1.200124,0.002155
-1.200124,0.002155
-1.200139,0.002214
-1.200101,0.002233
-1.20005,0.002208
-1.200077,0.002217
-1.200137,0.002238
-1.200137,0.002238
-1.200129,0.002232
-1.200116,0.002195
-1.200088,0.002151
-1.200071,0.002131
-1.200061,0.002132
-1.200111,0.002133
-1.200128,0.002119
-1.200093,0.002111
-1.200093,0.002111
-1.200086,0.002168
-1.200075,0.002258
-1.200075,0.002258
-1.200076,0.002234
-1.200101,0.002225
-1.200146,0.002263
-1.200111,0.002305
-1.200083,0.002328
-1.200051,0.002302
-1.199929,0.002308
-1.19943,0.002509
-1.198313,0.003021
-1.196595,0.003813
-1.194239,0.004802
-1.191302,0.005867
-1.188022,0.006942
-1.184426,0.008028
-1.181086,0.009141
-1.177728,0.010293
-1.174312,0.011453
-1.15948,0.016616
-1.15948,0.016616
-1.15948,0.016616
-1.153094,0.018809
-1.138913,0.023264
-1.138913,0.023264
-1.138913,0.023264
-1.124664,0.028449
-1.124664,0.028449
-1.117477,0.031562
-1.109873,0.034874
-1.101815,0.038239
-1.083623,0.045778
-1.083623,0.045778
-1.073716,0.050176
-1.063574,0.054941
-1.054358,0.05954
-1.045772,0.063804
-1.037759,0.068037
-1.030399,0.072308
-1.023451,0.076602
-1.016489,0.081097
-1.009458,0.085523
-0.995534,0.093701
-0.995534,0.093701
-0.989261,0.097566
-0.983495,0.101373
-0.978385,0.105057
-0.973797,0.108602
-0.969515,0.112038
-0.965845,0.115188
-0.962448,0.117733
-0.959263,0.119739
-0.956468,0.121549
-0.953962,0.12334
-0.949885,0.127364
-0.949885,0.127364
-0.948361,0.128924
-0.947143,0.130014
-0.946024,0.130759
-0.945201,0.131165
-0.944866,0.131427
-0.944773,0.131524
-0.944866,0.131412
-0.945119,0.13122
-0.945554,0.131134
-0.945679,0.131227
-0.945665,0.131353
-0.945529,0.131338
-0.94522,0.13115
-0.94497,0.131032
-0.944889,0.131084
-0.944959,0.131213
-0.945145,0.131263
-0.945489,0.131244
-0.945605,0.131174
-0.945605,0.131174
-0.945503,0.131239
-0.945237,0.13135
-0.945008,0.131378
-0.944976,0.13131
-0.945216,0.131224
-0.945216,0.131224
-0.945455,0.131311
-0.945519,0.131346
-0.945519,0.131262
-0.945351,0.13119
-0.945099,0.131189
-0.945023,0.131237
-0.945023,0.131237
-0.945094,0.131254
-0.945431,0.131237
-0.945509,0.131248
-0.945509,0.131248
-0.9454,0.13128
-0.945237,0.131348
-0.945072,0.131349
-0.945074,0.131297
-0.945274,0.131306
-0.945391,0.13125
-0.945127,0.1312
-0.945127,0.1312
-0.945105,0.131188
-0.945182,0.131185
-0.945312,0.131204
-0.945312,0.131204
-0.945451,0.13118
-0.945267,0.131242
-0.945267,0.131242
-0.945267,0.131242
-0.945145,0.131265
-0.945145,0.131265
-0.945296,0.131289
-0.945296,0.131289
-0.945377,0.131317
-0.945402,0.131302
-0.945348,0.131296
-0.945171,0.13128
-0.945171,0.13128
-0.945211,0.131244
-0.945263,0.131249
-0.945312,0.131247
-0.945312,0.131247
-0.945307,0.131227
-0.94525,0.131258
-0.94518,0.131272
-0.94518,0.131272
-0.945168,0.131276
-0.945265,0.131293
-0.945265,0.131293
-0.945341,0.131316
-0.945335,0.131306
-0.945262,0.131298
-0.945262,0.131298
-0.9452,0.131291
-0.94527,0.131243
-0.94527,0.131243
-0.945283,0.13124
-0.945314,0.131226
-0.945168,0.13006
-0.944986,0.128234
-0.944986,0.128234
-0.944783,0.125341
-0.944403,0.121624
-0.944403,0.121624
-0.940307,0.104172
-0.940307,0.104172
-0.940307,0.104172
-0.940307,0.104172
-0.936523,0.096224
-0.936523,0.096224
-0.931419,0.091026
-0.931419,0.091026
-0.928315,0.08929
-0.9248,0.087753
-0.920678,0.086441
-0.915826,0.085674
-0.903984,0.086015
-0.903984,0.086015
-0.897328,0.086351
-0.883912,0.085413
-0.883912,0.085413
-0.877428,0.084532
-0.864983,0.083541
-0.858455,0.083143
-0.858455,0.083143
-0.843735,0.081424
-0.843735,0.081424
-0.835287,0.08044
-0.826176,0.079655
-0.806688,0.078093
-0.796935,0.077026
-0.787076,0.075919
-0.787076,0.075919
-0.766542,0.074008
-0.766542,0.074008
-0.744045,0.072033
-0.731912,0.070877
-0.731912,0.070877
-0.706406,0.068545
-0.693422,0.067412
-0.693422,0.067412
-0.667012,0.06494
-0.653272,0.063548
-0.653272,0.063548
-0.609495,0.059322
-0.609495,0.059322
-0.594029,0.057827
-0.594029,0.057827
-0.578212,0.056294
-0.546007,0.053089
-0.529742,0.051526
-0.529742,0.051526
-0.495944,0.048304
-0.478502,0.04667
-0.478502,0.04667
-0.442424,0.043236
-0.40701,0.040004
-0.40701,0.040004
-0.40701,0.040004
-0.373791,0.036941
-0.358067,0.035408
-0.342735,0.033907
-0.342735,0.033907
-0.32779,0.032437
-0.312692,0.031026
-0.297762,0.029633
-0.282859,0.028316
-0.268487,0.026949
-0.254567,0.025682
-0.24121,0.024403
-0.228452,0.023249
-0.216078,0.022049
-0.204042,0.020874
-0.180345,0.018623
-0.168627,0.01752
-0.168627,0.01752
-0.157362,0.016506
-0.146494,0.015521
-0.136179,0.014514
-0.126463,0.013563
-0.117225,0.012624
-0.099703,0.010837
-0.091198,0.010006
-0.091198,0.010006
-0.082935,0.009211
-0.067324,0.007787
-0.067324,0.007787
-0.06008,0.007049
-0.047237,0.005775
-0.047237,0.005775
-0.037742,0.004941
-0.033583,0.004564
-0.033583,0.004564
-0.029636,0.004165
-0.025917,0.003747
-0.018045,0.002995
-0.018045,0.002995
-0.014098,0.002734
-0.010338,0.002447
-0.004359,0.001942
-0.002335,0.001724
-0.002335,0.001724
-0.000936,0.001589
-0.000146,0.001518
0.000179,0.001524
1.7E-05,0.001556
1.7E-05,0.001556
-6.7E-05,0.001544
-6.1E-05,0.001524
0.000132,0.001525
0.000132,0.001525
0.000202,0.001499
0.000112,0.001478
0.000112,0.001478
0.000112,0.001478
-0.000146,0.001411
-0.000146,0.001411
-7.7E-05,0.001408
5.8E-05,0.001362
0.000164,0.001351
0.00018,0.001325
0.00018,0.001325
0.000107,0.001319
3.6E-05,0.001289
-5.7E-05,0.001303
-5.7E-05,0.001303
2.9E-05,0.001427
-5.3E-05,0.001594
-5.3E-05,0.001594
-5.3E-05,0.001594
-0.000227,0.001825
-0.000227,0.001825
-0.000246,0.001982
-0.000194,0.002327
-0.000194,0.002327
-0.000119,0.002633
-0.000114,0.002751
-0.000114,0.002751
-0.000117,0.002856
-0.000154,0.002968
-0.000183,0.00311
-0.000183,0.00311
-0.000131,0.003131
-0.000271,0.003363
-0.000375,0.003375
-0.000375,0.003375
-0.000375,0.003375
-0.000379,0.00332
-0.000127,0.00315
-0.000127,0.00315
-2.1E-05,0.003418
-2.1E-05,0.003418
-0.000172,0.003522
-0.000428,0.003252
-0.000428,0.003252
-0.000428,0.003252
-0.000349,0.003306
2.3E-05,0.00359
2.3E-05,0.00359
3.4E-05,0.00355
-0.000117,0.003495
-0.000245,0.003531
-0.000301,0.003643
-0.000307,0.003787
-0.000307,0.003787
-3E-05,0.003899
-8.8E-05,0.003927
-8.8E-05,0.003927
-8.8E-05,0.003927
-0.000213,0.004106
-0.000213,0.004106
-0.000307,0.004222
-0.000215,0.004249
-0.000215,0.004249
-9.8E-05,0.00434
-1.6E-05,0.004231
0.000105,0.004337
9.4E-05,0.004403
3.6E-05,0.004446
-4.8E-05,0.004535
-7.6E-05,0.004604
-7.6E-05,0.004604
-0.000178,0.004546
-0.000138,0.004563
-7.9E-05,0.00459
-0.000121,0.004772
-0.000121,0.004772
-0.000242,0.004815
-0.000242,0.004815
-0.00037,0.004817
-0.000228,0.004519
-0.000228,0.004519
1.6E-05,0.004725
1.2E-05,0.004802
1.2E-05,0.004802
-2.5E-05,0.004794
-0.000222,0.004713
-0.000222,0.004713
-0.000222,0.004713
-0.000211,0.004719
-8.6E-05,0.004869
-8.6E-05,0.004869
-8.6E-05,0.004869
-0.000153,0.004836
-0.000268,0.00486
-0.000268,0.00486
-0.000418,0.005041
-0.000418,0.005041
-0.000418,0.005041
-0.00033,0.005083
-0.000201,0.005028
-0.000201,0.005028
-0.000169,0.00501
-0.00016,0.005008
-0.000208,0.005048
-0.000268,0.005141
-0.000269,0.0052
-0.000231,0.005187
-0.000189,0.005154
-0.000129,0.005091
-0.000129,0.005091
-0.000201,0.005093
-0.000243,0.005103
-0.000357,0.005066
-0.000357,0.005066
-0.000377,0.005008
-0.000377,0.005008
-0.000307,0.005001
-0.000247,0.005009
-0.000242,0.004989
-0.000242,0.004989
-0.000237,0.004962
-0.000247,0.004952
-0.000204,0.00502
-0.000204,0.00502
-0.000197,0.005041
-0.000153,0.005054
-0.000195,0.005037
-0.000195,0.005037
-0.000199,0.00506
-0.00012,0.005132
-6.3E-05,0.005131
-6.3E-05,0.005131
-5.4E-05,0.005097
-3.6E-05,0.005085
-3.2E-05,0.00509
-4.8E-05,0.00511
-4.8E-05,0.005171
-2.8E-05,0.005179
-2.8E-05,0.005179
1.8E-05,0.005173
3E-05,0.005163
3E-05,0.005163
-0.000125,0.005191
-0.000204,0.005197
-0.000204,0.005197
-0.000204,0.005197
-0.000249,0.005224
-0.000287,0.005241
-0.000287,0.005241
-0.000332,0.005265
-0.000349,0.005277
-0.000448,0.005319
-0.000447,0.005322
-0.000447,0.005322
-0.000405,0.005391
-0.000405,0.005391
-0.000405,0.005391
-0.000388,0.00542
-0.000388,0.00542
-0.00043,0.005492
-0.000448,0.005525
-0.000448,0.005525
-0.000443,0.005575
-0.000443,0.005575
-0.000436,0.005598
-0.000436,0.005598
-0.000456,0.005585
-0.00047,0.005569
-0.00047,0.005569
-0.00047,0.005569
-0.000434,0.005548
-0.000348,0.005538
-0.000245,0.005509
-0.000236,0.005482
-0.00021,0.005474
-0.000196,0.005446
-0.000219,0.005438
-0.000219,0.005438
-0.000193,0.005372
-0.000193,0.005372
-0.000163,0.005352
-0.000175,0.005348
-0.000198,0.005337
-0.000244,0.00533
-0.000303,0.005325
-0.000323,0.005321
-0.000323,0.005321
-0.000298,0.005338
-0.000298,0.005338
-0.000254,0.00534
-0.000254,0.00534
-0.000239,0.00535
-0.000242,0.005367
-0.000246,0.005393
-0.000197,0.005462
-0.000137,0.005468
-0.000137,0.005468
-0.000158,0.005468
-0.000216,0.005474
-0.000228,0.005494
-0.000251,0.005512
-0.000251,0.005512
-0.000288,0.00551
-0.000322,0.005512
-0.000334,0.00551
-0.000304,0.005498
-0.000296,0.005494
-0.000296,0.005494
-0.000298,0.005479
-0.000298,0.005462
-0.000295,0.005428
-0.000295,0.005428
-0.000239,0.00541
-0.000179,0.005359
-0.000157,0.005336
-0.000143,0.005322
-0.000143,0.005322
-0.000192,0.005313
-0.000261,0.005301
-0.000261,0.005301
-0.000254,0.005302
-0.000254,0.005302
-0.000282,0.005311
-0.000277,0.005311
-0.000296,0.005336
-0.000275,0.00535
-0.000269,0.005385
-0.000269,0.005385
-0.000277,0.005422
-0.00028,0.005433
-0.000269,0.005451
-0.000225,0.005472
-0.000216,0.005499
-0.000209,0.005543
-0.000211,0.005562
-0.000211,0.005562
-0.000279,0.005584
-0.000281,0.005583
-0.000281,0.005583
-0.000281,0.005583
-0.000291,0.005542
-0.000291,0.005542
-0.000294,0.005518
-0.000294,0.005518
-0.000255,0.0055
-0.000235,0.005481
-0.000242,0.005449
-0.000249,0.005431
-0.000249,0.005413
-0.000197,0.005361
-0.000197,0.005361
-0.00013,0.005362
-0.00013,0.005362
-0.000187,0.005318
-0.000227,0.0053
-0.000227,0.0053
-0.000276,0.005296
-0.000278,0.005296
-0.000278,0.005296
-0.000285,0.005302
-0.000304,0.00532
-0.000277,0.005378
-0.000277,0.005378
-0.000277,0.005378
-0.000257,0.005423
-0.000257,0.005423
-0.000252,0.005441
-0.000222,0.005482
-0.000222,0.005482
-0.000206,0.005497
-0.000206,0.005497
-0.000201,0.005502
-0.000227,0.005511
-0.000272,0.00551
-0.000272,0.00551
-0.000272,0.00551
-0.00032,0.005523
-0.00032,0.005523
-0.000307,0.005491
-0.000285,0.005463
-0.000285,0.005463
-0.000278,0.005399
-0.000278,0.005399
-0.000275,0.005358
-0.000259,0.005343
-0.000255,0.005324
-0.000251,0.005312
-0.000251,0.005312
-0.00022,0.005303
-0.000195,0.005302
-0.000195,0.005302
-0.000208,0.005307
-0.000255,0.005317
-0.000256,0.005332
-0.000256,0.005332
-0.000262,0.005342
-0.000281,0.005358
-0.000264,0.005373
-0.00025,0.005393
-0.000251,0.005413
-0.000265,0.005432
-0.000259,0.00545
-0.000286,0.005486
-0.000291,0.005502
-0.00027,0.005522
-0.000262,0.005533
-0.000262,0.005533
-0.000262,0.005533
-0.000239,0.005549
-0.000251,0.005567
-0.000251,0.005567
-0.000288,0.005572
-0.000272,0.005563
-0.000284,0.005555
-0.000284,0.005555
-0.000301,0.005543
-0.000279,0.005497
-0.000246,0.005466
-0.000246,0.005466
-0.000235,0.005395
-0.000235,0.005395
-0.000198,0.005385
-0.00015,0.005401
-0.000139,0.005457
-0.000121,0.005641
-0.000121,0.005641
-0.000155,0.005741
-0.000165,0.006006
-0.00017,0.006179
-0.00017,0.006179
-0.00017,0.006374
-0.000181,0.006803
-0.000181,0.006803
-0.000266,0.007254
-0.000266,0.007254
-0.000265,0.007485
-0.00028,0.007929
-0.000294,0.008131
-0.000294,0.008131
-0.000331,0.008496
-0.000331,0.008496
-0.000341,0.008908
-0.000313,0.008987
-0.000313,0.008987
-0.000313,0.008987
-0.000316,0.009076
-0.000316,0.009076
-0.000303,0.009073
-0.000304,0.009041
-0.000308,0.008993
-0.000317,0.008943
-0.000309,0.008874
-0.000253,0.008721
-0.000253,0.008721
-6.6E-05,0.00855
-6.6E-05,0.00855
-7.6E-05,0.008524
-0.000108,0.008595
-0.000337,0.008708
-0.000649,0.008744
-0.000649,0.008744
-0.000765,0.008718
-0.000765,0.008718
-0.000712,0.008693
-0.000604,0.008626
-0.000425,0.008502
-0.000227,0.008279
-0.000149,0.008135
-0.000271,0.008051
-0.000271,0.008051
-0.000537,0.00806
-0.000537,0.00806
-0.000485,0.007872
-0.000336,0.007798
-0.000336,0.007798
-0.000211,0.007772
-0.000473,0.007771
-0.000473,0.007771
-0.000473,0.007771
-0.000533,0.00774
-0.000335,0.007757
-0.000335,0.007757
-0.000335,0.007757
-0.000219,0.007688
-0.000253,0.007692
-0.000253,0.007692
-0.000342,0.007733
-0.000507,0.007818
-0.000478,0.007815
-0.000478,0.007815
-0.000413,0.007754
-0.00034,0.00769
-0.000299,0.007637
-0.000379,0.007636
-0.000379,0.007636
-0.00045,0.007627
-0.000507,0.007618
-0.000498,0.007597
-0.000241,0.007502
-0.000241,0.007502
-0.000231,0.007431
-0.000231,0.007431
-0.000301,0.007407
-0.000387,0.007402
-0.00039,0.007433
-0.000343,0.00742
-0.000312,0.007383
-0.000287,0.007372
-0.000287,0.007372
-0.000299,0.00742
-0.000299,0.00742
-0.000276,0.007501
0.000222,0.007559
0.001122,0.007679
0.001122,0.007679
0.002648,0.007847
0.007843,0.0083
0.007843,0.0083
0.011456,0.008519
0.02017,0.008784
0.029969,0.009121
0.029969,0.009121
0.029969,0.009121
0.0349,0.009291
0.03985,0.009436
0.050226,0.009598
0.050226,0.009598
0.055752,0.009607
0.061592,0.009588
0.083372,0.009597
0.083372,0.009597
0.092358,0.009616
0.112118,0.009466
0.112118,0.009466
0.122437,0.009292
0.122437,0.009292
0.142942,0.009112
0.142942,0.009112
0.17528,0.009538
0.17528,0.009538
0.17528,0.009538
0.199657,0.009409
0.212844,0.009293
0.226376,0.009233
0.24014,0.009232
0.25387,0.009277
0.25387,0.009277
0.267659,0.009308
0.281459,0.009349
0.295854,0.009405
0.310668,0.00954
0.326054,0.009562
0.358454,0.009414
0.375253,0.009374
0.375253,0.009374
0.409636,0.009468
0.409636,0.009468
0.426998,0.00953
0.444733,0.009617
0.481194,0.009557
0.481194,0.009557
0.500019,0.009546
0.500019,0.009546
0.538746,0.00953
0.538746,0.00953
0.578702,0.009469
0.578702,0.009469
0.598893,0.009436
0.639078,0.009326
0.658733,0.009265
0.658733,0.009265
0.697048,0.00921
0.715606,0.009196
0.715606,0.009196
0.751597,0.009198
0.769108,0.009213
0.769108,0.009213
0.819808,0.009217
0.819808,0.009217
0.819808,0.009217
0.836095,0.009205
0.85202,0.009185
0.882795,0.00919
0.882795,0.00919
0.911992,0.009222
0.911992,0.009222
0.926082,0.009224
0.939862,0.009231
0.953311,0.009234
0.966423,0.009234
0.991739,0.009249
0.991739,0.009249
1.003888,0.009267
1.015639,0.009282
1.026964,0.009301
1.048687,0.009328
1.059088,0.009353
1.069095,0.00937
1.087857,0.009327
1.087857,0.009327
1.096807,0.009295
1.096807,0.009295
1.114025,0.009327
1.122196,0.009341
1.129838,0.009292
1.136729,0.009168
1.136729,0.009168
1.148281,0.009014
1.148281,0.009014
1.153105,0.00909
1.15756,0.009236
1.166253,0.009411
1.166253,0.009411
1.170899,0.009396
1.184875,0.009161
1.184875,0.009161
1.188722,0.009098
1.191872,0.00911
1.196181,0.009239
1.196181,0.009239
1.197634,0.009314
1.198653,0.009337
1.199668,0.009304
1.199668,0.009304
1.200332,0.009236
1.200568,0.009137
1.200358,0.009196
1.199999,0.009297
1.199999,0.009297
1.19937,0.009457
1.19937,0.009457
1.199656,0.009376
1.199656,0.009376
1.200359,0.009175
1.200497,0.009041
1.200497,0.009041
1.200431,0.008868
1.200271,0.008714
1.199873,0.008228
1.199873,0.008228
1.19995,0.007852
1.200557,0.006743
1.201079,0.006107
1.201347,0.005449
1.201511,0.004731
1.201574,0.003995
1.201579,0.002304
1.201579,0.002304
1.201778,0.001354
1.202137,0.000297
1.202622,-0.000865
1.203605,-0.003375
1.203605,-0.003375
1.203605,-0.003375
1.204202,-0.005992
1.204326,-0.007385
1.204326,-0.007385
1.204524,-0.008834
1.205361,-0.011942
1.205885,-0.013593
1.207068,-0.017016
1.207068,-0.017016
1.207503,-0.018749
1.207813,-0.020476
1.207813,-0.020476
1.208433,-0.024005
1.20889,-0.025824
1.20889,-0.025824
1.210015,-0.029658
1.210658,-0.031592
1.211208,-0.03354
1.211651,-0.035487
1.212007,-0.037436
1.212316,-0.039404
1.212791,-0.041376
1.212791,-0.041376
1.213284,-0.043399
1.21453,-0.047553
1.215118,-0.049628
1.215118,-0.049628
1.216004,-0.053754
1.216394,-0.055835
1.216796,-0.057933
1.216796,-0.057933
1.217962,-0.062254
1.217962,-0.062254
1.218593,-0.06448
1.219186,-0.066738
1.219711,-0.069021
1.220172,-0.071346
1.220641,-0.073777
1.221887,-0.079291
1.223548,-0.085735
1.224435,-0.089211
1.224435,-0.089211
1.224435,-0.089211
1.226142,-0.096587
1.226142,-0.096587
1.228763,-0.108388
1.228763,-0.108388
1.228763,-0.108388
1.230801,-0.116262
1.230801,-0.116262
1.231777,-0.120092
1.233432,-0.127294
1.234159,-0.130596
1.234159,-0.130596
1.234827,-0.133706
1.235518,-0.136623
1.236218,-0.139357
1.237475,-0.144311
1.237475,-0.144311
1.238019,-0.146566
1.238019,-0.146566
1.238534,-0.148763
1.238979,-0.150951
1.239415,-0.153141
1.240511,-0.157408
1.24107,-0.159477
1.241618,-0.161535
1.241618,-0.161535
1.242087,-0.163583
1.242503,-0.16561
1.243335,-0.169551
1.243335,-0.169551
1.24383,-0.171496
1.244793,-0.175395
1.244793,-0.175395
1.245752,-0.179189
1.245752,-0.179189
1.246539,-0.182828
1.247339,-0.186422
1.247339,-0.186422
1.247339,-0.186422
1.247789,-0.1882
1.248678,-0.191652
1.248678,-0.191652
1.249099,-0.193346
1.249787,-0.19666
1.249787,-0.19666
1.250135,-0.198267
1.250922,-0.2014
1.250922,-0.2014
1.251301,-0.202937
1.251696,-0.204443
1.252033,-0.205892
1.252622,-0.208622
1.252933,-0.209921
1.252933,-0.209921
1.253244,-0.211189
1.253559,-0.212415
1.253853,-0.213589
1.254139,-0.214696
1.25458,-0.216726
1.25479,-0.217669
1.25479,-0.217669
1.254984,-0.218561
1.255183,-0.219398
1.255599,-0.220894
1.255599,-0.220894
1.255915,-0.222165
1.255915,-0.222165
1.256084,-0.223179
1.256084,-0.223179
1.256186,-0.223587
1.256358,-0.22424
1.256435,-0.224485
1.256461,-0.224669
1.256515,-0.224786
1.256506,-0.224845
1.256489,-0.224854
1.256469,-0.224827
1.256469,-0.224827
1.256443,-0.224787
1.25644,-0.224784
1.256446,-0.224772
1.256446,-0.224772
1.256306,-0.224563
1.255011,-0.22209
1.253812,-0.219582
1.253812,-0.219582
1.252265,-0.21661
1.250402,-0.213687
1.246191,-0.208297
1.244095,-0.205298
1.244095,-0.205298
1.239312,-0.1965
1.239312,-0.1965
1.236516,-0.191041
1.233382,-0.18565
1.2297,-0.180274
1.221395,-0.168322
1.221395,-0.168322
1.216912,-0.161068
1.212548,-0.153502
1.208098,-0.146052
1.198894,-0.13098
1.198894,-0.13098
1.193994,-0.122544
1.183313,-0.103993
1.171581,-0.085141
1.171581,-0.085141
1.171581,-0.085141
1.165774,-0.075586
1.165774,-0.075586
1.146023,-0.040535
1.146023,-0.040535
1.141867,-0.033035
1.141867,-0.033035
1.133596,-0.016992
1.129563,-0.008925
1.125493,-0.00159
1.121271,0.00501
1.121271,0.00501
1.114295,0.016801
1.11139,0.022785
1.11139,0.022785
1.106665,0.033444
1.104527,0.038
1.104527,0.038
1.102624,0.041855
1.098943,0.048342
1.098943,0.048342
1.097365,0.050991
1.095993,0.053447
1.093986,0.058252
1.093278,0.060231
1.092818,0.061639
1.092818,0.061639
1.091781,0.062787
1.091781,0.062787
1.091757,0.062663
1.091783,0.06257
1.091783,0.06257
1.092132,0.062489
1.092132,0.062489
1.092311,0.06247
1.09223,0.062379
1.09223,0.062379
1.092011,0.062406
1.092011,0.062406
1.091861,0.062589
1.091861,0.062589
1.092059,0.062542
1.092059,0.062542
1.0922,0.062556
1.092139,0.06268
1.092139,0.06268
1.091993,0.062677
1.091839,0.06265
1.091835,0.062634
1.091875,0.062598
1.091875,0.062598
1.092174,0.062525
1.092174,0.062525
1.092194,0.062464
1.091965,0.062546
1.091965,0.062546
1.091965,0.062546
1.091844,0.062591
1.091863,0.062643
1.092092,0.062626
1.092092,0.062626
1.092177,0.062633
1.092177,0.062633
1.092186,0.062653
1.092068,0.062678
1.092019,0.062668
1.092019,0.062668
1.091916,0.062623
1.091985,0.062555
1.092106,0.062524
1.092106,0.062524
1.092235,0.062431
1.092176,0.062414
1.092076,0.062427
1.092076,0.062427
1.091962,0.06251
1.092005,0.062527
1.092005,0.062527
1.092088,0.062522
1.092133,0.062523
1.092175,0.062549
1.092144,0.062594
1.092011,0.062649
1.092011,0.062649
1.091924,0.06264
1.091924,0.06264
1.092049,0.06262
1.092049,0.06262
1.09209,0.062589
1.09197,0.062532
1.09197,0.062532
1.09197,0.062532
1.09196,0.062584
1.09196,0.062584
1.091987,0.062568
1.092054,0.062564
1.092097,0.062579
1.092097,0.062579
1.091994,0.062644
1.091994,0.062644
1.091994,0.062644
1.091982,0.062617
1.092017,0.062599
1.092017,0.062599
1.092136,0.062552
1.092136,0.062552
1.092147,0.06252
1.092138,0.062493
1.092082,0.062479
1.092028,0.062481
1.092028,0.062481
1.092031,0.062485
1.092081,0.062485
1.092124,0.062507
1.092123,0.062536
1.092123,0.062536
1.092108,0.062571
1.092023,0.062617
1.092023,0.062617
1.091971,0.062637
1.091971,0.062637
1.092005,0.062629
1.091811,0.062699
1.091811,0.062699
1.091811,0.062699
1.091811,0.062699
1.090299,0.063003
1.090299,0.063003
1.086824,0.063624
1.081079,0.064709
1.081079,0.064709
1.081079,0.064709
1.077461,0.065332
1.069212,0.066613
1.064784,0.067262
1.06047,0.06787
1.06047,0.06787
1.051855,0.068921
1.047372,0.069339
1.042701,0.069752
1.037733,0.070228
1.037733,0.070228
1.032236,0.070868
1.011332,0.072552
1.011332,0.072552
0.994812,0.074003
0.994812,0.074003
0.986263,0.075084
0.986263,0.075084
0.958351,0.077767
0.958351,0.077767
0.948714,0.078111
0.948714,0.078111
0.930749,0.080117
0.930749,0.080117
0.913537,0.082631
0.897747,0.082941
0.897747,0.082941
0.890722,0.083586
0.890722,0.083586
0.878355,0.085731
0.872784,0.086307
0.872784,0.086307
0.863199,0.086512
0.859182,0.087034
0.859182,0.087034
0.855497,0.08793
0.848029,0.088929
0.848029,0.088929
0.843801,0.088743
0.83879,0.088776
0.826393,0.089809
0.826393,0.089809
0.810977,0.090323
0.810977,0.090323
0.802476,0.090435
0.793722,0.090693
0.785026,0.091077
0.776406,0.091443
0.75918,0.091312
0.75918,0.091312
0.750117,0.091128
0.740706,0.091295
0.730589,0.091772
0.708062,0.092489
0.695909,0.092653
0.695909,0.092653
0.683421,0.093009
0.670685,0.093589
0.657962,0.09418
0.645115,0.094619
0.632143,0.094762
0.619148,0.094836
0.591887,0.095545
0.577443,0.096057
0.562303,0.096468
0.562303,0.096468
0.546649,0.096754
0.514584,0.097667
0.498325,0.09837
0.498325,0.09837
0.481921,0.098893
0.450525,0.099291
0.435732,0.099613
0.435732,0.099613
0.421386,0.100182
0.407425,0.100669
0.380564,0.100995
0.380564,0.100995
0.35504,0.101542
0.34267,0.101968
0.330549,0.1023
0.330549,0.1023
0.307295,0.102649
0.296238,0.102884
0.296238,0.102884
0.285562,0.103207
0.275179,0.103557
0.275179,0.103557
0.264993,0.103814
0.255085,0.103919
0.236456,0.104247
0.236456,0.104247
0.227949,0.104589
0.205424,0.10534
0.205424,0.10534
0.198821,0.105544
0.192706,0.105772
0.186966,0.105954
0.18155,0.106159
0.18155,0.106159
0.17641,0.106354
0.166495,0.106673
0.166495,0.106673
0.161712,0.106838
0.156977,0.107
0.148402,0.107173
0.148402,0.107173
0.141395,0.107138
0.138609,0.10701
0.136377,0.10683
0.136377,0.10683
0.134734,0.106521
0.133102,0.105885
0.133102,0.105885
0.132975,0.10519
0.132975,0.10519
0.133539,0.104253
0.133813,0.103727
0.133727,0.103214
0.133727,0.103214
0.13341,0.102643
0.132783,0.102085
0.131873,0.101458
0.129502,0.100168
0.129502,0.100168
0.128193,0.099507
0.125637,0.098067
0.123647,0.09639
0.123647,0.09639
0.122809,0.095467
0.122809,0.095467
0.122037,0.094559
0.121156,0.093619
0.120117,0.092669
0.117502,0.090641
0.117502,0.090641
0.114155,0.088539
0.112227,0.087444
0.110465,0.086323
0.108754,0.085072
0.108754,0.085072
0.107155,0.08376
0.10561,0.082408
0.104118,0.081021
0.100951,0.078212
0.100951,0.078212
0.09913,0.07675
0.094927,0.07374
0.094927,0.07374
0.09023,0.070528
0.088053,0.068861
0.08587,0.067232
0.08587,0.067232
0.083801,0.065538
0.079814,0.061964
0.077606,0.060116
0.075296,0.058161
0.072789,0.056338
0.070115,0.054569
0.067313,0.052817
0.062078,0.04899
0.059852,0.047198
0.059852,0.047198
0.057869,0.045613
0.057869,0.045613
0.056005,0.044178
0.052452,0.040939
0.050501,0.03929
0.048368,0.037839
0.046077,0.03645
0.046077,0.03645
0.042045,0.033729
0.040266,0.032284
0.038658,0.030838
0.038658,0.030838
0.035609,0.028035
0.035609,0.028035
0.031875,0.025341
0.031875,0.025341
0.025915,0.021246
0.025915,0.021246
0.024385,0.020043
0.022044,0.017717
0.022044,0.017717
0.020718,0.016532
0.020718,0.016532
0.017623,0.01425
0.017623,0.01425
0.015809,0.013191
0.014398,0.01226
0.013221,0.011434
0.012423,0.010646
0.010686,0.008548
0.010686,0.008548
0.010686,0.008548
0.009719,0.007912
0.007347,0.00665
0.006473,0.006045
0.006473,0.006045
0.005301,0.004946
0.005021,0.004421
0.005021,0.004421
0.003684,0.003452
0.003684,0.003452
0.002834,0.003003
0.001985,0.002582
0.001044,0.001944
0.000859,0.001651
0.000875,0.001407
0.000663,0.001217
0.000376,0.001072
0.000376,0.001072
-0.000214,0.000922
-0.000227,0.000888
-0.000227,0.000888
0.000241,0.000894
0.000241,0.000894
8.9E-05,0.000831
8.9E-05,0.000831
-0.000188,0.000838
-0.000143,0.000799
-0.000105,0.000782
0.000113,0.000778
0.000113,0.000778
0.000262,0.00077
4E-05,0.000748
4E-05,0.000748
-0.000119,0.000766
0.000163,0.000691
0.000163,0.000691
0.000163,0.000691
-1.2E-05,0.00068
-1.2E-05,0.00068
-1.2E-05,0.00068
-0.000107,0.000691
5E-05,0.000694
0.000177,0.000681
0.000177,0.000681
0.000121,0.00069
-5.7E-05,0.000702
-5.7E-05,0.000702
-6.4E-05,0.000688
-1.3E-05,0.000656
-1.3E-05,0.000656
0.000127,0.000629
0.000127,0.000629
5E-05,0.00061
5E-05,0.00061
-3.9E-05,0.000559
-3.9E-05,0.000559
2.3E-05,0.000521
0.000113,0.00045
0.000113,0.00045
-1E-05,0.000373
-1.8E-05,0.000301
4.8E-05,0.000243
4.8E-05,0.000243
4.8E-05,0.000243
8.4E-05,0.000211
-2.4E-05,0.000109
-2.4E-05,0.000109
-2.4E-05,0.000109
4.9E-05,2.4E-05
4.9E-05,2.4E-05
6.5E-05,-3.5E-05
6.5E-05,-3.5E-05
3.1E-05,-4.8E-05
-2.2E-05,-5.9E-05
-2.2E-05,-5.9E-05
-1.3E-05,-8.8E-05
5.7E-05,-0.000115
5.7E-05,-0.000115
2.4E-05,-0.000146
-1E-05,-0.00015
-3.2E-05,-0.000162
-2.4E-05,-0.000182
1.1E-05,-0.000195
1.1E-05,-0.000195
-1.1E-05,-0.000212
4.6E-05,-0.00025
4.6E-05,-0.00025
-1E-05,-0.000296
-1E-05,-0.000296
