-2e-05,1
-2e-05,2
-2e-05,3
-2e-05,4
-2.1e-05,5
-2e-05,6
-2e-05,7
-2e-05,8
-2.1e-05,9
-2e-05,10
-2e-05,11
-2e-05,12
-2.1e-05,13
-2e-05,14
-2e-05,15
-2e-05,16
-2e-05,17
-1.9e-05,18
-1.9e-05,19
-2e-05,20
-1.9e-05,21
-1.9e-05,22
-2e-05,23
-2e-05,24
-2e-05,25
-2e-05,26
-2e-05,27
-2e-05,28
-2e-05,29
-2e-05,30
-2e-05,31
-2e-05,32
-2e-05,33
-2e-05,34
-2e-05,35
-2e-05,36
-1.9e-05,37
-1.9e-05,38
-1.9e-05,39
-1.9e-05,40
-1.8e-05,41
-1.9e-05,42
-1.9e-05,43
-1.9e-05,44
-1.9e-05,45
-1.9e-05,46
-2e-05,47
-2e-05,48
-2e-05,49
-1.9e-05,50
-1.9e-05,51
-1.7e-05,52
-1.8e-05,53
-1.7e-05,54
-1.9e-05,55
-1.9e-05,56
-1.7e-05,57
-1.9e-05,58
-1.7e-05,59
-1.7e-05,60
-1.4999999999999999e-05,61
-1.6e-05,62
-2.2e-05,63
-2.2e-05,64
-2.2e-05,65
-2e-05,66
-2e-05,67
-1.8e-05,68
-1.4999999999999999e-05,69
-1.6e-05,70
-1.8e-05,71
-1.8e-05,72
-2.1e-05,73
-2.1e-05,74
-2.4e-05,75
-1.4999999999999999e-05,76
-1.4999999999999999e-05,77
-1.4999999999999999e-05,78
-1.4999999999999999e-05,79
-1.7e-05,80
-2e-05,81
-2.1e-05,82
-2.2e-05,83
-1.9e-05,84
-1.4999999999999999e-05,85
-1.4000000000000001e-05,86
-1.3000000000000001e-05,87
-1.4999999999999999e-05,88
-1.8e-05,89
-2.2e-05,90
-2.1e-05,91
-2.1e-05,92
-1.9e-05,93
-1.6e-05,94
-1.4999999999999999e-05,95
-1.4999999999999999e-05,96
-1.7e-05,97
-1.7e-05,98
-2e-05,99
-2e-05,100
-1.8e-05,101
-1.6e-05,102
-1.3000000000000001e-05,103
-1.4000000000000001e-05,104
-1.4000000000000001e-05,105
-1.4999999999999999e-05,106
-1.6e-05,107
-1.8e-05,108
-1.9e-05,109
-1.7e-05,110
-1.7e-05,111
-1.6e-05,112
-1.6e-05,113
-1.6e-05,114
-1.8e-05,115
-1.9e-05,116
-1.8e-05,117
-1.7e-05,118
-1.6e-05,119
-1.6e-05,120
-1.6e-05,121
-1.6e-05,122
-1.8e-05,123
-1.6e-05,124
-1.7e-05,125
-1.6e-05,126
-1.4999999999999999e-05,127
-1.4999999999999999e-05,128
-1.4999999999999999e-05,129
-1.6e-05,130
-1.7e-05,131
-1.6e-05,132
-1.6e-05,133
-1.6e-05,134
-1.6e-05,135
-1.4999999999999999e-05,136
-1.4999999999999999e-05,137
-1.6e-05,138
-1.4999999999999999e-05,139
-1.6e-05,140
-1.4999999999999999e-05,141
-1.6e-05,142
-1.4999999999999999e-05,143
-1.4999999999999999e-05,144
-1.4999999999999999e-05,145
-1.4999999999999999e-05,146
-1.7e-05,147
-1.6e-05,148
-1.6e-05,149
-1.6e-05,150
-1.4999999999999999e-05,151
-1.4999999999999999e-05,152
-1.4999999999999999e-05,153
-1.4999999999999999e-05,154
-1.6e-05,155
-1.6e-05,156
-1.4999999999999999e-05,157
-1.6e-05,158
-1.4999999999999999e-05,159
-1.4999999999999999e-05,160
-1.4999999999999999e-05,161
-1.4999999999999999e-05,162
-1.6e-05,163
-1.6e-05,164
-1.4999999999999999e-05,165
-1.6e-05,166
-1.6e-05,167
-1.6e-05,168
-1.6e-05,169
-1.6e-05,170
-1.4999999999999999e-05,171
-1.6e-05,172
-1.4999999999999999e-05,173
-1.6e-05,174
-1.7e-05,175
-1.7e-05,176
-1.4999999999999999e-05,177
-1.7e-05,178
-1.4999999999999999e-05,179
-1.6e-05,180
-1.4999999999999999e-05,181
-1.4999999999999999e-05,182
-1.6e-05,183
-1.6e-05,184
-1.6e-05,185
-1.4999999999999999e-05,186
-1.6e-05,187
-1.6e-05,188
-1.6e-05,189
-1.4999999999999999e-05,190
-1.4999999999999999e-05,191
-1.6e-05,192
-1.4999999999999999e-05,193
-1.4999999999999999e-05,194
-1.4999999999999999e-05,195
-1.4999999999999999e-05,196
-1.6e-05,197
-1.4999999999999999e-05,198
-1.7e-05,199
-1.4999999999999999e-05,200
-1.6e-05,201
-1.7e-05,202
-1.4999999999999999e-05,203
-1.6e-05,204
-1.6e-05,205
-1.4000000000000001e-05,206
-1.4000000000000001e-05,207
-1.7e-05,208
-1.4999999999999999e-05,209
-1.6e-05,210
-1.7e-05,211
-1.4000000000000001e-05,212
-1.4999999999999999e-05,213
-1.6e-05,214
-1.4999999999999999e-05,215
-1.8e-05,216
-1.4999999999999999e-05,217
-1.4999999999999999e-05,218
-1.6e-05,219
-1.6e-05,220
-1.4999999999999999e-05,221
-1.4999999999999999e-05,222
-1.7e-05,223
-1.7e-05,224
-1.6e-05,225
-1.4999999999999999e-05,226
-1.4999999999999999e-05,227
-1.7e-05,228
-1.4999999999999999e-05,229
-1.4999999999999999e-05,230
-1.4000000000000001e-05,231
-1.6e-05,232
-1.6e-05,233
-1.4000000000000001e-05,234
-1.4000000000000001e-05,235
-1.8e-05,236
-1.4999999999999999e-05,237
-1.6e-05,238
-1.6e-05,239
-1.4999999999999999e-05,240
-1.4999999999999999e-05,241
-1.4000000000000001e-05,242
-1.4000000000000001e-05,243
-1.6e-05,244
-1.7e-05,245
-1.4000000000000001e-05,246
-1.4000000000000001e-05,247
-1.4000000000000001e-05,248
-1.4000000000000001e-05,249
-1.8e-05,250
-1.6e-05,251
-1.4000000000000001e-05,252
-1.4999999999999999e-05,253
-1.4999999999999999e-05,254
-1.6e-05,255
-1.6e-05,256
-1.6e-05,257
-1.4999999999999999e-05,258
-1.4999999999999999e-05,259
-1.4999999999999999e-05,260
-1.6e-05,261
-1.6e-05,262
-1.4999999999999999e-05,263
-1.6e-05,264
-1.4999999999999999e-05,265
-1.4999999999999999e-05,266
-1.4999999999999999e-05,267
-1.4999999999999999e-05,268
-1.4999999999999999e-05,269
-1.6e-05,270
-1.4999999999999999e-05,271
-1.7e-05,272
-1.4999999999999999e-05,273
-1.6e-05,274
-1.6e-05,275
-1.7e-05,276
-1.4999999999999999e-05,277
-1.4999999999999999e-05,278
-1.4000000000000001e-05,279
-1.7e-05,280
-1.6e-05,281
-1.4999999999999999e-05,282
-1.4999999999999999e-05,283
-1.8e-05,284
-1.6e-05,285
-1.6e-05,286
-1.7e-05,287
-1.8e-05,288
-1.3000000000000001e-05,289
-1.4000000000000001e-05,290
-1.8e-05,291
-1.8e-05,292
-1.7e-05,293
-1.6e-05,294
-1.6e-05,295
-1.6e-05,296
-1.4999999999999999e-05,297
-1.8e-05,298
-1.8e-05,299
-1.8e-05,300
-1.4000000000000001e-05,301
-1.6e-05,302
-1.8e-05,303
-1.4999999999999999e-05,304
-1.4999999999999999e-05,305
-1.7e-05,306
-1.7e-05,307
-1.4000000000000001e-05,308
-1.4000000000000001e-05,309
-1.8e-05,310
-1.8e-05,311
-1.6e-05,312
-1.4999999999999999e-05,313
-1.7e-05,314
-2.2e-05,315
-1.6e-05,316
-1.1e-05,317
-1.8e-05,318
-1.8e-05,319
-1.4000000000000001e-05,320
-1.4000000000000001e-05,321
-1.6e-05,322
-2e-05,323
-1.4000000000000001e-05,324
-1.9e-05,325
-1.9e-05,326
-2.1e-05,327
-1.4999999999999999e-05,328
-1.3000000000000001e-05,329
-1.6e-05,330
-1.8e-05,331
-1.3000000000000001e-05,332
-1.4000000000000001e-05,333
-2.1e-05,334
-1.7e-05,335
-1.3000000000000001e-05,336
-1.4000000000000001e-05,337
-2e-05,338
-1.7e-05,339
-1.6e-05,340
-1.6e-05,341
-1.9e-05,342
-1.6e-05,343
-1.4999999999999999e-05,344
-1.4999999999999999e-05,345
-1.6e-05,346
-1.6e-05,347
-1.6e-05,348
-1.7e-05,349
-1.9e-05,350
-1.7e-05,351
-1.4000000000000001e-05,352
-1.4999999999999999e-05,353
-1.7e-05,354
-2.1e-05,355
-1.4999999999999999e-05,356
-1.4999999999999999e-05,357
-1.6e-05,358
-1.4999999999999999e-05,359
-1.4999999999999999e-05,360
-1.8e-05,361
-1.8e-05,362
-1.4000000000000001e-05,363
-1.4000000000000001e-05,364
-1.4000000000000001e-05,365
-1.4999999999999999e-05,366
-1.7e-05,367
-1.6e-05,368
-1.7e-05,369
-1.7e-05,370
-1.8e-05,371
-1.6e-05,372
-1.6e-05,373
-1.6e-05,374
-1.6e-05,375
-1.6e-05,376
-1.8e-05,377
-1.8e-05,378
-1.6e-05,379
-1.4000000000000001e-05,380
-1.6e-05,381
-1.7e-05,382
-1.7e-05,383
-1.6e-05,384
-1.7e-05,385
-1.8e-05,386
-1.8e-05,387
-1.4000000000000001e-05,388
-1.6e-05,389
-1.7e-05,390
-1.6e-05,391
-1.7e-05,392
-1.4999999999999999e-05,393
-1.6e-05,394
-1.7e-05,395
-1.6e-05,396
-1.4999999999999999e-05,397
-1.7e-05,398
-1.7e-05,399
-1.7e-05,400
-1.8e-05,401
-1.8e-05,402
-1.6e-05,403
-1.4000000000000001e-05,404
-1.4000000000000001e-05,405
-1.7e-05,406
-1.9e-05,407
-1.8e-05,408
-1.8e-05,409
-1.8e-05,410
-2e-05,411
-1.8e-05,412
-1.8e-05,413
-2e-05,414
-1.8e-05,415
-1.6e-05,416
-1.7e-05,417
-1.8e-05,418
-1.8e-05,419
-1.6e-05,420
-1.6e-05,421
-1.4999999999999999e-05,422
-1.3000000000000001e-05,423
-1.3000000000000001e-05,424
-1.4999999999999999e-05,425
-1.4999999999999999e-05,426
-1.7e-05,427
-2.1e-05,428
-2.1e-05,429
-1.4000000000000001e-05,430
-1.3000000000000001e-05,431
-1.4000000000000001e-05,432
-1.8e-05,433
-1.7e-05,434
-2e-05,435
-1.8e-05,436
-1.8e-05,437
-1.4999999999999999e-05,438
-1.7e-05,439
-1.8e-05,440
-1.6e-05,441
-1.4999999999999999e-05,442
-1.4999999999999999e-05,443
-1.6e-05,444
-1.7e-05,445
-1.4999999999999999e-05,446
-1.6e-05,447
-1.6e-05,448
-1.8e-05,449
-1.4999999999999999e-05,450
-1.4999999999999999e-05,451
-1.4999999999999999e-05,452
-1.7e-05,453
-1.9e-05,454
-1.9e-05,455
-1.9e-05,456
-1.9e-05,457
-1.6e-05,458
-1.6e-05,459
-1.8e-05,460
-1.8e-05,461
-1.7e-05,462
-1.7e-05,463
-1.4000000000000001e-05,464
-1.2e-05,465
-1.2e-05,466
-1.3000000000000001e-05,467
-1.6e-05,468
-1.6e-05,469
-1.7e-05,470
-1.4999999999999999e-05,471
-1.2e-05,472
-1.2e-05,473
-1.2e-05,474
-1.7e-05,475
-1.7e-05,476
-1.8e-05,477
-1.6e-05,478
-1.8e-05,479
-1.4000000000000001e-05,480
-1.6e-05,481
-1.6e-05,482
-1.4000000000000001e-05,483
-1.6e-05,484
-1.6e-05,485
-1.4999999999999999e-05,486
-1.4000000000000001e-05,487
-1.4000000000000001e-05,488
-1.7e-05,489
-1.7e-05,490
-1.7e-05,491
-1.6e-05,492
-1.6e-05,493
-1.6e-05,494
-1.4999999999999999e-05,495
-1.4000000000000001e-05,496
-1.6e-05,497
-1.6e-05,498
-1.7e-05,499
-1.6e-05,500
-1.4999999999999999e-05,501
-1.4999999999999999e-05,502
-1.6e-05,503
-1.7e-05,504
-1.4999999999999999e-05,505
-1.4999999999999999e-05,506
-1.1e-05,507
-1.2e-05,508
-1.3000000000000001e-05,509
-1.4999999999999999e-05,510
-1.4999999999999999e-05,511
-1.4000000000000001e-05,512
-1.4999999999999999e-05,513
-1.6e-05,514
-1.6e-05,515
-1.6e-05,516
-1.6e-05,517
-1.4999999999999999e-05,518
-1.4999999999999999e-05,519
-1.4999999999999999e-05,520
-1.4999999999999999e-05,521
-1.3000000000000001e-05,522
-1.3000000000000001e-05,523
-1.4000000000000001e-05,524
-1.4000000000000001e-05,525
-1.6e-05,526
-1.7e-05,527
-1.7e-05,528
-0.000122,529
-0.00011999999999999999,530
-0.000118,531
-0.000117,532
-0.000117,533
-0.000118,534
-0.000121,535
-0.000122,536
-0.000123,537
-0.000117,538
-0.000117,539
-0.000117,540
-0.00011599999999999999,541
-0.00011599999999999999,542
-0.00011599999999999999,543
-0.00011899999999999999,544
-0.000122,545
-0.000121,546
-0.000122,547
-0.000122,548
-0.00011899999999999999,549
-0.000118,550
-0.000117,551
-0.000117,552
-0.00011899999999999999,553
-0.00011999999999999999,554
-0.00011999999999999999,555
-0.00011999999999999999,556
-0.00011999999999999999,557
-0.00011899999999999999,558
-0.00011899999999999999,559
-0.000118,560
-0.000117,561
-0.000117,562
-0.000117,563
-0.00011999999999999999,564
-0.00011899999999999999,565
-0.000121,566
-0.000121,567
-0.000121,568
-0.000118,569
-0.00011499999999999999,570
-0.00011499999999999999,571
-0.00011499999999999999,572
-0.00011599999999999999,573
-0.00011599999999999999,574
-0.00011599999999999999,575
-0.00011899999999999999,576
-0.000117,577
-0.000117,578
-0.00011499999999999999,579
-0.00011399999999999999,580
-0.00011399999999999999,581
-0.000113,582
-0.000113,583
-0.00011399999999999999,584
-0.00011399999999999999,585
-0.00011499999999999999,586
-0.00011499999999999999,587
-0.00011399999999999999,588
-0.00011200000000000001,589
-0.00011100000000000001,590
-0.00011,591
-0.00011,592
-0.00011,593
-0.000109,594
-0.000109,595
-0.00011,596
-0.00010800000000000001,597
-0.00010800000000000001,598
-0.00010700000000000001,599
-0.00010700000000000001,600
-0.000106,601
-0.000105,602
-0.000105,603
-0.00010400000000000001,604
-0.00010400000000000001,605
-0.000103,606
-0.000106,607
-0.00010400000000000001,608
-0.000103,609
-0.000103,610
-0.000103,611
-0.000102,612
-0.000102,613
-0.000102,614
-0.000102,615
-0.000101,616
-0.000101,617
-9.9e-05,618
-9.9e-05,619
-9.9e-05,620
-0.000101,621
-0.000101,622
-0.000101,623
-0.0001,624
-0.0001,625
-9.8e-05,626
-9.8e-05,627
-9.8e-05,628
-9.9e-05,629
-9.9e-05,630
-9.9e-05,631
-0.0001,632
-9.9e-05,633
-9.8e-05,634
-9.8e-05,635
-9.8e-05,636
-9.8e-05,637
-9.8e-05,638
-9.9e-05,639
-9.9e-05,640
-9.9e-05,641
-9.8e-05,642
-9.9e-05,643
-9.9e-05,644
-9.9e-05,645
-9.9e-05,646
-9.8e-05,647
-9.8e-05,648
-9.8e-05,649
-9.8e-05,650
-9.8e-05,651
-9.7e-05,652
-9.8e-05,653
-9.8e-05,654
-9.8e-05,655
-9.8e-05,656
-9.8e-05,657
-9.8e-05,658
-9.9e-05,659
-0.0001,660
-9.9e-05,661
-9.8e-05,662
-9.8e-05,663
-9.9e-05,664
-9.9e-05,665
-0.0001,666
-0.0001,667
-0.0001,668
-9.8e-05,669
-9.8e-05,670
-9.6e-05,671
-9.6e-05,672
-9.7e-05,673
-9.6e-05,674
-9.6e-05,675
-9.6e-05,676
-9.6e-05,677
-9.6e-05,678
-9.499999999999999e-05,679
-9.7e-05,680
-9.7e-05,681
-9.7e-05,682
-9.6e-05,683
-9.7e-05,684
-9.7e-05,685
-9.6e-05,686
-9.7e-05,687
-9.7e-05,688
-9.7e-05,689
-9.7e-05,690
-9.7e-05,691
-9.9e-05,692
-0.0001,693
-0.0001,694
-0.0001,695
-9.9e-05,696
-9.9e-05,697
-9.9e-05,698
-9.9e-05,699
-0.0001,700
-0.0001,701
-0.000101,702
-0.0001,703
-0.0001,704
-0.0001,705
-0.000101,706
-0.0001,707
-9.9e-05,708
-9.9e-05,709
-0.0001,710
-0.0001,711
-0.0001,712
-0.0001,713
-9.9e-05,714
-9.9e-05,715
-9.8e-05,716
-9.7e-05,717
-9.7e-05,718
-0.00016999999999999999,719
-0.000661,720
-0.0017350000000000002,721
-0.003315,722
-0.005212,723
-0.007259999999999999,724
-0.012095999999999999,725
-0.012095999999999999,726
-0.015558,727
-0.019296999999999998,728
-0.023384000000000002,729
-0.027899,730
-0.032783,731
-0.038057,732
-0.043648,733
-0.049569,734
-0.055836000000000004,735
-0.069263,736
-0.069263,737
-0.076428,738
-0.08394,739
-0.091766,740
-0.099874,741
-0.108268,742
-0.144451,743
-0.144451,744
-0.144451,745
-0.144451,746
-0.15416300000000002,747
-0.17419,748
-0.17419,749
-0.184527,750
-0.19509200000000002,751
-0.205925,752
-0.216692,753
-0.227206,754
-0.247567,755
-0.247567,756
-0.257431,757
-0.267094,758
-0.276472,759
-0.294446,760
-0.294446,761
-0.302912,762
-0.31109000000000003,763
-0.318959,764
-0.326459,765
-0.33355999999999997,766
-0.340375,767
-0.346878,768
-0.353059,769
-0.358912,770
-0.364352,771
-0.36941199999999996,772
-0.378452,773
-0.378452,774
-0.382338,775
-0.386023,776
-0.391521,777
-0.391521,778
-0.393545,779
-0.395377,780
-0.397003,781
-0.398343,782
-0.399814,783
-0.399814,784
-0.399908,785
-0.399912,786
-0.399912,787
-0.399912,788
-0.399911,789
-0.39991,790
-0.39991,791
-0.39991,792
-0.399909,793
-0.399909,794
-0.399911,795
-0.399912,796
-0.399912,797
-0.399911,798
-0.399911,799
-0.399911,800
-0.39991,801
-0.39991,802
-0.399909,803
-0.39991,804
-0.399912,805
-0.399911,806
-0.399911,807
-0.39991,808
-0.39991,809
-0.399909,810
-0.399908,811
-0.399908,812
-0.39991,813
-0.399911,814
-0.399911,815
-0.399911,816
-0.39991,817
-0.39991,818
-0.399908,819
-0.399908,820
-0.399908,821
-0.39991,822
-0.399911,823
-0.399911,824
-0.399911,825
-0.399911,826
-0.39991,827
-0.39991,828
-0.399909,829
-0.399909,830
-0.39991,831
-0.399911,832
-0.399911,833
-0.399911,834
-0.399911,835
-0.399911,836
-0.399911,837
-0.399909,838
-0.399909,839
-0.39991,840
-0.399911,841
-0.399911,842
-0.399911,843
-0.399911,844
-0.39991,845
-0.39991,846
-0.399909,847
-0.399908,848
-0.399909,849
-0.399911,850
-0.399911,851
-0.399911,852
-0.39991,853
-0.39991,854
-0.39991,855
-0.399909,856
-0.399909,857
-0.39991,858
-0.399911,859
-0.399911,860
-0.399911,861
-0.399911,862
-0.399911,863
-0.399911,864
-0.399911,865
-0.39991,866
-0.399911,867
-0.399911,868
-0.399911,869
-0.399912,870
-0.399912,871
-0.399911,872
-0.399911,873
-0.399911,874
-0.399911,875
-0.39991,876
-0.399911,877
-0.399912,878
-0.399912,879
-0.399911,880
-0.399911,881
-0.39991,882
-0.39991,883
-0.399909,884
-0.399909,885
-0.399909,886
-0.39991,887
-0.399911,888
-0.399911,889
-0.399909,890
-0.399909,891
-0.39991,892
-0.399909,893
-0.399909,894
-0.39991,895
-0.399911,896
-0.399911,897
-0.399911,898
-0.39991,899
-0.39991,900
-0.39991,901
-0.399909,902
-0.39991,903
-0.399911,904
-0.39991,905
-0.39991,906
-0.39991,907
-0.399909,908
-0.399911,909
-0.399911,910
-0.399911,911
-0.399911,912
-0.39991,913
-0.399911,914
-0.399911,915
-0.399911,916
-0.399911,917
-0.39991,918
-0.399909,919
-0.399909,920
-0.399909,921
-0.399909,922
-0.39991,923
-0.399911,924
-0.399911,925
-0.39991,926
-0.399909,927
-0.399909,928
-0.399909,929
-0.399909,930
-0.399909,931
-0.39991,932
-0.399911,933
-0.399911,934
-0.399911,935
-0.399909,936
-0.399909,937
-0.399909,938
-0.39991,939
-0.39991,940
-0.39991,941
-0.399911,942
-0.399911,943
-0.39991,944
-0.39991,945
-0.399909,946
-0.399909,947
-0.399909,948
-0.399909,949
-0.39991,950
-0.39991,951
-0.39991,952
-0.39991,953
-0.399909,954
-0.399909,955
-0.399909,956
-0.39991,957
-0.399909,958
-0.39991,959
-0.399911,960
-0.399911,961
-0.399911,962
-0.39991,963
-0.399909,964
-0.399909,965
-0.399908,966
-0.39991,967
-0.39991,968
-0.39991,969
-0.39991,970
-0.39991,971
-0.39991,972
-0.39991,973
-0.39991,974
-0.39991,975
-0.39991,976
-0.39991,977
-0.39991,978
-0.399911,979
-0.39991,980
-0.399911,981
-0.399909,982
-0.399909,983
-0.399909,984
-0.399909,985
-0.399909,986
-0.399911,987
-0.39991,988
-0.39991,989
-0.399909,990
-0.399911,991
-0.39991,992
-0.39991,993
-0.39991,994
-0.399908,995
-0.399908,996
-0.39991,997
-0.39991,998
-0.399909,999
-0.39991,1000
-0.399909,1001
-0.399909,1002
-0.399908,1003
-0.399909,1004
-0.399909,1005
-0.399909,1006
-0.39991,1007
-0.399909,1008
-0.399909,1009
-0.399908,1010
-0.399908,1011
-0.399908,1012
-0.399909,1013
-0.399909,1014
-0.39991,1015
-0.39991,1016
-0.39991,1017
-0.39991,1018
-0.39991,1019
-0.399908,1020
-0.399909,1021
-0.399909,1022
-0.399907,1023
-0.399907,1024
-0.399908,1025
-0.399908,1026
-0.399909,1027
-0.399911,1028
-0.399909,1029
-0.39991,1030
-0.399909,1031
-0.399908,1032
-0.399908,1033
-0.399908,1034
-0.399909,1035
-0.399909,1036
-0.399909,1037
-0.39991,1038
-0.39991,1039
-0.39991,1040
-0.399909,1041
-0.399909,1042
-0.399908,1043
-0.399909,1044
-0.399909,1045
-0.39991,1046
-0.39991,1047
-0.399911,1048
-0.39991,1049
-0.399909,1050
-0.399909,1051
-0.399909,1052
-0.399909,1053
-0.39991,1054
-0.39991,1055
-0.39991,1056
-0.399911,1057
-0.399911,1058
-0.39991,1059
-0.399907,1060
-0.399907,1061
-0.399907,1062
-0.399909,1063
-0.399911,1064
-0.399911,1065
-0.399911,1066
-0.399912,1067
-0.399911,1068
-0.399909,1069
-0.39991,1070
-0.399909,1071
-0.399909,1072
-0.399909,1073
-0.39991,1074
-0.399912,1075
-0.399911,1076
-0.399912,1077
-0.399909,1078
-0.399909,1079
-0.399908,1080
-0.399909,1081
-0.399909,1082
-0.39991,1083
-0.399911,1084
-0.399912,1085
-0.399911,1086
-0.39991,1087
-0.399911,1088
-0.399909,1089
-0.399908,1090
-0.399909,1091
-0.39991,1092
-0.39991,1093
-0.399912,1094
-0.399912,1095
-0.399912,1096
-0.399911,1097
-0.399909,1098
-0.399908,1099
-0.399909,1100
-0.399908,1101
-0.399911,1102
-0.399911,1103
-0.399913,1104
-0.399911,1105
-0.399912,1106
-0.39991,1107
-0.399909,1108
-0.399908,1109
-0.399909,1110
-0.39991,1111
-0.399912,1112
-0.399912,1113
-0.399912,1114
-0.399912,1115
-0.399911,1116
-0.39991,1117
-0.399909,1118
-0.39991,1119
-0.39991,1120
-0.39991,1121
-0.399912,1122
-0.399912,1123
-0.399911,1124
-0.399911,1125
-0.39991,1126
-0.399909,1127
-0.399908,1128
-0.399908,1129
-0.39991,1130
-0.399911,1131
-0.399912,1132
-0.399912,1133
-0.399912,1134
-0.399911,1135
-0.399909,1136
-0.399909,1137
-0.399909,1138
-0.399909,1139
-0.39991,1140
-0.399911,1141
-0.399911,1142
-0.399911,1143
-0.39991,1144
-0.399909,1145
-0.399908,1146
-0.399908,1147
-0.399909,1148
-0.39991,1149
-0.39991,1150
-0.399911,1151
-0.399911,1152
-0.39991,1153
-0.39991,1154
-0.399909,1155
-0.399908,1156
-0.399908,1157
-0.399908,1158
-0.39991,1159
-0.399911,1160
-0.399912,1161
-0.399912,1162
-0.399912,1163
-0.39991,1164
-0.399909,1165
-0.399909,1166
-0.399909,1167
-0.39991,1168
-0.39991,1169
-0.399911,1170
-0.399912,1171
-0.399912,1172
-0.399912,1173
-0.39991,1174
-0.39991,1175
-0.399909,1176
-0.399908,1177
-0.399909,1178
-0.39991,1179
-0.399911,1180
-0.399912,1181
-0.399912,1182
-0.399912,1183
-0.39991,1184
-0.39991,1185
-0.39991,1186
-0.39991,1187
-0.399911,1188
-0.399912,1189
-0.399912,1190
-0.399913,1191
-0.399913,1192
-0.399912,1193
-0.399912,1194
-0.399911,1195
-0.399911,1196
-0.399911,1197
-0.399911,1198
-0.399914,1199
-0.399914,1200
-0.399913,1201
-0.399913,1202
-0.399912,1203
-0.399911,1204
-0.399911,1205
-0.39991,1206
-0.399911,1207
-0.399913,1208
-0.399913,1209
-0.399913,1210
-0.399913,1211
-0.399912,1212
-0.399912,1213
-0.399911,1214
-0.39991,1215
-0.399911,1216
-0.399911,1217
-0.399912,1218
-0.399913,1219
-0.399914,1220
-0.399913,1221
-0.399912,1222
-0.399911,1223
-0.39991,1224
-0.39991,1225
-0.399911,1226
-0.399911,1227
-0.399913,1228
-0.399913,1229
-0.399913,1230
-0.399911,1231
-0.39991,1232
-0.39991,1233
-0.39991,1234
-0.399911,1235
-0.399911,1236
-0.399912,1237
-0.399912,1238
-0.399912,1239
-0.399912,1240
-0.39991,1241
-0.39991,1242
-0.39991,1243
-0.39991,1244
-0.39991,1245
-0.39991,1246
-0.399912,1247
-0.399913,1248
-0.399912,1249
-0.399911,1250
-0.399909,1251
-0.399909,1252
-0.399909,1253
-0.399909,1254
-0.399911,1255
-0.399911,1256
-0.399912,1257
-0.399912,1258
-0.399911,1259
-0.39991,1260
-0.399909,1261
-0.39991,1262
-0.399909,1263
-0.39991,1264
-0.399913,1265
-0.399913,1266
-0.39991,1267
-0.399912,1268
-0.399911,1269
-0.39991,1270
-0.39991,1271
-0.399907,1272
-0.399909,1273
-0.399911,1274
-0.399911,1275
-0.399912,1276
-0.399912,1277
-0.399912,1278
-0.39991,1279
-0.399905,1280
-0.399905,1281
-0.399907,1282
-0.399911,1283
-0.399914,1284
-0.399914,1285
-0.399914,1286
-0.399909,1287
-0.399909,1288
-0.399907,1289
-0.399907,1290
-0.399909,1291
-0.399909,1292
-0.39991,1293
-0.399915,1294
-0.399913,1295
-0.399913,1296
-0.39991,1297
-0.39991,1298
-0.39991,1299
-0.39991,1300
-0.399909,1301
-0.399912,1302
-0.399912,1303
-0.399912,1304
-0.399912,1305
-0.399913,1306
-0.399911,1307
-0.399906,1308
-0.399906,1309
-0.399906,1310
-0.399908,1311
-0.399913,1312
-0.399912,1313
-0.399917,1314
-0.399917,1315
-0.399917,1316
-0.399909,1317
-0.399909,1318
-0.399909,1319
-0.399909,1320
-0.399909,1321
-0.399909,1322
-0.399913,1323
-0.399916,1324
-0.399915,1325
-0.399913,1326
-0.399907,1327
-0.399907,1328
-0.399907,1329
-0.39991,1330
-0.39991,1331
-0.399914,1332
-0.399914,1333
-0.399914,1334
-0.399912,1335
-0.399909,1336
-0.399836,1337
-0.399347,1338
-0.398275,1339
-0.39669899999999997,1340
-0.394802,1341
-0.392755,1342
-0.39057600000000003,1343
-0.387919,1344
-0.384454,1345
-0.372112,1346
-0.372112,1347
-0.361953,1348
-0.361953,1349
-0.361953,1350
-0.356365,1351
-0.350445,1352
-0.344179,1353
-0.33761399999999997,1354
-0.330751,1355
-0.323583,1356
-0.31607199999999996,1357
-0.308245,1358
-0.300137,1359
-0.291745,1360
-0.291745,1361
-0.274165,1362
-0.265,1363
-0.255562,1364
-0.245848,1365
-0.23594099999999998,1366
-0.225825,1367
-0.21548899999999999,1368
-0.19409200000000001,1369
-0.19409200000000001,1370
-0.183326,1371
-0.172809,1372
-0.16252,1373
-0.152448,1374
-0.12354100000000001,1375
-0.12354100000000001,1376
-0.11443299999999999,1377
-0.097104,1378
-0.097104,1379
-0.097104,1380
-0.088925,1381
-0.081055,1382
-0.073555,1383
-0.066452,1384
-0.059638,1385
-0.053135,1386
-0.0411,1387
-0.0411,1388
-0.035658999999999996,1389
-0.021555,1390
-0.021555,1391
-0.021555,1392
-0.021555,1393
-0.013985,1394
-0.010832,1395
-0.008486,1396
-0.006462999999999999,1397
-0.004632,1398
-0.003006,1399
-0.001663,1400
-0.00018899999999999999,1401
-0.00018899999999999999,1402
-9.6e-05,1403
-9.7e-05,1404
-9.7e-05,1405
-9.499999999999999e-05,1406
-9.499999999999999e-05,1407
-9.499999999999999e-05,1408
-9.4e-05,1409
-9.499999999999999e-05,1410
-9.499999999999999e-05,1411
-9.499999999999999e-05,1412
-9.499999999999999e-05,1413
-9.499999999999999e-05,1414
-9.6e-05,1415
-9.499999999999999e-05,1416
-9.499999999999999e-05,1417
-9.499999999999999e-05,1418
-9.300000000000001e-05,1419
-9.300000000000001e-05,1420
-9.6e-05,1421
-9.499999999999999e-05,1422
-9.499999999999999e-05,1423
-9.499999999999999e-05,1424
-9.499999999999999e-05,1425
-9.7e-05,1426
-9.7e-05,1427
-9.7e-05,1428
-9.6e-05,1429
-9.7e-05,1430
-9.9e-05,1431
-9.8e-05,1432
-9.9e-05,1433
-9.9e-05,1434
-9.8e-05,1435
-9.7e-05,1436
-9.6e-05,1437
-9.6e-05,1438
-9.7e-05,1439
-9.9e-05,1440
-0.0001,1441
-0.000102,1442
-0.000102,1443
-0.0001,1444
-9.9e-05,1445
-9.9e-05,1446
-9.9e-05,1447
-9.7e-05,1448
-9.9e-05,1449
-0.000102,1450
-0.00010400000000000001,1451
-0.000103,1452
-0.00010400000000000001,1453
-0.000102,1454
-0.000101,1455
-0.000102,1456
-0.000101,1457
-0.00010400000000000001,1458
-0.000106,1459
-0.000109,1460
-0.000109,1461
-0.00010700000000000001,1462
-0.00010700000000000001,1463
-0.00010700000000000001,1464
-0.000106,1465
-0.000105,1466
-0.00011100000000000001,1467
-0.00011399999999999999,1468
-0.00011399999999999999,1469
-0.00011399999999999999,1470
-0.00011599999999999999,1471
-0.000117,1472
-0.000117,1473
-0.00011399999999999999,1474
-0.000113,1475
-0.00011200000000000001,1476
-0.00011499999999999999,1477
-0.000117,1478
-0.000118,1479
-0.00011999999999999999,1480
-0.00011899999999999999,1481
-0.000117,1482
-0.00011399999999999999,1483
-0.00011399999999999999,1484
-0.00011499999999999999,1485
-0.00011899999999999999,1486
-0.00011899999999999999,1487
-0.00011899999999999999,1488
-0.00011899999999999999,1489
-0.00011999999999999999,1490
-0.00011899999999999999,1491
-0.000117,1492
-0.000118,1493
-0.000118,1494
-0.000118,1495
-0.000118,1496
-0.000118,1497
-0.000118,1498
-0.00011899999999999999,1499
-0.00011899999999999999,1500
-0.00011899999999999999,1501
-0.000122,1502
-0.000123,1503
-0.000122,1504
-0.00011999999999999999,1505
-0.00011499999999999999,1506
-0.00011499999999999999,1507
-0.00011599999999999999,1508
-0.00011599999999999999,1509
-0.000117,1510
-0.00011899999999999999,1511
-0.000121,1512
-0.000121,1513
-0.000117,1514
-0.000117,1515
-0.000118,1516
-0.000118,1517
-0.000118,1518
-0.00011899999999999999,1519
-0.00011899999999999999,1520
-0.00011999999999999999,1521
-0.00011899999999999999,1522
-0.00011899999999999999,1523
-0.000118,1524
-0.000117,1525
-0.00011599999999999999,1526
-0.000117,1527
-0.000117,1528
-0.000118,1529
-0.000117,1530
-0.00011599999999999999,1531
-0.00011599999999999999,1532
-0.00011599999999999999,1533
-0.00011599999999999999,1534
-0.00011499999999999999,1535
-0.00011599999999999999,1536
-0.000117,1537
-0.000117,1538
-0.00011599999999999999,1539
-0.000117,1540
-0.000117,1541
-0.00011399999999999999,1542
-0.00011399999999999999,1543
-0.00011499999999999999,1544
-0.000117,1545
-0.00011599999999999999,1546
-0.00011599999999999999,1547
-0.00011499999999999999,1548
-0.00011499999999999999,1549
-0.00011499999999999999,1550
-0.00011499999999999999,1551
-0.00011599999999999999,1552
-0.00011499999999999999,1553
-0.000117,1554
-0.00011499999999999999,1555
-0.00011599999999999999,1556
-0.00011599999999999999,1557
-0.00011499999999999999,1558
-0.00011599999999999999,1559
-0.00011599999999999999,1560
-0.00011599999999999999,1561
-0.000117,1562
-0.00011599999999999999,1563
-0.00011599999999999999,1564
-0.000117,1565
-0.00011599999999999999,1566
-0.00011399999999999999,1567
-0.00011599999999999999,1568
-0.00011599999999999999,1569
-0.000117,1570
-0.000117,1571
-0.00011499999999999999,1572
-0.00011499999999999999,1573
-0.00011499999999999999,1574
-0.00011499999999999999,1575
-0.00011499999999999999,1576
-0.00011599999999999999,1577
-0.00011499999999999999,1578
-0.00011399999999999999,1579
-0.000113,1580
-0.00011499999999999999,1581
-0.000113,1582
-0.00011599999999999999,1583
-0.000117,1584
-0.000118,1585
-0.00011899999999999999,1586
-0.00011599999999999999,1587
-0.00011499999999999999,1588
-0.000118,1589
-0.000118,1590
-0.00011599999999999999,1591
-0.00011599999999999999,1592
-0.00011599999999999999,1593
-0.00011200000000000001,1594
-0.00011200000000000001,1595
-0.000113,1596
-0.000117,1597
-0.000117,1598
-0.00011899999999999999,1599
-0.00011899999999999999,1600
-0.00011899999999999999,1601
-0.000118,1602
-0.000118,1603
-0.00011899999999999999,1604
-0.00011899999999999999,1605
-0.00011899999999999999,1606
-0.00011899999999999999,1607
-0.000118,1608
-0.00011499999999999999,1609
-0.00011499999999999999,1610
-0.000117,1611
-0.000118,1612
-0.000118,1613
-0.000118,1614
-0.000118,1615
-0.000118,1616
-0.00011599999999999999,1617
-0.00011599999999999999,1618
-0.00011499999999999999,1619
-0.000117,1620
-0.000118,1621
-0.000118,1622
-0.000117,1623
-0.000118,1624
-0.000118,1625
-0.000117,1626
-0.000117,1627
-0.000117,1628
-0.000117,1629
-0.000118,1630
-0.000118,1631
-0.000118,1632
-0.000117,1633
-0.000117,1634
-0.000117,1635
-0.00011599999999999999,1636
-0.000117,1637
-0.000117,1638
-0.000118,1639
-0.000118,1640
-0.000118,1641
-0.000118,1642
-0.000117,1643
-0.000118,1644
-0.000117,1645
-0.000117,1646
-0.000118,1647
-0.000117,1648
-0.000117,1649
-0.00011599999999999999,1650
-0.00011599999999999999,1651
-0.00011599999999999999,1652
-0.000117,1653
-0.000117,1654
-0.00011599999999999999,1655
-0.000117,1656
-0.00011599999999999999,1657
-0.00011599999999999999,1658
-0.00011599999999999999,1659
-0.00011599999999999999,1660
-0.000117,1661
-0.000118,1662
-0.000118,1663
-0.000117,1664
-0.00011599999999999999,1665
-0.00011599999999999999,1666
-0.00011499999999999999,1667
-0.00011499999999999999,1668
-0.000117,1669
-0.000117,1670
-0.000117,1671
-0.000117,1672
-0.000117,1673
-0.00011599999999999999,1674
-0.00011599999999999999,1675
-0.00011599999999999999,1676
-0.00011599999999999999,1677
-0.000118,1678
-0.000117,1679
-0.00011599999999999999,1680
-0.000117,1681
-0.000117,1682
-0.00011599999999999999,1683
-0.00011599999999999999,1684
-0.00011599999999999999,1685
-0.000118,1686
-0.000118,1687
-0.000117,1688
-0.00011599999999999999,1689
-0.00011599999999999999,1690
-0.00011599999999999999,1691
-0.00011599999999999999,1692
-0.00011599999999999999,1693
-0.000117,1694
-0.000117,1695
-0.000117,1696
-0.000117,1697
-0.000117,1698
-0.000117,1699
-0.000117,1700
-0.00011599999999999999,1701
-0.00011599999999999999,1702
-0.00011599999999999999,1703
-0.000117,1704
-0.00011599999999999999,1705
-0.00011599999999999999,1706
-0.000117,1707
-0.00011599999999999999,1708
-0.00011599999999999999,1709
-0.00011499999999999999,1710
-0.00011499999999999999,1711
-0.000118,1712
-0.000117,1713
-0.000117,1714
-0.000117,1715
-0.000118,1716
-0.000117,1717
-0.000117,1718
-0.000117,1719
-0.000117,1720
-0.000117,1721
-0.00011599999999999999,1722
-0.00011599999999999999,1723
-0.000117,1724
-0.000117,1725
-0.000117,1726
-0.00011599999999999999,1727
-0.000117,1728
-0.00011599999999999999,1729
-0.000117,1730
-0.000117,1731
-0.000117,1732
-0.000117,1733
-0.000117,1734
-0.00011599999999999999,1735
-0.000117,1736
-0.000117,1737
-0.000118,1738
-0.000117,1739
-0.00011899999999999999,1740
-0.00011899999999999999,1741
-0.00011499999999999999,1742
-0.00011499999999999999,1743
-0.00011599999999999999,1744
-0.00011599999999999999,1745
-0.00011999999999999999,1746
-0.00011999999999999999,1747
-0.000118,1748
-0.00011599999999999999,1749
-0.00011999999999999999,1750
-0.00011599999999999999,1751
-0.00011100000000000001,1752
-0.00011399999999999999,1753
-0.000123,1754
-0.00011899999999999999,1755
-0.000113,1756
-0.000121,1757
-0.00011499999999999999,1758
-0.00011499999999999999,1759
-0.000118,1760
-0.000118,1761
-0.000118,1762
-0.000118,1763
-0.00011499999999999999,1764
-0.00011599999999999999,1765
-0.00011999999999999999,1766
-0.000118,1767
-0.000113,1768
-0.00011499999999999999,1769
-0.00011899999999999999,1770
-0.000118,1771
-0.00011499999999999999,1772
-0.00011399999999999999,1773
-0.000121,1774
-0.000122,1775
-0.00011399999999999999,1776
-0.00011999999999999999,1777
-0.00011999999999999999,1778
-0.000124,1779
-0.00011499999999999999,1780
-0.00011100000000000001,1781
-0.000117,1782
-0.00011999999999999999,1783
-0.000117,1784
-0.00011399999999999999,1785
-0.00011899999999999999,1786
-0.000122,1787
-0.000118,1788
-0.00011499999999999999,1789
-0.000118,1790
-0.000121,1791
-0.00011599999999999999,1792
-0.00011399999999999999,1793
-0.000117,1794
-0.00011999999999999999,1795
-0.00011599999999999999,1796
-0.000118,1797
-0.000118,1798
-0.00011999999999999999,1799
-0.000117,1800
-0.00011499999999999999,1801
-0.00011899999999999999,1802
-0.00011899999999999999,1803
-0.000117,1804
-0.00011599999999999999,1805
-0.000118,1806
-0.000121,1807
-0.00011599999999999999,1808
-0.00011599999999999999,1809
-0.00011599999999999999,1810
-0.00011899999999999999,1811
-0.00011599999999999999,1812
-0.00011499999999999999,1813
-0.000118,1814
-0.000118,1815
-0.00011599999999999999,1816
-0.00011399999999999999,1817
-0.000118,1818
-0.000118,1819
-0.000113,1820
-0.000113,1821
-0.000113,1822
-0.00011999999999999999,1823
-0.00011999999999999999,1824
-0.000118,1825
-0.00011599999999999999,1826
-0.000118,1827
-0.00011899999999999999,1828
-0.000118,1829
-0.000118,1830
-0.000118,1831
-0.000118,1832
-0.000118,1833
-0.000117,1834
-0.000117,1835
-0.00011999999999999999,1836
-0.000117,1837
-0.00011599999999999999,1838
-0.000118,1839
-0.00011899999999999999,1840
-0.000117,1841
-0.00011599999999999999,1842
-0.000117,1843
-0.000118,1844
-0.000118,1845
-0.000117,1846
-0.000118,1847
-0.000118,1848
-0.000117,1849
-0.00011599999999999999,1850
-0.000118,1851
-0.00011599999999999999,1852
-0.00011599999999999999,1853
-0.00011599999999999999,1854
-0.00011599999999999999,1855
-0.00011899999999999999,1856
-0.000118,1857
-0.00011599999999999999,1858
-0.000118,1859
-0.000118,1860
-0.000118,1861
-0.000117,1862
-0.000117,1863
-0.000118,1864
-0.00011899999999999999,1865
-0.000117,1866
-0.000118,1867
-0.00011999999999999999,1868
-0.00011999999999999999,1869
-0.000118,1870
-0.000117,1871
-0.000118,1872
-0.000118,1873
-0.00011599999999999999,1874
-0.00011599999999999999,1875
-0.000118,1876
-0.00011899999999999999,1877
-0.000117,1878
-0.00011899999999999999,1879
-0.000117,1880
-0.00011899999999999999,1881
-0.00011899999999999999,1882
-0.00011899999999999999,1883
-0.000117,1884
-0.000117,1885
-0.00011599999999999999,1886
-0.000118,1887
-0.00011899999999999999,1888
-0.00011899999999999999,1889
-0.000121,1890
-0.000121,1891
-0.00011899999999999999,1892
-0.00011599999999999999,1893
-0.00011599999999999999,1894
-0.00011899999999999999,1895
-0.00011899999999999999,1896
-0.00011899999999999999,1897
-0.00011899999999999999,1898
-0.00011899999999999999,1899
-0.000118,1900
-0.000118,1901
-0.000117,1902
-0.000117,1903
-0.000117,1904
-0.000117,1905
-0.000118,1906
-0.000118,1907
-0.000118,1908
-0.00011599999999999999,1909
-0.000118,1910
-0.000118,1911
-0.000118,1912
-0.00011999999999999999,1913
-0.000118,1914
-0.00011599999999999999,1915
-0.00011599999999999999,1916
-0.000117,1917
-0.00011599999999999999,1918
-0.00011599999999999999,1919
-0.00011599999999999999,1920
-0.000118,1921
-0.00011399999999999999,1922
-0.00011399999999999999,1923
-0.00011599999999999999,1924
-0.00011899999999999999,1925
-0.000117,1926
-0.000117,1927
-0.000118,1928
-0.000113,1929
-0.000113,1930
-0.00011399999999999999,1931
-0.000117,1932
-0.00011899999999999999,1933
-0.00011599999999999999,1934
-0.00011499999999999999,1935
-0.00011599999999999999,1936
-0.000117,1937
-0.000118,1938
-0.00011499999999999999,1939
-0.000113,1940
-0.000117,1941
-0.00011599999999999999,1942
-0.00011399999999999999,1943
-0.00011499999999999999,1944
-0.000117,1945
-0.000117,1946
-0.00011499999999999999,1947
-0.00011399999999999999,1948
-0.000113,1949
-0.00011599999999999999,1950
-0.00011599999999999999,1951
-0.00011399999999999999,1952
-0.00011499999999999999,1953
-0.00011599999999999999,1954
-0.000118,1955
-0.00011899999999999999,1956
-0.00011899999999999999,1957
-0.000118,1958
-0.000113,1959
-0.000113,1960
-0.00011399999999999999,1961
-0.00011599999999999999,1962
-0.00011499999999999999,1963
-0.000117,1964
-0.000117,1965
-0.00011899999999999999,1966
-0.00011899999999999999,1967
-0.00011499999999999999,1968
-0.00011499999999999999,1969
-0.00011499999999999999,1970
-0.00011499999999999999,1971
-0.000122,1972
-0.000122,1973
-0.00011999999999999999,1974
-0.00011999999999999999,1975
-0.000121,1976
-0.000121,1977
-0.000123,1978
-0.000124,1979
-0.000123,1980
-0.00011899999999999999,1981
-0.00011899999999999999,1982
-0.000121,1983
-0.000121,1984
-0.000122,1985
-0.000123,1986
-0.000123,1987
-0.000123,1988
-0.000123,1989
-0.000123,1990
-0.000123,1991
-0.000122,1992
-0.000121,1993
-0.000122,1994
-0.000123,1995
-0.000122,1996
-0.000122,1997
-0.000122,1998
-0.000121,1999
-0.00011999999999999999,2000
-0.00011999999999999999,2001
-0.000121,2002
-0.000122,2003
-0.000122,2004
-0.000121,2005
-0.000117,2006
-0.000117,2007
-0.000122,2008
-0.000122,2009
-0.000123,2010
-0.000123,2011
-0.000121,2012
-0.000118,2013
-0.000118,2014
-0.000118,2015
-0.00011899999999999999,2016
-0.00011899999999999999,2017
-0.00011899999999999999,2018
-0.00011899999999999999,2019
-0.00011899999999999999,2020
-0.00011899999999999999,2021
-0.00011899999999999999,2022
-0.000118,2023
-0.000118,2024
-0.000118,2025
-0.00011599999999999999,2026
-0.00011499999999999999,2027
-0.00011499999999999999,2028
-0.00011499999999999999,2029
-0.00011499999999999999,2030
-0.00011399999999999999,2031
-0.00011399999999999999,2032
-0.00011399999999999999,2033
-0.00011399999999999999,2034
-0.000113,2035
-0.000113,2036
-0.00011200000000000001,2037
-0.00011399999999999999,2038
-0.00011399999999999999,2039
-0.000113,2040
-0.000113,2041
-0.000113,2042
-0.000113,2043
-0.00011200000000000001,2044
-0.00011100000000000001,2045
-0.00011100000000000001,2046
-0.00011,2047
-0.00011,2048
-0.00011,2049
-0.000109,2050
-0.000109,2051
-0.00011,2052
-0.000109,2053
-0.00010800000000000001,2054
-0.000109,2055
-0.000109,2056
-0.00010800000000000001,2057
-0.00010800000000000001,2058
-0.00010800000000000001,2059
-0.00010800000000000001,2060
-0.00010700000000000001,2061
-0.00010700000000000001,2062
-0.000106,2063
-0.000105,2064
-0.000105,2065
-0.000105,2066
-0.000105,2067
-0.00010400000000000001,2068
-0.000105,2069
-0.000105,2070
-0.00010400000000000001,2071
-0.000103,2072
-0.00010400000000000001,2073
-0.000103,2074
-0.000103,2075
-0.000102,2076
-0.00010400000000000001,2077
-0.000103,2078
-0.000103,2079
-0.000102,2080
-0.00010400000000000001,2081
-0.00010400000000000001,2082
-0.00010400000000000001,2083
-0.00010400000000000001,2084
-0.000103,2085
-0.000102,2086
-0.000102,2087
-0.000102,2088
-0.000102,2089
-0.000102,2090
-0.000102,2091
-0.000102,2092
-0.000101,2093
-0.000101,2094
-9.9e-05,2095
-9.9e-05,2096
-9.8e-05,2097
-9.8e-05,2098
-9.8e-05,2099
-9.8e-05,2100
-9.8e-05,2101
-9.9e-05,2102
-0.000101,2103
-0.000101,2104
-0.000102,2105
-0.000101,2106
-0.000101,2107
-0.000101,2108
-0.000101,2109
-0.000101,2110
-0.000101,2111
-0.000102,2112
-0.000102,2113
-0.000102,2114
-0.000102,2115
-0.000101,2116
-9.9e-05,2117
-0.000102,2118
-0.0001,2119
-0.0001,2120
-0.0001,2121
-0.0001,2122
-0.0001,2123
-9.9e-05,2124
-9.8e-05,2125
-9.8e-05,2126
-9.8e-05,2127
-9.8e-05,2128
-9.8e-05,2129
-9.8e-05,2130
-9.8e-05,2131
-9.9e-05,2132
-9.9e-05,2133
-9.9e-05,2134
-9.9e-05,2135
-9.9e-05,2136
-0.0001,2137
-0.0001,2138
-0.000101,2139
-0.000101,2140
-0.000101,2141
-0.000102,2142
-0.000101,2143
-0.000101,2144
-0.000101,2145
-0.000101,2146
-0.000101,2147
-0.000101,2148
-0.000101,2149
-0.000101,2150
-0.000101,2151
-0.000101,2152
-0.000101,2153
-0.0001,2154
-9.9e-05,2155
-9.9e-05,2156
-0.0001,2157
-0.0001,2158
-9.9e-05,2159
-9.9e-05,2160
-9.9e-05,2161
-9.9e-05,2162
-0.0001,2163
-9.9e-05,2164
-9.9e-05,2165
-0.0001,2166
-0.0001,2167
-0.000101,2168
-0.000101,2169
-0.0001,2170
-0.000101,2171
-0.000101,2172
-0.000101,2173
-0.000102,2174
-0.000102,2175
-0.000102,2176
-0.000102,2177
-0.000102,2178
-0.000102,2179
-0.000102,2180
-0.000102,2181
-0.000102,2182
-0.000101,2183
-9.8e-05,2184
-0.0001,2185
-9.9e-05,2186
-0.000662,2187
-0.001734,2188
-0.001734,2189
-0.0033130000000000004,2190
-0.00521,2191
-0.007258,2192
-0.009441,2193
-0.012097,2194
-0.015559,2195
-0.019296999999999998,2196
-0.023384000000000002,2197
-0.0279,2198
-0.038058,2199
-0.038058,2200
-0.043649,2201
-0.055836000000000004,2202
-0.055836000000000004,2203
-0.06926399999999999,2204
-0.06926399999999999,2205
-0.076431,2206
-0.08394,2207
-0.099875,2208
-0.099875,2209
-0.108267,2210
-0.125851,2211
-0.125851,2212
-0.135015,2213
-0.144452,2214
-0.15416400000000002,2215
-0.164072,2216
-0.17419,2217
-0.184525,2218
-0.195088,2219
-0.20592,2220
-0.216685,2221
-0.22719899999999998,2222
-0.23748899999999998,2223
-0.24756199999999998,2224
-0.257427,2225
-0.26709,2226
-0.276468,2227
-0.285578,2228
-0.294443,2229
-0.311089,2230
-0.311089,2231
-0.31895999999999997,2232
-0.326462,2233
-0.333565,2234
-0.34038,2235
-0.346881,2236
-0.353063,2237
-0.35891799999999996,2238
-0.369419,2239
-0.37846199999999997,2240
-0.37846199999999997,2241
-0.37846199999999997,2242
-0.382349,2243
-0.386033,2244
-0.38918600000000003,2245
-0.391533,2246
-0.393558,2247
-0.395391,2248
-0.397017,2249
-0.39932,2250
-0.39932,2251
-0.399833,2252
-0.399928,2253
-0.399928,2254
-0.399927,2255
-0.399926,2256
-0.399925,2257
-0.39992300000000003,2258
-0.399922,2259
-0.399922,2260
-0.399922,2261
-0.399922,2262
-0.39992300000000003,2263
-0.39992300000000003,2264
-0.399924,2265
-0.399926,2266
-0.399926,2267
-0.399926,2268
-0.399927,2269
-0.399927,2270
-0.399927,2271
-0.399927,2272
-0.399927,2273
-0.399928,2274
-0.399928,2275
-0.399929,2276
-0.399929,2277
-0.399928,2278
-0.399928,2279
-0.399928,2280
-0.399927,2281
-0.399927,2282
-0.399927,2283
-0.399928,2284
-0.399928,2285
-0.399928,2286
-0.399928,2287
-0.399928,2288
-0.399928,2289
-0.399925,2290
-0.399925,2291
-0.399924,2292
-0.399922,2293
-0.399922,2294
-0.399922,2295
-0.39992300000000003,2296
-0.399924,2297
-0.399924,2298
-0.399924,2299
-0.399924,2300
-0.399924,2301
-0.399924,2302
-0.399925,2303
-0.399927,2304
-0.399928,2305
-0.399929,2306
-0.399929,2307
-0.399929,2308
-0.399928,2309
-0.399927,2310
-0.399926,2311
-0.399925,2312
-0.399925,2313
-0.399926,2314
-0.399926,2315
-0.399926,2316
-0.399926,2317
-0.399926,2318
-0.399925,2319
-0.399925,2320
-0.399924,2321
-0.399924,2322
-0.399924,2323
-0.399925,2324
-0.399924,2325
-0.399924,2326
-0.39992300000000003,2327
-0.39992300000000003,2328
-0.399922,2329
-0.399922,2330
-0.39992300000000003,2331
-0.399927,2332
-0.399927,2333
-0.399927,2334
-0.399927,2335
-0.399928,2336
-0.399928,2337
-0.399928,2338
-0.399928,2339
-0.399928,2340
-0.399928,2341
-0.399928,2342
-0.399928,2343
-0.399926,2344
-0.399926,2345
-0.399925,2346
-0.399924,2347
-0.39992300000000003,2348
-0.39992300000000003,2349
-0.39992300000000003,2350
-0.399924,2351
-0.399924,2352
-0.399924,2353
-0.399926,2354
-0.399927,2355
-0.399927,2356
-0.399927,2357
-0.399926,2358
-0.399927,2359
-0.399927,2360
-0.399927,2361
-0.399928,2362
-0.399929,2363
-0.399929,2364
-0.399926,2365
-0.399926,2366
-0.399924,2367
-0.39992300000000003,2368
-0.399922,2369
-0.399922,2370
-0.39992300000000003,2371
-0.399925,2372
-0.399925,2373
-0.399925,2374
-0.399926,2375
-0.399927,2376
-0.399926,2377
-0.399926,2378
-0.399926,2379
-0.399925,2380
-0.399925,2381
-0.399925,2382
-0.399925,2383
-0.399926,2384
-0.399925,2385
-0.399924,2386
-0.39992300000000003,2387
-0.39992300000000003,2388
-0.39992300000000003,2389
-0.399924,2390
-0.399924,2391
-0.399925,2392
-0.399926,2393
-0.399925,2394
-0.399925,2395
-0.399924,2396
-0.399924,2397
-0.399925,2398
-0.399925,2399
-0.399926,2400
-0.399927,2401
-0.399927,2402
-0.399927,2403
-0.399926,2404
-0.399925,2405
-0.399925,2406
-0.399925,2407
-0.399925,2408
-0.399925,2409
-0.399926,2410
-0.399927,2411
-0.399927,2412
-0.399926,2413
-0.399926,2414
-0.399924,2415
-0.399924,2416
-0.399924,2417
-0.399924,2418
-0.399925,2419
-0.399926,2420
-0.399926,2421
-0.399927,2422
-0.399926,2423
-0.399926,2424
-0.399925,2425
-0.399925,2426
-0.399924,2427
-0.399924,2428
-0.399924,2429
-0.399925,2430
-0.399926,2431
-0.399926,2432
-0.399925,2433
-0.399925,2434
-0.399925,2435
-0.399925,2436
-0.399925,2437
-0.399926,2438
-0.399925,2439
-0.399925,2440
-0.399926,2441
-0.399926,2442
-0.399926,2443
-0.399926,2444
-0.399924,2445
-0.399924,2446
-0.39992300000000003,2447
-0.399924,2448
-0.399924,2449
-0.399925,2450
-0.399925,2451
-0.399925,2452
-0.399925,2453
-0.399926,2454
-0.399925,2455
-0.399925,2456
-0.399925,2457
-0.399926,2458
-0.399926,2459
-0.399927,2460
-0.399928,2461
-0.399927,2462
-0.399927,2463
-0.399926,2464
-0.399925,2465
-0.399925,2466
-0.399926,2467
-0.399926,2468
-0.399926,2469
-0.399925,2470
-0.399926,2471
-0.399925,2472
-0.399925,2473
-0.399925,2474
-0.399925,2475
-0.399925,2476
-0.399925,2477
-0.399924,2478
-0.399926,2479
-0.399925,2480
-0.399925,2481
-0.399924,2482
-0.399924,2483
-0.39992300000000003,2484
-0.399924,2485
-0.399924,2486
-0.399924,2487
-0.399925,2488
-0.399925,2489
-0.399924,2490
-0.399924,2491
-0.39992300000000003,2492
-0.39992300000000003,2493
-0.39992300000000003,2494
-0.39992300000000003,2495
-0.399924,2496
-0.39992300000000003,2497
-0.39992300000000003,2498
-0.39992300000000003,2499
-0.39992300000000003,2500
-0.39992300000000003,2501
-0.39992300000000003,2502
-0.399924,2503
-0.39992300000000003,2504
-0.399924,2505
-0.39992300000000003,2506
-0.39992300000000003,2507
-0.399924,2508
-0.399924,2509
-0.399924,2510
-0.399924,2511
-0.399924,2512
-0.399924,2513
-0.399924,2514
-0.399925,2515
-0.399925,2516
-0.399924,2517
-0.399924,2518
-0.399924,2519
-0.399925,2520
-0.399924,2521
-0.399924,2522
-0.399924,2523
-0.399925,2524
-0.399924,2525
-0.399925,2526
-0.399925,2527
-0.399925,2528
-0.399925,2529
-0.399925,2530
-0.399925,2531
-0.399925,2532
-0.399925,2533
-0.399925,2534
-0.399925,2535
-0.399924,2536
-0.399925,2537
-0.399926,2538
-0.399925,2539
-0.399925,2540
-0.399925,2541
-0.399925,2542
-0.399924,2543
-0.399925,2544
-0.399926,2545
-0.399926,2546
-0.399926,2547
-0.399926,2548
-0.399926,2549
-0.399925,2550
-0.399924,2551
-0.399926,2552
-0.399924,2553
-0.399925,2554
-0.399926,2555
-0.399925,2556
-0.399925,2557
-0.399925,2558
-0.399925,2559
-0.399925,2560
-0.399925,2561
-0.399925,2562
-0.399925,2563
-0.399925,2564
-0.399927,2565
-0.399926,2566
-0.399926,2567
-0.399926,2568
-0.399925,2569
-0.399925,2570
-0.399925,2571
-0.399926,2572
-0.399926,2573
-0.399925,2574
-0.399926,2575
-0.399926,2576
-0.399925,2577
-0.399927,2578
-0.399927,2579
-0.399927,2580
-0.399927,2581
-0.399926,2582
-0.399927,2583
-0.399926,2584
-0.399927,2585
-0.399927,2586
-0.399927,2587
-0.399927,2588
-0.399927,2589
-0.399927,2590
-0.399927,2591
-0.399927,2592
-0.399927,2593
-0.399927,2594
-0.399928,2595
-0.399929,2596
-0.399929,2597
-0.399929,2598
-0.399929,2599
-0.399929,2600
-0.399929,2601
-0.399929,2602
-0.399929,2603
-0.399929,2604
-0.39993,2605
-0.39993,2606
-0.399931,2607
-0.39993,2608
-0.39993,2609
-0.39993,2610
-0.39993,2611
-0.39993,2612
-0.399931,2613
-0.39993,2614
-0.399931,2615
-0.399931,2616
-0.399931,2617
-0.399931,2618
-0.399932,2619
-0.399931,2620
-0.399932,2621
-0.399932,2622
-0.399932,2623
-0.399932,2624
-0.399933,2625
-0.399934,2626
-0.399934,2627
-0.399933,2628
-0.399933,2629
-0.399933,2630
-0.399933,2631
-0.399933,2632
-0.399933,2633
-0.399933,2634
-0.399933,2635
-0.399933,2636
-0.399933,2637
-0.399932,2638
-0.399932,2639
-0.399932,2640
-0.399932,2641
-0.399931,2642
-0.399932,2643
-0.399931,2644
-0.399933,2645
-0.399932,2646
-0.399933,2647
-0.399933,2648
-0.399932,2649
-0.399931,2650
-0.399931,2651
-0.399931,2652
-0.399931,2653
-0.399931,2654
-0.399931,2655
-0.399931,2656
-0.39993,2657
-0.399929,2658
-0.399929,2659
-0.399928,2660
-0.399928,2661
-0.399929,2662
-0.399928,2663
-0.399929,2664
-0.399928,2665
-0.399928,2666
-0.399928,2667
-0.399928,2668
-0.399928,2669
-0.399928,2670
-0.399928,2671
-0.399928,2672
-0.399928,2673
-0.399928,2674
-0.399928,2675
-0.399928,2676
-0.399927,2677
-0.399927,2678
-0.399927,2679
-0.399927,2680
-0.399927,2681
-0.399928,2682
-0.399927,2683
-0.399927,2684
-0.399926,2685
-0.399926,2686
-0.399926,2687
-0.399926,2688
-0.399927,2689
-0.399927,2690
-0.399927,2691
-0.399926,2692
-0.399926,2693
-0.399926,2694
-0.399925,2695
-0.399925,2696
-0.399926,2697
-0.399925,2698
-0.399926,2699
-0.399926,2700
-0.399926,2701
-0.399925,2702
-0.399926,2703
-0.399925,2704
-0.399926,2705
-0.399926,2706
-0.399926,2707
-0.399925,2708
-0.399925,2709
-0.399925,2710
-0.399926,2711
-0.399926,2712
-0.399926,2713
-0.399925,2714
-0.399926,2715
-0.399926,2716
-0.399925,2717
-0.399926,2718
-0.399926,2719
-0.399925,2720
-0.399926,2721
-0.399926,2722
-0.399925,2723
-0.399926,2724
-0.399926,2725
-0.399925,2726
-0.399926,2727
-0.399926,2728
-0.399924,2729
-0.399924,2730
-0.39992300000000003,2731
-0.39992300000000003,2732
-0.399925,2733
-0.399926,2734
-0.399927,2735
-0.399927,2736
-0.399924,2737
-0.399922,2738
-0.399922,2739
-0.399922,2740
-0.399925,2741
-0.399925,2742
-0.399928,2743
-0.399928,2744
-0.399928,2745
-0.399927,2746
-0.399925,2747
-0.399924,2748
-0.399924,2749
-0.399924,2750
-0.399925,2751
-0.399925,2752
-0.399926,2753
-0.399927,2754
-0.399927,2755
-0.399927,2756
-0.399927,2757
-0.399926,2758
-0.399926,2759
-0.399926,2760
-0.399926,2761
-0.399927,2762
-0.399927,2763
-0.399926,2764
-0.399927,2765
-0.399925,2766
-0.399925,2767
-0.399927,2768
-0.399927,2769
-0.399924,2770
-0.399927,2771
-0.399927,2772
-0.399926,2773
-0.399927,2774
-0.399926,2775
-0.399927,2776
-0.399927,2777
-0.399927,2778
-0.399927,2779
-0.399924,2780
-0.399924,2781
-0.399925,2782
-0.399926,2783
-0.399928,2784
-0.399928,2785
-0.399928,2786
-0.399928,2787
-0.399926,2788
-0.399924,2789
-0.399852,2790
-0.399361,2791
-0.398289,2792
-0.39671100000000004,2793
-0.394816,2794
-0.392768,2795
-0.390586,2796
-0.38793,2797
-0.384468,2798
-0.38073,2799
-0.376643,2800
-0.367244,2801
-0.367244,2802
-0.356381,2803
-0.350459,2804
-0.350459,2805
-0.33762800000000004,2806
-0.33762800000000004,2807
-0.33076300000000003,2808
-0.323598,2809
-0.316087,2810
-0.308261,2811
-0.300154,2812
-0.29176199999999997,2813
-0.283088,2814
-0.274179,2815
-0.26501399999999997,2816
-0.255577,2817
-0.23595700000000003,2818
-0.22584,2819
-0.22584,2820
-0.215504,2821
-0.20494,2822
-0.194107,2823
-0.172826,2824
-0.172826,2825
-0.16253599999999999,2826
-0.15246300000000002,2827
-0.142598,2828
-0.132933,2829
-0.123555,2830
-0.105583,2831
-0.105583,2832
-0.097117,2833
-0.088939,2834
-0.081068,2835
-0.07356599999999999,2836
-0.066464,2837
-0.05965,2838
-0.053147,2839
-0.046966,2840
-0.041111,2841
-0.03567,2842
-0.030608,2843
-0.025932,2844
-0.021565,2845
-0.017677000000000002,2846
-0.013994,2847
-0.00647,2848
-0.00647,2849
-0.004638000000000001,2850
-0.004638000000000001,2851
-0.003011,2852
-0.001668,2853
-0.000708,2854
-0.000102,2855
-9.9e-05,2856
-9.9e-05,2857
-0.0001,2858
-0.0001,2859
-0.0001,2860
-9.9e-05,2861
-0.000101,2862
-0.000101,2863
-0.0001,2864
-0.0001,2865
-0.0001,2866
-0.0001,2867
-9.9e-05,2868
-0.0001,2869
-9.9e-05,2870
-0.0001,2871
-0.0001,2872
-9.9e-05,2873
-9.8e-05,2874
-9.8e-05,2875
-9.7e-05,2876
-9.8e-05,2877
-9.7e-05,2878
-9.9e-05,2879
-0.0001,2880
-0.000101,2881
-0.000101,2882
-0.000101,2883
-0.0001,2884
-0.000101,2885
-0.0001,2886
-0.0001,2887
-0.000101,2888
-0.000101,2889
-0.0001,2890
-9.9e-05,2891
-0.0001,2892
-0.0001,2893
-0.0001,2894
-0.0001,2895
-0.000105,2896
-0.000105,2897
-0.000106,2898
-0.00010400000000000001,2899
-0.00010400000000000001,2900
-0.000103,2901
-0.000101,2902
-0.0001,2903
-0.000101,2904
-0.00010400000000000001,2905
-0.000105,2906
-0.00010700000000000001,2907
-0.00010800000000000001,2908
-0.00010700000000000001,2909
-0.00010700000000000001,2910
-0.000106,2911
-0.00010400000000000001,2912
-0.000102,2913
-0.000105,2914
-0.000109,2915
-0.000109,2916
-0.00011100000000000001,2917
-0.00011,2918
-0.000109,2919
-0.00011100000000000001,2920
-0.00011200000000000001,2921
-0.00011100000000000001,2922
-0.00011200000000000001,2923
-0.00011200000000000001,2924
-0.00011399999999999999,2925
-0.00011499999999999999,2926
-0.00011499999999999999,2927
-0.00011200000000000001,2928
-0.00011100000000000001,2929
-0.00011200000000000001,2930
-0.00011100000000000001,2931
-0.00011200000000000001,2932
-0.00011399999999999999,2933
-0.00011499999999999999,2934
-0.00011399999999999999,2935
-0.00011200000000000001,2936
-0.00011200000000000001,2937
-0.00011200000000000001,2938
-0.00011200000000000001,2939
-0.00011100000000000001,2940
-0.00011100000000000001,2941
-0.00011200000000000001,2942
-0.000113,2943
-0.00011399999999999999,2944
-0.00011399999999999999,2945
-0.00011399999999999999,2946
-0.000113,2947
-0.00011100000000000001,2948
-0.00011100000000000001,2949
-0.00011,2950
-0.00011100000000000001,2951
-0.00011200000000000001,2952
-0.000113,2953
-0.00011399999999999999,2954
-0.00011399999999999999,2955
-0.00011399999999999999,2956
-0.00011100000000000001,2957
-0.00011,2958
-0.00011,2959
-0.00011,2960
-0.00011200000000000001,2961
-0.00011200000000000001,2962
-0.000113,2963
-0.00011399999999999999,2964
-0.000113,2965
-0.00011100000000000001,2966
-0.00011,2967
-0.00011,2968
-0.00011100000000000001,2969
-0.00011100000000000001,2970
-0.00011200000000000001,2971
-0.00011499999999999999,2972
-0.00011499999999999999,2973
-0.00011399999999999999,2974
-0.000113,2975
-0.00011100000000000001,2976
-0.000109,2977
-0.00010800000000000001,2978
-0.00010800000000000001,2979
-0.00010800000000000001,2980
-0.000109,2981
-0.00011100000000000001,2982
-0.00011100000000000001,2983
-0.00011100000000000001,2984
-0.00011,2985
-0.00011,2986
-0.00010800000000000001,2987
-0.000109,2988
-0.00011,2989
-0.00011,2990
-0.00011200000000000001,2991
-0.000113,2992
-0.000113,2993
-0.000113,2994
-0.00011200000000000001,2995
-0.00011,2996
-0.00011,2997
-0.00011100000000000001,2998
-0.00011100000000000001,2999
-0.00011200000000000001,3000
-0.000113,3001
-0.000113,3002
-0.000113,3003
-0.00011200000000000001,3004
-0.00011200000000000001,3005
-0.00011200000000000001,3006
-0.00011200000000000001,3007
-0.00011200000000000001,3008
-0.00011399999999999999,3009
-0.00011599999999999999,3010
-0.00011599999999999999,3011
-0.00011499999999999999,3012
-0.00011499999999999999,3013
-0.000118,3014
-0.00011499999999999999,3015
-0.00011499999999999999,3016
-0.000117,3017
-0.00011899999999999999,3018
-0.000118,3019
-0.00011499999999999999,3020
-0.00011899999999999999,3021
-0.00011899999999999999,3022
-0.000118,3023
-0.00011599999999999999,3024
-0.000121,3025
-0.000121,3026
-0.00011999999999999999,3027
-0.000117,3028
-0.000118,3029
-0.000121,3030
-0.00011999999999999999,3031
-0.00011899999999999999,3032
-0.00011899999999999999,3033
-0.000121,3034
-0.000121,3035
-0.00011899999999999999,3036
-0.00011899999999999999,3037
-0.000123,3038
-0.000122,3039
-0.00011899999999999999,3040
-0.000124,3041
-0.000124,3042
-0.000123,3043
-0.000121,3044
-0.000121,3045
-0.000121,3046
-0.000121,3047
-0.000121,3048
-0.00011899999999999999,3049
-0.000123,3050
-0.000123,3051
-0.000123,3052
-0.000121,3053
-0.000122,3054
-0.000122,3055
-0.000122,3056
-0.000121,3057
-0.000121,3058
-0.000122,3059
-0.000123,3060
-0.00011999999999999999,3061
-0.00011899999999999999,3062
-0.00011999999999999999,3063
-0.000121,3064
-0.000118,3065
-0.00011999999999999999,3066
-0.000121,3067
-0.000122,3068
-0.000122,3069
-0.00011899999999999999,3070
-0.000122,3071
-0.000122,3072
-0.000121,3073
-0.00011999999999999999,3074
-0.00011999999999999999,3075
-0.000123,3076
-0.000121,3077
-0.000118,3078
-0.00011899999999999999,3079
-0.000118,3080
-0.000118,3081
-0.000118,3082
-0.000121,3083
-0.000122,3084
-0.00011999999999999999,3085
-0.000121,3086
-0.000121,3087
-0.00011999999999999999,3088
-0.00011999999999999999,3089
-0.00011899999999999999,3090
-0.00011999999999999999,3091
-0.000121,3092
-0.00011999999999999999,3093
-0.000118,3094
-0.00011999999999999999,3095
-0.00011999999999999999,3096
-0.00011899999999999999,3097
-0.00011899999999999999,3098
-0.000121,3099
-0.000121,3100
-0.000121,3101
-0.00011899999999999999,3102
-0.000121,3103
-0.000121,3104
-0.000121,3105
-0.000121,3106
-0.000121,3107
-0.000121,3108
-0.000121,3109
-0.00011999999999999999,3110
-0.00011899999999999999,3111
-0.00011999999999999999,3112
-0.00011599999999999999,3113
-0.000117,3114
-0.000117,3115
-0.000117,3116
-0.00011999999999999999,3117
-0.000117,3118
-0.00011999999999999999,3119
-0.000121,3120
-0.000122,3121
-0.000121,3122
-0.000121,3123
-0.000121,3124
-0.000121,3125
-0.000121,3126
-0.000121,3127
-0.000122,3128
-0.00011999999999999999,3129
-0.000118,3130
-0.000118,3131
-0.000118,3132
-0.00011999999999999999,3133
-0.00011999999999999999,3134
-0.000123,3135
-0.000123,3136
-0.000123,3137
-0.000122,3138
-0.000122,3139
-0.000122,3140
-0.000125,3141
-0.000123,3142
-0.000122,3143
-0.000124,3144
-0.00011999999999999999,3145
-0.00011899999999999999,3146
-0.00011999999999999999,3147
-0.000121,3148
-0.000123,3149
-0.000123,3150
-0.000123,3151
-0.000122,3152
-0.000121,3153
-0.00011999999999999999,3154
-0.00011899999999999999,3155
-0.000121,3156
-0.000122,3157
-0.000121,3158
-0.000122,3159
-0.000123,3160
-0.00011999999999999999,3161
-0.00011999999999999999,3162
-0.00011999999999999999,3163
-0.000121,3164
-0.000122,3165
-0.000122,3166
-0.000122,3167
-0.000123,3168
-0.000122,3169
-0.000121,3170
-0.00011999999999999999,3171
-0.000122,3172
-0.000121,3173
-0.000122,3174
-0.000122,3175
-0.000123,3176
-0.000121,3177
-0.000121,3178
-0.000122,3179
-0.000123,3180
-0.000122,3181
-0.000121,3182
-0.000122,3183
-0.000121,3184
-0.00011999999999999999,3185
-0.00011899999999999999,3186
-0.00011999999999999999,3187
-0.00011999999999999999,3188
-0.000122,3189
-0.000121,3190
-0.000121,3191
-0.000122,3192
-0.000121,3193
-0.00011999999999999999,3194
-0.00011999999999999999,3195
-0.00011999999999999999,3196
-0.00011999999999999999,3197
-0.000121,3198
-0.000121,3199
-0.000121,3200
-0.00011999999999999999,3201
-0.00011999999999999999,3202
-0.00011999999999999999,3203
-0.00011999999999999999,3204
-0.00011999999999999999,3205
-0.000122,3206
-0.000121,3207
-0.000121,3208
-0.000122,3209
-0.000121,3210
-0.00011999999999999999,3211
-0.00011999999999999999,3212
-0.000121,3213
-0.000121,3214
-0.000122,3215
-0.00011999999999999999,3216
-0.000121,3217
-0.000121,3218
-0.00011899999999999999,3219
-0.000121,3220
-0.000121,3221
-0.000121,3222
-0.000121,3223
-0.00011999999999999999,3224
-0.00011999999999999999,3225
-0.00011999999999999999,3226
-0.000121,3227
-0.00011999999999999999,3228
-0.000122,3229
-0.000122,3230
-0.000122,3231
-0.000122,3232
-0.000121,3233
-0.000121,3234
-0.000122,3235
-0.000121,3236
-0.00011999999999999999,3237
-0.000121,3238
-0.000122,3239
-0.00011999999999999999,3240
-0.00011999999999999999,3241
-0.000121,3242
-0.000121,3243
-0.000122,3244
-0.00011999999999999999,3245
-0.000121,3246
-0.000121,3247
-0.000122,3248
-0.000121,3249
-0.000121,3250
-0.000122,3251
-0.00011999999999999999,3252
-0.00011999999999999999,3253
-0.00011999999999999999,3254
-0.000122,3255
-0.000121,3256
-0.00011999999999999999,3257
-0.000121,3258
-0.000121,3259
-0.000121,3260
-0.000121,3261
-0.00011999999999999999,3262
-0.000121,3263
-0.000121,3264
-0.00011999999999999999,3265
-0.00011999999999999999,3266
-0.000121,3267
-0.000121,3268
-0.000121,3269
-0.000121,3270
-0.000121,3271
-0.000122,3272
-0.000123,3273
-0.000123,3274
-0.000124,3275
-0.00011999999999999999,3276
-0.00011999999999999999,3277
-0.00011999999999999999,3278
-0.000121,3279
-0.00011999999999999999,3280
-0.000121,3281
-0.000123,3282
-0.000125,3283
-0.000124,3284
-0.000121,3285
-0.000122,3286
-0.000123,3287
-0.000118,3288
-0.00011599999999999999,3289
-0.000126,3290
-0.000126,3291
-0.00011999999999999999,3292
-0.000121,3293
-0.000124,3294
-0.00011899999999999999,3295
-0.00011899999999999999,3296
-0.00011399999999999999,3297
-0.00011999999999999999,3298
-0.000124,3299
-0.00011899999999999999,3300
-0.000117,3301
-0.000126,3302
-0.000127,3303
-0.00011899999999999999,3304
-0.00011599999999999999,3305
-0.000121,3306
-0.000123,3307
-0.000118,3308
-0.000118,3309
-0.000126,3310
-0.000125,3311
-0.00011899999999999999,3312
-0.00011899999999999999,3313
-0.000125,3314
-0.000124,3315
-0.00011899999999999999,3316
-0.00011899999999999999,3317
-0.000126,3318
-0.00011899999999999999,3319
-0.00011899999999999999,3320
-0.000118,3321
-0.000124,3322
-0.000117,3323
-0.000117,3324
-0.000125,3325
-0.000125,3326
-0.000125,3327
-0.00011999999999999999,3328
-0.00011999999999999999,3329
-0.000124,3330
-0.000124,3331
-0.00011899999999999999,3332
-0.000118,3333
-0.000123,3334
-0.000124,3335
-0.00011999999999999999,3336
-0.00011999999999999999,3337
-0.000125,3338
-0.000125,3339
-0.00011999999999999999,3340
-0.00011899999999999999,3341
-0.000123,3342
-0.000124,3343
-0.00011999999999999999,3344
-0.00011899999999999999,3345
-0.000124,3346
-0.000126,3347
-0.000126,3348
-0.00011899999999999999,3349
-0.000123,3350
-0.000123,3351
-0.000123,3352
-0.00011899999999999999,3353
-0.00011899999999999999,3354
-0.000122,3355
-0.000125,3356
-0.000121,3357
-0.000121,3358
-0.000123,3359
-0.000124,3360
-0.000121,3361
-0.000124,3362
-0.000124,3363
-0.000124,3364
-0.000122,3365
-0.000122,3366
-0.000122,3367
-0.000124,3368
-0.000122,3369
-0.00011899999999999999,3370
-0.000122,3371
-0.000121,3372
-0.00011899999999999999,3373
-0.00011899999999999999,3374
-0.000122,3375
-0.000124,3376
-0.000122,3377
-0.00011999999999999999,3378
-0.000122,3379
-0.000123,3380
-0.000122,3381
-0.00011899999999999999,3382
-0.000122,3383
-0.000123,3384
-0.000122,3385
-0.000121,3386
-0.000121,3387
-0.000123,3388
-0.000123,3389
-0.00011999999999999999,3390
-0.000122,3391
-0.000123,3392
-0.000122,3393
-0.00011999999999999999,3394
-0.000121,3395
-0.000124,3396
-0.000122,3397
-0.000121,3398
-0.000121,3399
-0.000123,3400
-0.000123,3401
-0.00011999999999999999,3402
-0.000122,3403
-0.000123,3404
-0.000121,3405
-0.00011899999999999999,3406
-0.00011899999999999999,3407
-0.000121,3408
-0.000121,3409
-0.00011899999999999999,3410
-0.000121,3411
-0.000124,3412
-0.000126,3413
-0.000123,3414
-0.000125,3415
-0.000124,3416
-0.000123,3417
-0.000121,3418
-0.000121,3419
-0.000123,3420
-0.000123,3421
-0.000124,3422
-0.000124,3423
-0.000121,3424
-0.000121,3425
-0.000121,3426
-0.000121,3427
-0.000122,3428
-0.000122,3429
-0.00011999999999999999,3430
-0.000121,3431
-0.000123,3432
-0.000125,3433
-0.000124,3434
-0.000123,3435
-0.000125,3436
-0.000122,3437
-0.00011899999999999999,3438
-0.00011899999999999999,3439
-0.000123,3440
-0.000122,3441
-0.000122,3442
-0.000122,3443
-0.000124,3444
-0.000124,3445
-0.000121,3446
-0.00011899999999999999,3447
-0.00011999999999999999,3448
-0.000121,3449
-0.000122,3450
-0.000121,3451
-0.000124,3452
-0.000123,3453
-0.000121,3454
-0.000122,3455
-0.000122,3456
-0.000121,3457
-0.000121,3458
-0.00011999999999999999,3459
-0.000124,3460
-0.000124,3461
-0.000122,3462
-0.000121,3463
-0.000122,3464
-0.00011899999999999999,3465
-0.00011899999999999999,3466
-0.000121,3467
-0.000121,3468
-0.000121,3469
-0.000121,3470
-0.000121,3471
-0.000121,3472
-0.000121,3473
-0.000121,3474
-0.00011899999999999999,3475
-0.00011999999999999999,3476
-0.000121,3477
-0.00011999999999999999,3478
-0.00011899999999999999,3479
-0.000122,3480
-0.000122,3481
-0.00011899999999999999,3482
-0.00011899999999999999,3483
-0.000122,3484
-0.000122,3485
-0.00011899999999999999,3486
-0.000121,3487
-0.000121,3488
-0.000121,3489
-0.000118,3490
-0.000118,3491
-0.000121,3492
-0.000121,3493
-0.00011999999999999999,3494
-0.00011899999999999999,3495
-0.00011999999999999999,3496
-0.000121,3497
-0.000121,3498
-0.000121,3499
-0.000121,3500
-0.000121,3501
-0.00011899999999999999,3502
-0.00011999999999999999,3503
-0.00011999999999999999,3504
-0.000121,3505
-0.000121,3506
-0.00011999999999999999,3507
-0.000123,3508
-0.000123,3509
-0.000124,3510
-0.000121,3511
-0.000118,3512
-0.00011999999999999999,3513
-0.00011899999999999999,3514
-0.000117,3515
-0.000117,3516
-0.00011899999999999999,3517
-0.000121,3518
-0.000124,3519
-0.000124,3520
-0.000122,3521
-0.000121,3522
-0.00011999999999999999,3523
-0.00011899999999999999,3524
-0.00011599999999999999,3525
-0.00011599999999999999,3526
-0.00011399999999999999,3527
-0.00011399999999999999,3528
-0.00011599999999999999,3529
-0.00011599999999999999,3530
-0.00011499999999999999,3531
-0.00011499999999999999,3532
-0.00011499999999999999,3533
-0.00011399999999999999,3534
-0.000113,3535
-0.00011399999999999999,3536
-0.00011599999999999999,3537
-0.000117,3538
-0.00011599999999999999,3539
-0.00011599999999999999,3540
-0.00011499999999999999,3541
-0.000117,3542
-0.00011499999999999999,3543
-0.00011399999999999999,3544
-0.00011499999999999999,3545
-0.00011499999999999999,3546
-0.00011599999999999999,3547
-0.00011599999999999999,3548
-0.000117,3549
-0.00011499999999999999,3550
-0.000113,3551
-0.00011200000000000001,3552
-0.000113,3553
-0.00011599999999999999,3554
-0.00011499999999999999,3555
-0.00011399999999999999,3556
-0.00011399999999999999,3557
-0.00011499999999999999,3558
-0.00011599999999999999,3559
-0.00011499999999999999,3560
-0.000113,3561
-0.00011100000000000001,3562
-0.00011100000000000001,3563
-0.000113,3564
-0.00011200000000000001,3565
-0.00011200000000000001,3566
-0.00011200000000000001,3567
-0.00011200000000000001,3568
-0.00011100000000000001,3569
-0.00011,3570
-0.000109,3571
-0.000109,3572
-0.00010800000000000001,3573
-0.000109,3574
-0.000109,3575
-0.00011,3576
-0.00011,3577
-0.00010800000000000001,3578
-0.00010800000000000001,3579
-0.00010700000000000001,3580
-0.000106,3581
-0.000105,3582
-0.000105,3583
-0.000106,3584
-0.000105,3585
-0.000105,3586
-0.00010400000000000001,3587
-0.00010400000000000001,3588
-0.000103,3589
-0.000102,3590
-0.000101,3591
-0.000101,3592
-9.9e-05,3593
-9.9e-05,3594
-0.000101,3595
-9.8e-05,3596
-9.9e-05,3597
-9.9e-05,3598
-9.8e-05,3599
-9.8e-05,3600
-9.8e-05,3601
-9.8e-05,3602
-9.7e-05,3603
-9.8e-05,3604
-9.8e-05,3605
-9.8e-05,3606
-9.6e-05,3607
-9.499999999999999e-05,3608
-9.7e-05,3609
-9.4e-05,3610
-9.4e-05,3611
-9.4e-05,3612
-9.4e-05,3613
-9.4e-05,3614
-9.4e-05,3615
-9.4e-05,3616
-9.499999999999999e-05,3617
-9.499999999999999e-05,3618
-9.300000000000001e-05,3619
-9.499999999999999e-05,3620
-9.4e-05,3621
-9.4e-05,3622
-9.2e-05,3623
-9.300000000000001e-05,3624
-9.499999999999999e-05,3625
-9.6e-05,3626
-9.6e-05,3627
-9.6e-05,3628
-9.4e-05,3629
-9.4e-05,3630
-9.4e-05,3631
-9.4e-05,3632
-9.4e-05,3633
-9.300000000000001e-05,3634
-9.300000000000001e-05,3635
-9.4e-05,3636
-9.499999999999999e-05,3637
-9.4e-05,3638
-9.4e-05,3639
-9.499999999999999e-05,3640
-9.499999999999999e-05,3641
-9.499999999999999e-05,3642
-9.499999999999999e-05,3643
-9.6e-05,3644
-9.6e-05,3645
-9.6e-05,3646
-9.6e-05,3647
-9.7e-05,3648
-9.4e-05,3649
-9.4e-05,3650
-9.499999999999999e-05,3651
-9.4e-05,3652
-9.4e-05,3653
-9.300000000000001e-05,3654
-9.300000000000001e-05,3655
-9.4e-05,3656
-9.4e-05,3657
-9.4e-05,3658
-9.1e-05,3659
-9.1e-05,3660
-9.1e-05,3661
-9.1e-05,3662
-9.1e-05,3663
-9.1e-05,3664
-9.1e-05,3665
-9.1e-05,3666
-9.1e-05,3667
-9.2e-05,3668
-9.2e-05,3669
-9.2e-05,3670
-9.2e-05,3671
-9.2e-05,3672
-9.2e-05,3673
-9.300000000000001e-05,3674
-9.300000000000001e-05,3675
-9.300000000000001e-05,3676
-9.300000000000001e-05,3677
-9.4e-05,3678
-9.4e-05,3679
-9.4e-05,3680
-9.4e-05,3681
-9.4e-05,3682
-9.4e-05,3683
-9.4e-05,3684
-9.499999999999999e-05,3685
-9.499999999999999e-05,3686
-9.499999999999999e-05,3687
-9.499999999999999e-05,3688
-9.6e-05,3689
-9.6e-05,3690
-9.6e-05,3691
-9.6e-05,3692
-9.6e-05,3693
-9.6e-05,3694
-9.6e-05,3695
-9.6e-05,3696
-9.499999999999999e-05,3697
-9.499999999999999e-05,3698
-9.300000000000001e-05,3699
-9.300000000000001e-05,3700
-9.2e-05,3701
-9.2e-05,3702
-9.2e-05,3703
-0.000165,3704
-0.000656,3705
-0.0033079999999999997,3706
-0.007254000000000001,3707
-0.007254000000000001,3708
-0.007254000000000001,3709
-0.009434999999999999,3710
-0.012089,3711
-0.023377000000000002,3712
-0.023377000000000002,3713
-0.023377000000000002,3714
-0.027894,3715
-0.032777,3716
-0.038051999999999996,3717
-0.043642,3718
-0.049563,3719
-0.05583099999999999,3720
-0.076425,3721
-0.076425,3722
-0.083935,3723
-0.083935,3724
-0.09176000000000001,3725
-0.099868,3726
-0.10826,3727
-0.116933,3728
-0.125842,3729
-0.135007,3730
-0.14444400000000002,3731
-0.154158,3732
-0.16406500000000002,3733
-0.174183,3734
-0.18452000000000002,3735
-0.19508499999999998,3736
-0.20591900000000002,3737
-0.216685,3738
-0.2272,3739
-0.23748899999999998,3740
-0.24756199999999998,3741
-0.25742600000000004,3742
-0.26708899999999997,3743
-0.276467,3744
-0.285577,3745
-0.29444000000000004,3746
-0.30290500000000004,3747
-0.311083,3748
-0.31895300000000004,3749
-0.326453,3750
-0.333554,3751
-0.340368,3752
-0.346868,3753
-0.35304800000000003,3754
-0.358902,3755
-0.364342,3756
-0.369402,3757
-0.374078,3758
-0.382331,3759
-0.382331,3760
-0.38601399999999997,3761
-0.389165,3762
-0.396995,3763
-0.396995,3764
-0.396995,3765
-0.396995,3766
-0.398337,3767
-0.399298,3768
-0.39981,3769
-0.399905,3770
-0.399905,3771
-0.399905,3772
-0.399905,3773
-0.399904,3774
-0.399903,3775
-0.399903,3776
-0.399903,3777
-0.399903,3778
-0.399904,3779
-0.399904,3780
-0.399904,3781
-0.399904,3782
-0.399904,3783
-0.399904,3784
-0.399904,3785
-0.399903,3786
-0.399903,3787
-0.399903,3788
-0.399904,3789
-0.399904,3790
-0.399905,3791
-0.399905,3792
-0.399905,3793
-0.399905,3794
-0.399904,3795
-0.399904,3796
-0.399903,3797
-0.399902,3798
-0.399901,3799
-0.399901,3800
-0.3999,3801
-0.3999,3802
-0.3999,3803
-0.3999,3804
-0.3999,3805
-0.3999,3806
-0.3999,3807
-0.399901,3808
-0.399902,3809
-0.399902,3810
-0.399903,3811
-0.399903,3812
-0.399903,3813
-0.399903,3814
-0.399902,3815
-0.399902,3816
-0.399902,3817
-0.399902,3818
-0.399902,3819
-0.399903,3820
-0.399903,3821
-0.399903,3822
-0.399903,3823
-0.399902,3824
-0.399902,3825
-0.399901,3826
-0.399902,3827
-0.399902,3828
-0.399902,3829
-0.399903,3830
-0.399904,3831
-0.399904,3832
-0.399905,3833
-0.399905,3834
-0.399905,3835
-0.399904,3836
-0.399904,3837
-0.399903,3838
-0.399902,3839
-0.399902,3840
-0.399902,3841
-0.399901,3842
-0.3999,3843
-0.3999,3844
-0.3999,3845
-0.3999,3846
-0.399901,3847
-0.399902,3848
-0.399902,3849
-0.399903,3850
-0.399903,3851
-0.399903,3852
-0.399902,3853
-0.399902,3854
-0.399902,3855
-0.399902,3856
-0.399902,3857
-0.399903,3858
-0.399903,3859
-0.399903,3860
-0.399903,3861
-0.399902,3862
-0.399902,3863
-0.399903,3864
-0.399903,3865
-0.399903,3866
-0.399904,3867
-0.399906,3868
-0.399906,3869
-0.399906,3870
-0.399906,3871
-0.399905,3872
-0.399903,3873
-0.399901,3874
-0.399901,3875
-0.3999,3876
-0.3999,3877
-0.399901,3878
-0.399901,3879
-0.399901,3880
-0.399901,3881
-0.399901,3882
-0.3999,3883
-0.3999,3884
-0.3999,3885
-0.399902,3886
-0.399903,3887
-0.399903,3888
-0.399903,3889
-0.399904,3890
-0.399904,3891
-0.399904,3892
-0.399905,3893
-0.399905,3894
-0.399905,3895
-0.399905,3896
-0.399905,3897
-0.399905,3898
-0.399905,3899
-0.399904,3900
-0.399905,3901
-0.399903,3902
-0.399903,3903
-0.399903,3904
-0.399901,3905
-0.3999,3906
-0.3999,3907
-0.3999,3908
-0.399901,3909
-0.399901,3910
-0.399901,3911
-0.399901,3912
-0.399902,3913
-0.399902,3914
-0.399904,3915
-0.399904,3916
-0.399904,3917
-0.399904,3918
-0.399903,3919
-0.399903,3920
-0.399903,3921
-0.399903,3922
-0.399903,3923
-0.399903,3924
-0.399903,3925
-0.399903,3926
-0.399902,3927
-0.399903,3928
-0.399903,3929
-0.399902,3930
-0.399902,3931
-0.399902,3932
-0.399902,3933
-0.399902,3934
-0.399903,3935
-0.399903,3936
-0.399903,3937
-0.399903,3938
-0.399903,3939
-0.399903,3940
-0.399902,3941
-0.399902,3942
-0.399903,3943
-0.399903,3944
-0.399903,3945
-0.399903,3946
-0.399902,3947
-0.399902,3948
-0.399902,3949
-0.399902,3950
-0.399903,3951
-0.399903,3952
-0.399903,3953
-0.399904,3954
-0.399904,3955
-0.399904,3956
-0.399903,3957
-0.399903,3958
-0.399903,3959
-0.399902,3960
-0.399902,3961
-0.399902,3962
-0.399901,3963
-0.399902,3964
-0.399903,3965
-0.399902,3966
-0.399903,3967
-0.399903,3968
-0.399902,3969
-0.399902,3970
-0.399902,3971
-0.399902,3972
-0.399903,3973
-0.399904,3974
-0.399903,3975
-0.399899,3976
-0.3999,3977
-0.3999,3978
-0.3999,3979
-0.3999,3980
-0.399901,3981
-0.399902,3982
-0.399903,3983
-0.399903,3984
-0.399903,3985
-0.399902,3986
-0.399902,3987
-0.399903,3988
-0.399903,3989
-0.399903,3990
-0.399903,3991
-0.399903,3992
-0.399903,3993
-0.399902,3994
-0.399902,3995
-0.399901,3996
-0.399902,3997
-0.399901,3998
-0.399901,3999
-0.399902,4000
-0.399902,4001
-0.399903,4002
-0.399903,4003
-0.399903,4004
-0.399902,4005
-0.399902,4006
-0.399903,4007
-0.399903,4008
-0.399904,4009
-0.399902,4010
-0.399902,4011
-0.3999,4012
-0.3999,4013
-0.3999,4014
-0.3999,4015
-0.3999,4016
-0.399901,4017
-0.3999,4018
-0.399901,4019
-0.399901,4020
-0.3999,4021
-0.399902,4022
-0.399902,4023
-0.399902,4024
-0.399901,4025
-0.399901,4026
-0.399901,4027
-0.399901,4028
-0.399901,4029
-0.399902,4030
-0.399902,4031
-0.399902,4032
-0.399901,4033
-0.399901,4034
-0.399901,4035
-0.399901,4036
-0.399901,4037
-0.399902,4038
-0.399902,4039
-0.399902,4040
-0.399902,4041
-0.399902,4042
-0.399902,4043
-0.399902,4044
-0.399902,4045
-0.399902,4046
-0.399903,4047
-0.399903,4048
-0.399902,4049
-0.399902,4050
-0.399901,4051
-0.399902,4052
-0.399902,4053
-0.399902,4054
-0.399902,4055
-0.399901,4056
-0.399901,4057
-0.399902,4058
-0.399903,4059
-0.399903,4060
-0.399903,4061
-0.399903,4062
-0.399903,4063
-0.399902,4064
-0.399902,4065
-0.399903,4066
-0.399902,4067
-0.399902,4068
-0.399903,4069
-0.399902,4070
-0.399902,4071
-0.399902,4072
-0.399902,4073
-0.399903,4074
-0.399904,4075
-0.399904,4076
-0.399903,4077
-0.399902,4078
-0.399903,4079
-0.399903,4080
-0.399901,4081
-0.399903,4082
-0.399903,4083
-0.399903,4084
-0.399903,4085
-0.399902,4086
-0.399902,4087
-0.399902,4088
-0.399903,4089
-0.399904,4090
-0.399903,4091
-0.399904,4092
-0.399903,4093
-0.399903,4094
-0.399903,4095
-0.399903,4096
-0.399903,4097
-0.399903,4098
-0.399903,4099
-0.399903,4100
-0.399903,4101
-0.399903,4102
-0.399903,4103
-0.399903,4104
-0.399902,4105
-0.399902,4106
-0.399902,4107
-0.399902,4108
-0.399903,4109
-0.399903,4110
-0.399903,4111
-0.399903,4112
-0.399903,4113
-0.399902,4114
-0.399902,4115
-0.399901,4116
-0.399902,4117
-0.399902,4118
-0.399903,4119
-0.399903,4120
-0.399903,4121
-0.399902,4122
-0.399902,4123
-0.399901,4124
-0.399901,4125
-0.399901,4126
-0.399902,4127
-0.399902,4128
-0.399902,4129
-0.399902,4130
-0.399902,4131
-0.399901,4132
-0.399901,4133
-0.399901,4134
-0.399901,4135
-0.399901,4136
-0.399901,4137
-0.399901,4138
-0.399901,4139
-0.399902,4140
-0.399902,4141
-0.399902,4142
-0.399902,4143
-0.399902,4144
-0.399902,4145
-0.399902,4146
-0.399902,4147
-0.399902,4148
-0.399902,4149
-0.399902,4150
-0.399901,4151
-0.3999,4152
-0.399899,4153
-0.399899,4154
-0.399899,4155
-0.399899,4156
-0.399899,4157
-0.399899,4158
-0.399898,4159
-0.399898,4160
-0.399898,4161
-0.399898,4162
-0.399899,4163
-0.399899,4164
-0.399899,4165
-0.399899,4166
-0.399899,4167
-0.399899,4168
-0.3999,4169
-0.3999,4170
-0.399899,4171
-0.3999,4172
-0.399899,4173
-0.399899,4174
-0.3999,4175
-0.3999,4176
-0.3999,4177
-0.3999,4178
-0.3999,4179
-0.3999,4180
-0.3999,4181
-0.3999,4182
-0.399901,4183
-0.399901,4184
-0.399901,4185
-0.399901,4186
-0.399901,4187
-0.399901,4188
-0.399901,4189
-0.399901,4190
-0.399902,4191
-0.399902,4192
-0.399902,4193
-0.399902,4194
-0.399901,4195
-0.399901,4196
-0.399901,4197
-0.399901,4198
-0.399903,4199
-0.399903,4200
-0.399902,4201
-0.399902,4202
-0.399901,4203
-0.399901,4204
-0.399901,4205
-0.399901,4206
-0.399902,4207
-0.399902,4208
-0.399902,4209
-0.399902,4210
-0.399902,4211
-0.399901,4212
-0.399901,4213
-0.399902,4214
-0.399902,4215
-0.399902,4216
-0.399902,4217
-0.399902,4218
-0.399902,4219
-0.399902,4220
-0.399902,4221
-0.399902,4222
-0.399902,4223
-0.399902,4224
-0.399903,4225
-0.399903,4226
-0.399904,4227
-0.399904,4228
-0.399902,4229
-0.3999,4230
-0.3999,4231
-0.399901,4232
-0.399904,4233
-0.399904,4234
-0.399906,4235
-0.399906,4236
-0.399899,4237
-0.3999,4238
-0.399901,4239
-0.399901,4240
-0.399903,4241
-0.399904,4242
-0.399904,4243
-0.399904,4244
-0.399904,4245
-0.399902,4246
-0.399902,4247
-0.399902,4248
-0.3999,4249
-0.399899,4250
-0.399901,4251
-0.3999,4252
-0.399903,4253
-0.399904,4254
-0.399905,4255
-0.399907,4256
-0.399904,4257
-0.399904,4258
-0.399903,4259
-0.399902,4260
-0.399901,4261
-0.399901,4262
-0.399901,4263
-0.399905,4264
-0.399905,4265
-0.399905,4266
-0.399905,4267
-0.399906,4268
-0.399906,4269
-0.399902,4270
-0.399902,4271
-0.399903,4272
-0.399903,4273
-0.399905,4274
-0.399903,4275
-0.399903,4276
-0.399903,4277
-0.399903,4278
-0.399905,4279
-0.399905,4280
-0.399905,4281
-0.399902,4282
-0.399902,4283
-0.399902,4284
-0.399901,4285
-0.399901,4286
-0.399901,4287
-0.39983,4288
-0.399339,4289
-0.398266,4290
-0.396688,4291
-0.39479000000000003,4292
-0.39274000000000003,4293
-0.390558,4294
-0.387903,4295
-0.384441,4296
-0.380704,4297
-0.376616,4298
-0.36194499999999996,4299
-0.36194499999999996,4300
-0.36194499999999996,4301
-0.350433,4302
-0.33760100000000004,4303
-0.33760100000000004,4304
-0.33760100000000004,4305
-0.33073600000000003,4306
-0.323569,4307
-0.31605900000000003,4308
-0.300126,4309
-0.300126,4310
-0.29173499999999997,4311
-0.283061,4312
-0.27415300000000004,4313
-0.264986,4314
-0.25555,4315
-0.245836,4316
-0.23592800000000003,4317
-0.22580999999999998,4318
-0.20490999999999998,4319
-0.194076,4320
-0.194076,4321
-0.18331,4322
-0.172795,4323
-0.16250499999999998,4324
-0.15243199999999998,4325
-0.123526,4326
-0.123526,4327
-0.123526,4328
-0.114417,4329
-0.105554,4330
-0.09709,4331
-0.088912,4332
-0.08104199999999999,4333
-0.06644,4334
-0.059626,4335
-0.053125,4336
-0.053125,4337
-0.046944,4338
-0.041089,4339
-0.03565,4340
-0.030588999999999998,4341
-0.021547999999999998,4342
-0.017662,4343
-0.017662,4344
-0.013978,4345
-0.010827,4346
-0.00848,4347
-0.006456999999999999,4348
-0.004625,4349
-0.002999,4350
-0.000698,4351
-9.1e-05,4352
-9.1e-05,4353
-9.1e-05,4354
-9.1e-05,4355
-9.1e-05,4356
-9.1e-05,4357
-9.1e-05,4358
-9e-05,4359
-9e-05,4360
-9e-05,4361
-9.1e-05,4362
-9.1e-05,4363
-9.1e-05,4364
-9.1e-05,4365
-9.1e-05,4366
-9.1e-05,4367
-9.1e-05,4368
-9.1e-05,4369
-9.1e-05,4370
-9.1e-05,4371
-9.2e-05,4372
-9.1e-05,4373
-9.1e-05,4374
-9.2e-05,4375
-9.1e-05,4376
-9.1e-05,4377
-9.1e-05,4378
-9.1e-05,4379
-9e-05,4380
-9.1e-05,4381
-9.1e-05,4382
-9e-05,4383
-9.1e-05,4384
-9.1e-05,4385
-9.2e-05,4386
-9.2e-05,4387
-9.2e-05,4388
-9.2e-05,4389
-9.2e-05,4390
-9.2e-05,4391
-9.2e-05,4392
-9.2e-05,4393
-9.2e-05,4394
-9.2e-05,4395
-9.2e-05,4396
-9.300000000000001e-05,4397
-9.300000000000001e-05,4398
-9.2e-05,4399
-9.1e-05,4400
-9.1e-05,4401
-9.2e-05,4402
-9.4e-05,4403
-9.4e-05,4404
-9.6e-05,4405
-9.7e-05,4406
-9.6e-05,4407
-9.499999999999999e-05,4408
-9.499999999999999e-05,4409
-9.6e-05,4410
-9.7e-05,4411
-9.7e-05,4412
-9.7e-05,4413
-0.000101,4414
-9.9e-05,4415
-9.9e-05,4416
-9.9e-05,4417
-9.7e-05,4418
-9.7e-05,4419
-9.7e-05,4420
-9.7e-05,4421
-9.8e-05,4422
-9.8e-05,4423
-9.9e-05,4424
-0.000101,4425
-0.000101,4426
-0.000101,4427
-0.0001,4428
-9.9e-05,4429
-9.8e-05,4430
-9.6e-05,4431
-9.6e-05,4432
-9.499999999999999e-05,4433
-9.7e-05,4434
-9.7e-05,4435
-9.7e-05,4436
-9.8e-05,4437
-9.9e-05,4438
-9.9e-05,4439
-9.9e-05,4440
-9.8e-05,4441
-9.8e-05,4442
-9.7e-05,4443
-9.7e-05,4444
-9.8e-05,4445
-9.8e-05,4446
-9.9e-05,4447
-9.8e-05,4448
-0.000101,4449
-0.000101,4450
-9.9e-05,4451
-9.9e-05,4452
-9.9e-05,4453
-9.7e-05,4454
-9.499999999999999e-05,4455
-9.7e-05,4456
-0.0001,4457
-0.0001,4458
-0.000102,4459
-0.000102,4460
-0.000102,4461
-0.000102,4462
-0.0001,4463
-9.8e-05,4464
-9.7e-05,4465
-9.9e-05,4466
-0.0001,4467
-0.0001,4468
-0.000103,4469
-0.00010400000000000001,4470
-0.000103,4471
-0.000102,4472
-0.000102,4473
-0.0001,4474
-0.0001,4475
-0.0001,4476
-0.000102,4477
-0.00010400000000000001,4478
-0.000105,4479
-0.000106,4480
-0.000106,4481
-0.00010400000000000001,4482
-0.00010700000000000001,4483
-0.000109,4484
-0.00010700000000000001,4485
-0.000106,4486
-0.000109,4487
-0.000113,4488
-0.00010800000000000001,4489
-0.00010800000000000001,4490
-0.000109,4491
-0.00011,4492
-0.00011,4493
-0.00010800000000000001,4494
-0.00011100000000000001,4495
-0.00011399999999999999,4496
-0.00011399999999999999,4497
-0.00011100000000000001,4498
-0.00011100000000000001,4499
-0.000113,4500
-0.00011200000000000001,4501
-0.00011,4502
-0.00011100000000000001,4503
-0.00011399999999999999,4504
-0.00011399999999999999,4505
-0.00011200000000000001,4506
-0.000113,4507
-0.00011499999999999999,4508
-0.000113,4509
-0.00011100000000000001,4510
-0.00011100000000000001,4511
-0.00011100000000000001,4512
-0.00011,4513
-0.00011,4514
-0.00011399999999999999,4515
-0.000118,4516
-0.000118,4517
-0.00011599999999999999,4518
-0.000117,4519
-0.00011599999999999999,4520
-0.000113,4521
-0.00011,4522
-0.00011100000000000001,4523
-0.000113,4524
-0.000113,4525
-0.00011399999999999999,4526
-0.00011599999999999999,4527
-0.00011599999999999999,4528
-0.000113,4529
-0.000113,4530
-0.00011200000000000001,4531
-0.000113,4532
-0.00011399999999999999,4533
-0.00011399999999999999,4534
-0.00011599999999999999,4535
-0.000117,4536
-0.00011599999999999999,4537
-0.000113,4538
-0.00011399999999999999,4539
-0.00011399999999999999,4540
-0.00011,4541
-0.00011,4542
-0.00011200000000000001,4543
-0.00011399999999999999,4544
-0.00011100000000000001,4545
-0.00011100000000000001,4546
-0.00011200000000000001,4547
-0.00011200000000000001,4548
-0.00011200000000000001,4549
-0.00011,4550
-0.000113,4551
-0.000113,4552
-0.00011200000000000001,4553
-0.00011100000000000001,4554
-0.000113,4555
-0.00011399999999999999,4556
-0.000113,4557
-0.00011200000000000001,4558
-0.00011499999999999999,4559
-0.00011499999999999999,4560
-0.00011399999999999999,4561
-0.00011399999999999999,4562
-0.00011399999999999999,4563
-0.00011499999999999999,4564
-0.00011499999999999999,4565
-0.00011499999999999999,4566
-0.00011399999999999999,4567
-0.00011599999999999999,4568
-0.00011499999999999999,4569
-0.000113,4570
-0.00011399999999999999,4571
-0.00011399999999999999,4572
-0.000117,4573
-0.000113,4574
-0.00011499999999999999,4575
-0.00011399999999999999,4576
-0.000118,4577
-0.00011399999999999999,4578
-0.00011399999999999999,4579
-0.00011499999999999999,4580
-0.00011599999999999999,4581
-0.00011499999999999999,4582
-0.00011499999999999999,4583
-0.000117,4584
-0.00011499999999999999,4585
-0.00011499999999999999,4586
-0.00011399999999999999,4587
-0.000117,4588
-0.00011599999999999999,4589
-0.00011499999999999999,4590
-0.00011499999999999999,4591
-0.000117,4592
-0.000117,4593
-0.00011599999999999999,4594
-0.000117,4595
-0.000117,4596
-0.00011499999999999999,4597
-0.00011499999999999999,4598
-0.000117,4599
-0.000117,4600
-0.000117,4601
-0.00011499999999999999,4602
-0.00011599999999999999,4603
-0.000117,4604
-0.000117,4605
-0.00011499999999999999,4606
-0.00011599999999999999,4607
-0.000118,4608
